Accession,ACa2022_400,ACa2022_600,ACa2022_800,ACa2022_1000,ACa2022_1250,ACa2022_300,ACa2022_250,ACa2022_200,ACa2022_100,ACa2022_75,ACa2022_25,ACa2023_400,ACa2023_600,ACa2023_800,ACa2023_1000,ACa2023_1250,ACa2023_300,ACa2023_250,ACa2023_200,ACa2023_100,ACa2023_75,ACa2023_25,GsCa2022_400,GsCa2022_600,GsCa2022_800,GsCa2022_1000,GsCa2022_1250,GsCa2022_300,GsCa2022_250,GsCa2022_200,GsCa2022_100,GsCa2022_75,GsCa2022_25,GsCa2023_400,GsCa2023_600,GsCa2023_800,GsCa2023_1000,GsCa2023_1250,GsCa2023_300,GsCa2023_250,GsCa2023_200,GsCa2023_100,GsCa2023_75,GsCa2023_25,2022_PAR_1800,2022_PAR_1100,2022_PAR_500,2022_PAR_300,2022_PAR_150,2022_PAR_50,2023_PAR_1800,2023_PAR_1100,2023_PAR_500,2023_PAR_300,2023_PAR_150,2023_PAR_50
SSA_00001,32.6672,34.1852,34.8862,35.3343,35.6764,26.7277,23.3236,19.3939,9.80485,7.3047,2.03744,33.3169,34.7637,35.4027,35.8084,36.1154,28.2691,24.4598,20.2268,10.1775,7.55667,2.12123,0.12612,0.120214,0.112265,0.104021,0.0959211,0.124645,0.130726,0.136252,0.140661,0.143168,0.140925,0.128292,0.122177,0.113966,0.105469,0.0971392,0.13355,0.138676,0.143362,0.147016,0.148827,0.146231,28.1291,26.2014,16.8779,9.53432,3.88661,-0.0870468,29.2076,27.1116,16.9381,9.58287,3.92549,-0.0611311
SSA_00003,15.895,16.4991,17.0562,17.5449,18.0775,14.9369,13.0463,10.8863,5.41722,4.11265,1.28443,13.7624,14.4064,15.0058,15.5325,16.1069,13.3802,12.3604,10.2931,5.21371,3.96287,1.23443,0.0595849,0.0588992,0.0573414,0.0555024,0.0535595,0.0579724,0.0597613,0.0615107,0.0631373,0.064635,0.0657146,0.0562488,0.0557123,0.0544287,0.0528966,0.051266,0.0553761,0.0572203,0.0590333,0.0607493,0.062336,0.0634955,13.464,12.5949,11.7138,9.99797,3.60105,-1.31098,10.7052,9.99171,9.22601,7.42567,2.3675,-1.47918
SSA_00004,35.3827,38.5504,39.801,40.6399,41.3528,28.3342,23.8842,19.3639,9.64007,7.14364,2.03488,44.6273,48.5189,48.9922,49.1034,49.0095,34.5909,28.9126,23.1275,11.3818,8.40523,2.4566,0.130045,0.124541,0.116711,0.108429,0.100175,0.132891,0.135191,0.137211,0.13865,0.139201,0.136333,0.159068,0.151885,0.141145,0.129745,0.118433,0.160706,0.162266,0.163403,0.163747,0.163347,0.159726,32.2058,30.6922,18.7412,11.0573,4.86427,-0.713735,39.9871,35.4063,19.7594,11.8597,5.40561,-0.595737
SSA_00005,33.6832,39.2615,41.3224,42.5349,43.4826,26.3525,22.2437,17.8859,8.66935,6.31328,1.71126,29.8301,33.0168,34.3537,35.2111,35.9183,23.8449,20.3959,16.579,8.09081,5.89947,1.58412,0.121319,0.116707,0.110183,0.103105,0.0958769,0.124319,0.12606,0.127066,0.126936,0.125901,0.121694,0.110509,0.105979,0.0998322,0.093359,0.086899,0.11328,0.116459,0.118611,0.119034,0.118322,0.114518,28.0861,26.9695,20.1827,12.1861,5.65291,0.212858,26.2254,25.0156,20.0073,12.1703,5.63165,0.205249
SSA_00006,11.6412,12.1014,12.5662,12.9889,13.4647,11.5193,10.9216,8.9914,4.60473,3.49673,1.10594,14.6099,15.1496,15.675,16.1523,16.6895,13.6956,11.629,9.54655,4.8455,3.66761,1.16074,0.0487681,0.048234,0.0473079,0.0462749,0.0452157,0.0477491,0.0490692,0.0503346,0.0515006,0.0525647,0.0533567,0.0518404,0.0512304,0.0501026,0.0488265,0.0475087,0.0506404,0.0518302,0.0529384,0.0539594,0.054888,0.0555547,9.48776,8.87463,8.21198,6.79573,3.11519,-0.797638,11.0513,10.358,9.6,7.9543,3.33051,-0.589471
SSA_00007,19.5527,19.9072,20.1881,20.4311,20.6928,17.1088,14.9151,12.1325,6.19286,4.7253,1.53071,22.505,22.9752,23.2947,23.5718,23.8691,18.706,15.961,13.09,6.65581,5.06477,1.6389,0.0656767,0.0654711,0.0637775,0.0615332,0.0590399,0.0644083,0.0663698,0.0683111,0.0701821,0.0719762,0.0734975,0.0702128,0.07004,0.0681167,0.0655417,0.0626691,0.0701703,0.0720701,0.0739159,0.075695,0.0773976,0.078819,16.9673,15.7664,14.3947,10.3833,3.00394,-1.3391,17.9233,16.6575,15.1889,10.6137,3.14456,-1.31844
SSA_00008,40.5845,43.794,44.8242,45.4491,45.91,32.2681,27.1233,21.844,10.7953,7.98169,2.40246,23.6616,24.7383,25.4825,26.0563,26.5997,21.5591,19.3894,16.5543,8.67797,6.51698,1.92865,0.134238,0.127999,0.119413,0.110464,0.101642,0.138847,0.141263,0.142511,0.142714,0.142155,0.139577,0.090694,0.0869857,0.082179,0.0772506,0.0724355,0.100154,0.106693,0.112184,0.116716,0.118309,0.116576,36.2245,34.0038,21.7125,13.4979,5.60005,-0.472323,19.2532,18.0847,16.9056,10.4046,4.42723,0.158615
SSA_00009,30.6602,34.5,35.6929,36.379,36.9233,24.0278,20.3708,16.5054,8.21119,6.10093,1.78939,28.6129,31.2556,32.1642,32.714,33.1623,22.8399,19.4471,15.8159,7.89532,5.87653,1.7214,0.102338,0.0988251,0.0936197,0.0879542,0.0821968,0.103979,0.105413,0.106722,0.107629,0.108072,0.106484,0.0973256,0.093852,0.0888462,0.0834874,0.0781054,0.0992439,0.100925,0.102473,0.103631,0.104299,0.10292,24.5325,23.2389,19.333,11.5661,5.21082,-0.0883777,24.1165,22.7926,19.2772,11.5581,5.2003,-0.0926172
SSA_00010,31.4238,32.4126,33.0466,33.6036,34.1878,25.8418,21.7545,17.7078,8.92807,6.71434,2.11373,35.2421,36.8664,37.693,38.3813,39.0628,27.7684,23.2851,18.8231,9.42792,7.059,2.22237,0.0993009,0.0950297,0.0893547,0.0835337,0.0778705,0.101183,0.103209,0.104964,0.106395,0.107458,0.107154,0.107966,0.10321,0.0968196,0.0902424,0.083822,0.109306,0.11061,0.11174,0.112579,0.113112,0.112471,25.6569,24.1821,18.0064,10.7081,4.4347,0.0665727,28.6025,27.018,18.2369,10.8195,4.50674,0.102332
SSA_00013,35.8385,43.394,45.5097,46.343,46.8148,27.2577,22.7419,18.1986,8.84647,6.46942,1.73133,36.0767,43.221,45.0576,45.8031,46.2497,27.3178,22.7789,18.2271,8.86872,6.49213,1.75669,0.125852,0.122158,0.115942,0.108726,0.101078,0.127316,0.128141,0.128783,0.128816,0.12822,0.124082,0.126727,0.122835,0.116344,0.108907,0.101103,0.127226,0.128071,0.128729,0.128796,0.128242,0.124282,31.706,30.6495,18.3578,10.7664,4.50432,-0.220565,32.4394,31.2471,18.549,10.9132,4.69416,-0.188427
SSA_00018,30.3949,39.0964,42.9331,44.6948,45.7117,22.2928,18.7726,15.0714,7.15655,5.12333,1.06486,20.7245,24.7566,26.9131,28.2699,29.367,16.1396,13.8207,11.2553,5.38313,3.82371,0.624757,0.131628,0.128538,0.123224,0.116638,0.109208,0.12423,0.126613,0.128553,0.129082,0.128353,0.120972,0.0988695,0.096147,0.0920884,0.0874925,0.0826021,0.0954278,0.0980658,0.100409,0.101653,0.101628,0.0948628,25.3991,24.7418,18.5852,10.9779,3.6399,-0.544111,17.2276,16.5103,16.1467,10.2521,3.50746,-0.281035
SSA_00024,29.2528,38.2008,42.4133,44.677,46.2409,20.894,17.5407,14.0425,6.68699,4.82872,1.16882,21.4564,25.2529,27.3809,28.8167,30.0369,16.322,13.8491,11.1927,5.35405,3.84812,0.82371,0.108548,0.106246,0.102392,0.0976329,0.0922367,0.101208,0.102813,0.104068,0.104331,0.103836,0.099635,0.0868496,0.0846069,0.0812702,0.0775331,0.0735881,0.0844452,0.0862601,0.087782,0.0884671,0.0883407,0.0843337,26.0701,25.6035,19.4498,11.6305,5.2471,0.0262674,19.003,18.361,17.9414,11.1211,4.92556,-0.0946459
SSA_00033,26.7464,28.4088,29.1196,29.5869,29.9913,21.2308,18.3844,15.1658,7.61522,5.69196,1.5861,35.1227,39.1763,40.5755,41.4079,42.0667,27.7493,23.4292,18.9371,9.32538,6.8773,1.91423,0.104403,0.100907,0.0954761,0.0895622,0.0835739,0.0991689,0.102922,0.106478,0.109513,0.111856,0.111096,0.132638,0.127559,0.119957,0.111689,0.103294,0.135595,0.137421,0.1391,0.140221,0.140639,0.137341,21.4848,20.1744,18.5737,12.6244,5.33108,0.243838,28.6233,27.2439,19.7868,11.8608,5.34497,0.128481
SSA_00041,33.1169,34.8556,36.0047,36.9547,37.8938,28.5687,24.3489,20.0362,10.1185,7.49909,2.09218,34.9563,36.8388,37.9933,38.9279,39.836,29.8542,25.3887,20.8179,10.4684,7.74984,2.1784,0.131778,0.125393,0.116996,0.108384,0.0999783,0.136982,0.144168,0.149452,0.153,0.153885,0.150075,0.137424,0.130699,0.121796,0.112647,0.103709,0.142454,0.149499,0.154623,0.157911,0.158544,0.154674,27.2391,26.0199,18.0826,10.4256,4.23053,-0.035291,29.2489,27.9302,18.2801,10.5183,4.28782,-0.00902807
SSA_00050,37.1522,39.4377,40.5527,41.3891,42.1571,29.8132,25.1435,20.4209,10.1871,7.57879,2.27979,26.1737,27.3481,28.126,28.7378,29.3293,21.9165,19.2338,16.1065,8.27723,6.26275,1.8764,0.125018,0.119278,0.111532,0.103506,0.0956224,0.127763,0.130083,0.132092,0.13346,0.13402,0.132257,0.0953984,0.0916861,0.0866191,0.081337,0.0761272,0.0948905,0.0995289,0.10379,0.107466,0.110172,0.109832,30.6981,29.102,20.878,13.3706,6.02285,-0.200334,20.9758,19.7487,18.0261,11.0249,4.77038,0.310514
SSA_00062,35.4356,35.8688,36.1175,36.335,36.5506,29.7499,25.5764,21.0013,10.6744,8.09298,2.6382,46.4622,47.4758,47.2792,47.1044,46.9709,35.4237,29.631,23.7641,11.8381,8.84869,2.87219,0.110434,0.10508,0.0981232,0.0910472,0.0842126,0.114262,0.118246,0.121606,0.124229,0.126209,0.126484,0.136883,0.129809,0.12021,0.110404,0.100937,0.137821,0.138583,0.13911,0.139197,0.139127,0.138472,27.1926,25.2013,16.9665,10.0891,4.32081,0.15578,40.4617,35.0561,17.2679,10.2197,4.38769,0.187698
SSA_00067,32.1578,32.6908,33.1743,33.6174,34.0881,31.2839,28.8686,24.7032,13.0415,10.2269,3.32794,26.2328,26.7167,27.1487,27.5412,27.967,25.7453,24.6018,21.8439,11.462,9.04161,2.95253,0.138078,0.135539,0.128682,0.120421,0.111641,0.139698,0.150964,0.163197,0.175596,0.187794,0.198038,0.116545,0.114877,0.109688,0.103308,0.0964564,0.118126,0.128258,0.13919,0.150781,0.16213,0.171791,24.1945,22.623,18.7141,11.3405,4.8682,-0.526753,19.9289,18.5968,17.2637,11.2615,4.79157,-0.711565
SSA_00068,33.7277,34.7345,35.3226,35.7773,36.2042,29.3389,25.5337,21.3849,11.0072,8.36952,2.50923,29.6987,30.626,31.16,31.5652,31.944,26.2694,23.0784,19.4438,10.067,7.67169,2.29723,0.147127,0.146376,0.140039,0.13162,0.122243,0.141538,0.148055,0.154746,0.161473,0.167861,0.172351,0.128394,0.128498,0.123803,0.117125,0.109471,0.126622,0.132694,0.13898,0.145352,0.15143,0.155763,25.7303,24.1092,17.6642,9.81723,4.0951,0.0382604,23.7618,22.2486,17.6981,9.80434,4.08163,0.0312975
SSA_00070,35.9689,38.9669,40.2686,41.1483,41.9015,30.0598,25.9201,21.2662,10.5567,7.74771,2.14185,33.9963,36.421,37.5125,38.2724,38.9347,28.8836,24.9079,20.4624,10.1731,7.46385,2.0543,0.146608,0.139532,0.130037,0.120156,0.110403,0.157184,0.163514,0.16788,0.1695,0.168698,0.163341,0.139749,0.132975,0.123936,0.114579,0.105383,0.151041,0.157586,0.161969,0.163735,0.162966,0.157767,28.0999,26.578,19.8985,11.8892,5.48533,0.397192,28.6599,27.1387,19.9119,11.8963,5.49372,0.40321
SSA_00075,39.4554,43.2543,44.3939,45.0424,45.5144,30.4304,25.4906,20.5078,10.1696,7.55619,2.32047,27.3718,28.5188,29.2784,29.8987,30.5159,22.3897,19.4094,16.0879,8.20616,6.20014,1.89155,0.124576,0.119293,0.111818,0.103907,0.0960229,0.126177,0.127238,0.128108,0.128503,0.128453,0.126869,0.0943849,0.0906829,0.0856508,0.0804238,0.075285,0.0932253,0.0968941,0.100208,0.10301,0.105107,0.104879,34.2519,32.2863,18.8507,10.8854,4.67743,0.273212,21.3417,20.1129,17.7917,10.6917,4.55987,0.212929
SSA_00079,42.1049,46.2801,47.7278,48.5222,49.0514,33.371,27.9258,22.4849,10.9437,7.99059,2.16293,33.9638,36.3286,37.545,38.411,39.172,26.2958,22.6121,18.5727,9.1993,6.792,1.83108,0.165369,0.157812,0.147034,0.135569,0.124092,0.168378,0.170998,0.173099,0.173894,0.173264,0.167445,0.137082,0.130892,0.122369,0.113437,0.10458,0.128308,0.133277,0.137774,0.141067,0.142835,0.139519,35.3224,33.5404,20.2248,12.1838,5.60396,0.0848918,27.8446,26.3809,19.9935,12.0908,5.54175,0.102389
SSA_00080,41.4949,42.0887,42.5043,42.8826,43.2688,36.1181,31.5213,25.9854,13.3671,10.2766,3.34443,25.013,25.3942,25.6528,25.8819,26.1308,23.5849,21.2299,17.9178,9.40196,7.34028,2.42127,0.149901,0.146366,0.138197,0.128624,0.118604,0.150058,0.157273,0.164452,0.171487,0.178314,0.183966,0.0865635,0.0872441,0.0853597,0.0820538,0.0780035,0.0941166,0.100222,0.106635,0.113013,0.119321,0.124869,31.1682,29.1005,20.5015,12.3731,5.41041,0.535095,18.6224,17.2363,16.0471,12.1315,5.51561,0.409209
SSA_00091,37.7812,39.5622,40.1534,40.4978,40.7518,31.6522,27.1359,22.213,11.0399,8.15809,2.26373,33.2633,34.8536,35.5767,36.0487,36.4193,28.3072,24.3984,20.1241,10.0858,7.46285,2.02995,0.150171,0.14275,0.132594,0.122031,0.111659,0.155141,0.160381,0.165037,0.168371,0.169826,0.166206,0.134078,0.127859,0.119311,0.110392,0.101596,0.140502,0.145635,0.15035,0.154048,0.155879,0.152558,32.1371,29.5736,18.1473,10.4897,4.4244,-0.268488,28.8604,26.9159,17.871,10.3263,4.26894,-0.415813
SSA_00096,41.8682,44.1899,44.5947,44.7496,44.8475,33.9728,28.7612,23.2994,11.494,8.47374,2.35456,37.027,39.676,40.5372,41.0071,41.351,30.1461,25.5504,20.7648,10.2477,7.51441,1.96458,0.164648,0.156642,0.145272,0.133316,0.121527,0.167757,0.17143,0.174705,0.176986,0.177936,0.173962,0.147926,0.141194,0.131655,0.121562,0.111526,0.151684,0.154954,0.157924,0.160049,0.16079,0.156231,35.286,32.0748,18.0037,10.1445,4.3036,0.167784,31.6429,29.4419,17.4111,9.78866,4.02305,-0.0116995
SSA_00097,39.3768,42.9721,43.7257,44.0892,44.3403,30.9585,26.0363,20.9477,10.2136,7.48749,2.11159,31.5789,33.1613,33.8289,34.2791,34.6555,26.4681,22.7761,18.653,9.23739,6.82004,1.92107,0.143529,0.13704,0.127815,0.118041,0.108329,0.146446,0.148563,0.150173,0.150482,0.149816,0.145701,0.120462,0.114888,0.10741,0.0996689,0.0920784,0.124478,0.128487,0.131975,0.134136,0.134803,0.131869,32.9201,30.8505,19.9239,11.8137,4.51568,0.215537,25.2894,23.6045,19.0484,11.0317,4.82942,0.342496
SSA_00105,33.476,37.3566,38.4458,38.9815,39.321,26.7039,22.6345,18.2526,8.88083,6.48205,1.7776,33.8766,37.7305,38.7852,39.2981,39.6201,26.9967,22.8517,18.4093,8.95347,6.53731,1.8008,0.118712,0.113798,0.106962,0.0996679,0.0923466,0.122133,0.124455,0.126079,0.126257,0.125584,0.122066,0.119913,0.11489,0.107915,0.100485,0.0930394,0.123131,0.125417,0.126983,0.127116,0.126425,0.122915,28.5806,26.9199,18.1978,10.3692,4.00951,-0.63803,28.9863,27.2687,18.2657,10.4015,4.04872,-0.617961
SSA_00108,30.4717,32.1957,33.2845,34.093,34.823,24.742,21.5577,17.9767,9.13716,6.84652,1.88027,30.5437,32.2151,33.2796,34.0736,34.7915,24.8289,21.5985,18.0001,9.14237,6.84894,1.88173,0.137489,0.131811,0.123573,0.114792,0.105993,0.126631,0.132524,0.138323,0.14365,0.147891,0.147478,0.13719,0.131581,0.123383,0.114628,0.10585,0.126751,0.132657,0.13845,0.14376,0.147975,0.14755,23.7819,22.4106,18.9664,11.7074,5.24411,-0.410133,24.3885,23.0173,19.0931,11.5761,5.2382,-0.428673
SSA_00110,34.608,36.6208,37.8291,38.7521,39.6007,27.6576,23.677,19.4612,9.56763,7.02012,1.75429,33.8705,35.7633,36.9047,37.7811,38.5891,27.2341,23.2655,19.1199,9.40051,6.89678,1.71859,0.171201,0.163542,0.152439,0.140644,0.128865,0.156082,0.162876,0.169258,0.174387,0.17771,0.173024,0.167565,0.160128,0.14931,0.137816,0.12634,0.153142,0.159894,0.166207,0.171296,0.174585,0.169991,27.0608,25.554,20.0457,12.1072,5.57981,0.443578,27.6752,26.1437,20.0792,12.1103,5.58441,0.445332
SSA_00113,18.1006,18.8209,19.3658,19.8146,20.2737,17.2219,15.1505,12.8833,6.77607,5.07912,1.32917,18.8238,19.5731,20.1252,20.5746,21.0267,17.7636,15.5292,13.2034,6.89999,5.16339,1.35625,0.0847046,0.0815639,0.077362,0.0730151,0.0687516,0.0880053,0.0945864,0.0999244,0.104718,0.107591,0.105296,0.0866437,0.0833788,0.0790048,0.0744779,0.0700361,0.0900434,0.0964459,0.10175,0.106416,0.109142,0.106785,14.2511,13.2792,12.4544,10.5262,4.63309,0.155692,15.5455,14.5038,13.6471,10.7025,4.66212,0.206862
SSA_00119,32.9848,41.1987,43.1418,43.9342,44.4085,25.0785,20.9646,16.774,8.2074,6.0446,1.76598,32.7497,40.428,42.264,43.0384,43.5121,24.7424,20.7012,16.577,8.11492,5.97853,1.74627,0.104942,0.10218,0.0975101,0.0920359,0.0862026,0.106234,0.106731,0.107069,0.106952,0.106499,0.104366,0.104214,0.101382,0.0966681,0.0911987,0.0854057,0.104753,0.105375,0.105821,0.105778,0.105384,0.103319,30.1699,29.4393,19.7133,11.858,4.62719,0.117874,30.2793,29.5712,19.7326,11.8626,4.63343,0.121909
SSA_00121,21.5487,27.8157,29.9237,30.9704,31.6799,15.9321,13.4159,10.7647,5.18311,3.77293,0.992782,22.8583,31.0634,33.6658,34.7275,35.3501,16.6858,13.9961,11.1969,5.38775,3.92688,1.0574,0.0693313,0.06814,0.0661585,0.0637611,0.0611212,0.0671008,0.0680489,0.0687418,0.068875,0.0686915,0.0671498,0.0713967,0.07047,0.0686305,0.0662208,0.0634555,0.0689972,0.069822,0.0703979,0.0704402,0.0702039,0.0686871,19.3885,18.8308,16.7086,10.0023,3.44113,-0.865775,21.4278,21.1328,17.8025,10.2659,3.69723,-0.786907
SSA_00123,31.3953,34.781,36.2281,37.1528,37.9089,25.0777,21.4714,17.4898,8.54123,6.22367,1.65223,31.2895,34.7335,36.213,37.1508,37.916,25.0026,21.4656,17.5148,8.564,6.24344,1.6586,0.12075,0.115637,0.108671,0.101324,0.0939838,0.123243,0.127118,0.129898,0.130613,0.129892,0.125434,0.120624,0.115521,0.108589,0.101272,0.0939543,0.123007,0.127037,0.129992,0.130781,0.130123,0.125691,27.6401,26.4107,19.9465,12.0374,5.49107,-0.155323,26.3599,25.1105,19.8282,12.0161,5.47734,-0.151104
SSA_00126,37.2383,41.42,42.5712,43.1416,43.5269,29.8136,25.1762,20.281,9.92678,7.2691,2.02747,20.1072,21.2517,21.9384,22.4306,22.8819,18.3116,16.6156,14.3178,7.5726,5.61576,1.49595,0.138252,0.132148,0.123567,0.114451,0.105343,0.144318,0.147134,0.148519,0.14866,0.147599,0.143104,0.0887229,0.085224,0.0806595,0.0759499,0.0713256,0.0985574,0.105109,0.111004,0.11617,0.116901,0.113647,33.1002,31.3765,19.5644,11.6518,3.80281,-0.198278,15.5681,14.5473,13.5863,10.0056,4.17582,0.0622038
SSA_00128,29.9127,30.5849,30.8545,31.0667,31.2665,24.8733,21.1679,17.262,8.69189,6.56502,2.082,23.2368,23.6419,23.8504,24.0174,24.1793,20.3877,17.7277,14.6244,7.44405,5.67332,1.81421,0.0967886,0.093929,0.0890703,0.0837157,0.0782984,0.0982048,0.100491,0.102695,0.104715,0.106549,0.107668,0.0811898,0.0792609,0.0757714,0.0718586,0.0678519,0.0794918,0.0823486,0.0850947,0.0876749,0.0900789,0.0918488,23.7417,22.0434,19.2448,12.0819,5.44485,0.640236,17.7614,16.4048,15.227,11.854,5.47197,0.668947
SSA_00135,32.6467,38.6109,39.9141,40.5462,41.0003,25.1116,21.0986,16.9347,8.26667,6.06763,1.70357,27.6778,29.8046,30.4525,30.8358,31.1463,22.4152,19.1303,15.5433,7.66584,5.64779,1.58075,0.111926,0.108286,0.102568,0.0961765,0.0895859,0.113474,0.114519,0.115292,0.115298,0.114794,0.111892,0.0992619,0.0953979,0.0900112,0.084329,0.0786878,0.101815,0.104003,0.105838,0.106787,0.106852,0.104528,27.1868,25.9317,19.7478,11.9258,4.75122,0.239309,22.7366,21.3306,18.8589,11.4785,4.89872,0.297902
SSA_00138,40.5615,41.8977,42.6769,43.3142,43.9438,34.1712,29.1036,23.4774,11.8194,8.88734,2.63269,10.6327,11.2304,11.7361,12.1803,12.6721,10.3653,9.95273,8.69623,4.91312,3.7791,1.0218,0.173652,0.167933,0.1574,0.145595,0.133506,0.162273,0.167956,0.173395,0.178491,0.183021,0.185314,0.0609831,0.0612261,0.0604465,0.0590264,0.0572511,0.0633887,0.0663261,0.0697097,0.0733727,0.076815,0.0787259,36.0424,33.5965,20.8329,13.4591,5.92006,-0.129583,8.48804,7.93716,7.35413,6.36018,3.92078,-0.091433
SSA_00139,25.1009,25.8035,26.0298,26.1824,26.3246,22.107,19.3231,16.0218,8.0514,6.06361,1.76396,36.2881,37.6972,38.1827,38.5234,38.826,30.0015,25.4466,20.6637,10.1943,7.56338,2.16865,0.0930755,0.0915843,0.0876754,0.0829766,0.0779849,0.0972504,0.101773,0.106152,0.110045,0.11338,0.114494,0.13636,0.130936,0.122554,0.11354,0.104522,0.139308,0.142607,0.145698,0.148178,0.149963,0.148532,20.2902,18.8025,17.4261,13.5791,6.45059,0.566329,28.5513,26.6822,20.5725,12.4538,5.76713,0.360795
SSA_00151,32.1094,36.1524,37.4421,38.1876,38.7669,25.4682,21.5897,17.4412,8.54366,6.27701,1.78223,27.1037,28.9273,29.7133,30.2254,30.6518,22.6219,19.5156,15.9866,7.92514,5.84027,1.64896,0.111569,0.107234,0.101132,0.0945914,0.0880027,0.114776,0.116613,0.118016,0.118262,0.117833,0.114996,0.0986476,0.0946345,0.0892406,0.083618,0.0780667,0.103002,0.106103,0.108657,0.109949,0.109995,0.10762,24.9519,23.4741,19.5074,12.0492,4.42106,0.174845,22.1103,20.7181,18.4987,10.8997,4.71954,0.352739
SSA_00156,37.7835,41.1259,42.2624,42.9849,43.5833,30.3497,25.7599,20.8891,10.2723,7.55218,2.16559,29.5887,31.0987,31.7223,32.1353,32.4968,25.3058,22.3657,18.6927,9.44572,7.01686,2.01546,0.136198,0.129952,0.121362,0.112362,0.103454,0.140877,0.144127,0.146522,0.147167,0.146622,0.142986,0.112739,0.107632,0.100832,0.0937986,0.0869059,0.117676,0.124347,0.129967,0.133613,0.134795,0.132167,31.4089,29.7399,20.486,12.3443,5.79055,0.143357,21.7796,20.3051,18.7969,12.4596,5.7687,0.162952
SSA_00160,26.8799,35.5691,38.8489,40.226,41.0435,19.2252,16.1407,12.9323,6.16755,4.43225,0.993611,16.7422,19.17,20.623,21.6588,22.5977,13.1097,11.1886,9.08932,4.30202,3.00868,0.385403,0.0969403,0.0953821,0.0922437,0.0881412,0.0834187,0.0905575,0.0919286,0.0930581,0.0935107,0.0932896,0.0895596,0.0704795,0.0692056,0.0670387,0.0645438,0.0618833,0.0695194,0.0712121,0.0726924,0.0735454,0.0736101,0.0692722,24.7338,24.25,18.4898,10.5588,4.26122,-0.378843,14.7261,14.1672,13.675,9.09546,2.95057,-1.42423
SSA_00173,35.3925,42.7986,45.348,46.4996,47.164,26.9428,22.481,17.9703,8.6752,6.31559,1.68785,35.3358,42.7662,45.3055,46.4422,47.0949,26.988,22.5113,17.9911,8.68461,6.32212,1.69034,0.12881,0.12461,0.118103,0.110706,0.102902,0.129759,0.130709,0.131334,0.131076,0.130057,0.125484,0.128384,0.124259,0.117815,0.110465,0.102699,0.130003,0.130923,0.131519,0.131242,0.130207,0.125624,31.7703,30.9998,19.5252,11.6416,5.21597,0.132257,31.925,31.1367,19.5375,11.6509,5.22196,0.134193
SSA_00178,36.467,37.7757,38.6134,39.2926,39.9454,29.9205,25.4096,20.9255,10.6043,7.97477,2.31345,24.3968,25.1328,25.7968,26.3734,26.968,22.2729,19.0621,16.0358,8.35129,6.34235,1.80603,0.155559,0.148247,0.137929,0.127131,0.116486,0.142671,0.148495,0.153994,0.159044,0.163193,0.163737,0.111989,0.107534,0.101178,0.0944805,0.0878438,0.105229,0.111053,0.116606,0.122027,0.126726,0.128151,30.8783,29.0146,18.5005,10.8144,4.57569,0.179219,19.3873,18.1255,16.999,10.5674,4.42713,0.0801361
SSA_00179,25.5193,26.4977,27.3023,28.0236,28.8245,22.077,19.071,15.3969,7.77705,5.82771,1.73429,29.3241,30.7047,31.6451,32.4674,33.3413,24.2869,20.3131,16.4925,8.24823,6.14289,1.834,0.087505,0.0841362,0.0796549,0.0750458,0.0705498,0.0891921,0.092945,0.0957256,0.0977032,0.0988869,0.0979063,0.0961583,0.0922236,0.0869768,0.0815817,0.0763153,0.0985911,0.10089,0.10259,0.103685,0.104132,0.102818,21.654,20.6597,17.9367,10.6289,4.25735,-0.748595,24.8607,23.8018,18.2814,10.792,4.37143,-0.580616
SSA_00186,30.0869,31.1027,31.8403,32.4505,33.045,26.507,22.9812,19.3317,9.90784,7.44514,2.06392,35.7444,37.115,38.0211,38.7602,39.4698,30.1982,25.9683,21.5826,10.9115,8.15096,2.26388,0.137177,0.130546,0.121641,0.112448,0.103454,0.131818,0.140066,0.147833,0.154806,0.159963,0.158744,0.158308,0.150316,0.139535,0.128401,0.117506,0.151163,0.159256,0.166752,0.17317,0.177615,0.17538,24.0186,22.4747,19.5041,13.0771,5.62359,0.188748,28.6023,26.8992,21.0528,12.0536,5.52607,0.129656
SSA_00187,32.3242,32.6301,32.884,33.1186,33.3621,31.6912,29.8075,26.0001,14.0753,11.2028,3.80706,26.4408,26.6669,26.8512,27.0197,27.1971,26.0774,25.4507,22.9983,12.6408,10.1459,3.46893,0.121957,0.116863,0.109432,0.101575,0.0938016,0.13086,0.144762,0.159351,0.173855,0.187693,0.198927,0.10471,0.100716,0.094825,0.0885719,0.0823697,0.112671,0.12566,0.139482,0.153797,0.167497,0.178807,23.0003,21.2864,18.7885,11.7628,5.29842,0.584517,20.8758,19.2917,17.755,11.7638,5.31145,0.596932
SSA_00197,39.8707,40.6904,41.1356,41.5246,41.9138,32.6025,27.6413,22.5032,11.3409,8.54629,2.74729,26.5093,26.8654,27.1356,27.3717,27.6193,24.3901,21.8711,18.2764,9.47726,7.29865,2.38244,0.124749,0.118532,0.11034,0.101976,0.093875,0.127956,0.131081,0.133732,0.135784,0.137293,0.137127,0.0893025,0.0860819,0.0814671,0.076608,0.0718207,0.0943086,0.100438,0.106197,0.111066,0.11512,0.117241,28.8539,26.9166,21.0112,13.9941,5.95084,0.661688,20.961,19.4267,18.3685,12.6583,5.78481,0.78212
SSA_00204,26.2434,28.6467,29.5542,30.1084,30.5521,21.2669,18.1543,14.7404,7.21082,5.28036,1.42934,27.7637,30.9402,32.0137,32.6415,33.1322,22.1524,18.8092,15.2066,7.40995,5.42015,1.47123,0.0960764,0.0924759,0.0874954,0.0822209,0.0769527,0.0986338,0.100704,0.102422,0.10313,0.102987,0.100263,0.100089,0.096393,0.0911997,0.0856456,0.0800578,0.102383,0.104107,0.105501,0.105877,0.105561,0.10266,22.2145,20.9085,18.5643,11.0212,4.77576,0.336338,23.0628,21.7799,18.8902,11.0343,4.75283,0.332635
SSA_00209,23.8706,24.6094,24.953,25.2016,25.4357,19.782,17.1632,14.1888,7.23471,5.49669,1.71486,32.4536,33.9262,34.5228,34.934,35.2887,26.1879,22.2061,18.0327,9.04159,6.78114,2.10177,0.080464,0.0787693,0.0754806,0.0717239,0.0678313,0.0794154,0.0821404,0.0847839,0.0872548,0.0894924,0.0908454,0.105547,0.101617,0.0957903,0.0895753,0.0833718,0.107706,0.109328,0.110894,0.112284,0.113449,0.113636,18.8209,17.5045,16.0728,10.6958,4.64065,0.256179,25.8921,24.2588,18.5646,10.8441,4.71904,0.319373
SSA_00216,25.2627,27.208,27.7098,27.9876,28.2099,21.1886,18.1115,14.5624,6.98887,5.05563,1.30085,28.2537,32.0678,32.8603,33.2654,33.5742,22.4747,18.8908,15.0813,7.2072,5.21061,1.34836,0.0964437,0.092606,0.0873552,0.0818529,0.0764204,0.103431,0.105889,0.106736,0.106489,0.105394,0.101382,0.104241,0.100414,0.0948414,0.0888316,0.0827847,0.108538,0.109586,0.109956,0.109413,0.108171,0.103992,20.9769,19.5999,18.359,12.6161,5.90695,0.460684,23.4031,22.0596,20.1047,12.5599,5.89088,0.475077
SSA_00222,34.9375,39.9579,41.7818,42.8964,43.7561,26.9201,22.5165,18.0741,8.85963,6.52432,1.87644,38.6591,47.8462,49.4231,49.9132,50.1841,29.1219,24.3033,19.4391,9.49997,6.99041,2.02871,0.118849,0.11453,0.108139,0.101193,0.094111,0.120527,0.121519,0.122305,0.122516,0.122187,0.119476,0.129245,0.125552,0.118987,0.111298,0.103184,0.129619,0.130305,0.130794,0.130695,0.130101,0.127116,31.9936,31.0041,19.9236,11.9437,5.40737,0.0553501,34.6065,33.6671,20.1296,12.0961,5.48744,0.124563
SSA_00227,34.8244,36.5615,37.1436,37.5373,37.8784,28.5451,24.2594,19.7181,9.77666,7.25357,2.11498,26.4742,27.2427,27.5477,27.7665,27.971,23.3671,20.4895,17.0595,8.63964,6.50402,1.91032,0.126604,0.120905,0.11296,0.104657,0.0964808,0.130674,0.133762,0.136459,0.13825,0.139048,0.136711,0.100165,0.0964651,0.0910048,0.085198,0.079426,0.104413,0.109739,0.114614,0.118577,0.121463,0.120751,27.4286,25.6644,20.382,12.32,5.68171,0.475599,20.1683,18.6954,17.392,12.5815,5.59077,0.671063
SSA_00229,31.3849,33.2689,34.113,34.6518,35.0807,23.5916,20.2007,16.5311,8.23293,6.1364,1.73116,39.8766,42.0113,42.4589,42.6696,42.8147,32.2741,27.1419,21.8897,10.7617,7.95871,2.26846,0.12129,0.11718,0.110531,0.103213,0.0957518,0.108433,0.111673,0.114804,0.117579,0.119862,0.120112,0.151166,0.144901,0.135232,0.124809,0.114372,0.154145,0.156569,0.158821,0.160594,0.16178,0.159649,27.7623,26.148,18.1364,10.1883,4.31236,0.156333,34.6196,31.6891,18.3406,10.3568,4.44665,0.243258
SSA_00235,30.343,31.1391,31.7416,32.241,32.7195,27.4529,23.5924,19.8465,10.3187,7.84873,2.27742,36.1354,36.8649,37.3054,37.6501,37.9644,32.3161,27.8296,23.1194,11.848,8.98781,2.64527,0.138663,0.134665,0.127052,0.118417,0.109499,0.132817,0.140539,0.148181,0.155805,0.16267,0.166267,0.160462,0.155423,0.145921,0.135191,0.124162,0.154571,0.163326,0.171876,0.180149,0.187549,0.191468,25.0074,23.4716,17.4717,10.2569,4.13168,-0.637193,31.2064,28.7546,17.7529,10.4463,4.35402,-0.4268
SSA_00238,29.8084,33.6805,35.4782,36.6263,37.5474,23.5272,20.0966,16.3631,7.96903,5.76,1.32796,21.9115,23.6527,24.7096,25.4829,26.1864,18.6032,16.1602,13.426,6.68731,4.83086,1.00769,0.125477,0.120348,0.113301,0.105795,0.0982129,0.126403,0.13032,0.133238,0.134044,0.133226,0.126945,0.100121,0.096113,0.0907905,0.08525,0.0797593,0.104787,0.109365,0.113127,0.115258,0.115026,0.109186,25.7695,24.7559,18.3867,10.8594,4.06963,-0.141121,18.5399,17.5673,16.4413,9.99669,4.01193,-0.647706
SSA_00239,38.6092,39.5709,40.0392,40.387,40.6923,32.6164,28.228,23.4279,11.9088,9.00924,2.66698,37.0785,38.002,38.4839,38.8497,39.1744,31.423,27.2499,22.6698,11.5501,8.74874,2.58994,0.160821,0.154819,0.144767,0.13373,0.122558,0.154389,0.161808,0.16912,0.176,0.182054,0.18474,0.154607,0.149024,0.13956,0.129134,0.118556,0.148028,0.155392,0.162672,0.16956,0.175652,0.178465,30.1125,27.9522,18.5525,10.9721,4.62409,-0.664282,28.9102,26.9099,18.5416,10.9625,4.60076,-0.688476
SSA_00240,35.1361,35.8616,36.4505,36.9836,37.5537,30.4708,26.6589,21.889,11.2692,8.65812,2.81395,41.8101,42.6122,43.21,43.7473,44.3083,35.3457,30.6129,25.0268,12.7546,9.73521,3.14578,0.12409,0.120745,0.114215,0.106784,0.0991122,0.123241,0.128792,0.134292,0.13962,0.144741,0.148825,0.150758,0.14486,0.135435,0.125235,0.115004,0.146916,0.152313,0.157671,0.16275,0.167549,0.171162,26.1457,24.5517,20.519,12.8892,5.6686,0.631592,34.2901,32.4316,21.1935,14.2228,6.32078,0.613698
SSA_00241,29.2369,37.7261,39.0279,39.5772,39.9275,21.9877,18.3783,14.723,7.30524,5.44538,1.72628,24.7223,25.6294,25.971,26.2103,26.4289,19.7482,16.7733,13.6061,6.82668,5.12614,1.62824,0.0826266,0.0810839,0.0780597,0.0743977,0.0704483,0.0830216,0.0833259,0.083566,0.0836483,0.0836231,0.0831077,0.0742931,0.0718933,0.0685515,0.0650542,0.0616065,0.0750412,0.0762204,0.0772599,0.0780813,0.0786992,0.0786451,28.0176,27.5427,19.8958,10.9351,4.69118,0.328476,19.4109,18.0234,16.2482,10.742,4.74251,0.312756
SSA_00254,34.0482,36.3601,37.2999,37.8924,38.3633,27.6638,23.5487,19.1949,9.55025,7.07552,1.99496,29.3157,30.9993,31.828,32.3918,32.8696,23.1682,20.125,16.6594,8.40952,6.29417,1.76753,0.127315,0.121762,0.114008,0.105841,0.0977296,0.130364,0.133136,0.135709,0.137664,0.13869,0.136183,0.112847,0.108201,0.101714,0.094882,0.0880959,0.106275,0.110663,0.114777,0.118258,0.120787,0.119709,28.288,26.6528,18.4674,10.5784,4.55305,0.146746,23.3206,21.9059,17.9633,10.4805,4.46955,0.0461613
SSA_00262,33.3958,35.1688,36.0495,36.6625,37.1837,26.8301,23.2201,19.1918,9.58614,7.11256,1.92665,33.8274,35.7053,36.6332,37.2755,37.8207,27.0646,23.4472,19.3836,9.68476,7.18789,1.94882,0.143024,0.136474,0.127329,0.117729,0.108223,0.136197,0.142572,0.148447,0.153098,0.155979,0.152938,0.144781,0.138131,0.128857,0.119119,0.109469,0.137444,0.143868,0.149808,0.154513,0.157452,0.154404,27.4499,25.8198,18.9683,10.9129,4.71578,-0.114859,26.8072,25.2201,18.9158,10.9177,4.71801,-0.13466
SSA_00271,23.9532,33.8656,34.9131,35.3308,35.618,17.9866,15.0133,12.0167,5.98617,4.47617,1.45727,24.0322,36.0992,48.0692,49.5421,49.2108,18.0388,15.0459,12.036,5.99423,4.48246,1.46197,0.0645946,0.0640433,0.0624442,0.0603257,0.0579475,0.0647481,0.064867,0.0649344,0.0649238,0.0648945,0.0647233,0.0645562,0.0647748,0.064852,0.0637895,0.0618427,0.0647976,0.0648944,0.0649416,0.0649241,0.0648896,0.0647252,23.0789,22.4807,19.28,10.4143,4.53239,0.246267,23.7883,24.0145,20.754,12.4824,5.72947,-0.319954
SSA_00275,33.8059,35.3373,36.2138,36.9058,37.5629,28.2273,24.2343,20.028,10.0969,7.52333,2.16477,35.0886,36.823,37.7896,38.5425,39.2489,29.7843,25.3714,20.8546,10.47,7.77589,2.23812,0.130726,0.12444,0.116055,0.107421,0.0989834,0.132102,0.138182,0.143327,0.147124,0.148964,0.146336,0.134823,0.128302,0.11959,0.11061,0.101823,0.140903,0.146076,0.150409,0.15349,0.154683,0.151676,27.8502,26.2971,20.3026,12.4095,5.18068,0.233887,27.8219,26.2679,20.249,12.5763,5.10872,0.249089
SSA_00279,39.6816,40.8446,41.6739,42.3583,43.0305,35.7062,31.8976,26.727,13.3499,10.0776,2.99417,33.8337,35.0239,36.0797,37.0098,38.001,31.8549,28.8082,24.8058,12.3759,9.41063,2.79821,0.168277,0.159342,0.147432,0.135202,0.123298,0.171307,0.183281,0.195352,0.204901,0.211106,0.210022,0.147181,0.139786,0.130008,0.119971,0.110193,0.148751,0.16163,0.174756,0.185971,0.193526,0.19357,33.6112,32.0759,19.6681,11.8186,4.93333,-0.767754,27.2011,26.2418,19.4551,11.7044,4.79792,-0.904908
SSA_00286,31.7018,33.7029,34.9528,35.9331,36.8582,26.0514,22.3572,18.4824,9.33445,6.93413,1.90876,29.6613,31.4448,32.6102,33.5353,34.4162,24.8148,21.3228,17.6812,8.96917,6.6712,1.82572,0.12769,0.121769,0.113902,0.105777,0.0977948,0.127387,0.133174,0.138056,0.14171,0.143326,0.139924,0.120964,0.115491,0.108216,0.100701,0.093317,0.121665,0.127609,0.132614,0.136478,0.138294,0.135042,26.5875,25.3653,18.9705,10.7244,4.6515,-0.494,25.3761,24.2157,18.6476,10.8324,4.56869,-0.473854
SSA_00299,37.9085,45.9778,47.1071,47.3992,47.5356,29.0697,24.2052,19.2501,9.15544,6.59554,1.67982,36.1726,43.4095,44.8729,45.3912,45.6862,27.9891,23.3772,18.6286,8.87088,6.39033,1.6162,0.151759,0.146468,0.137739,0.127817,0.11755,0.154449,0.155276,0.155447,0.154348,0.152123,0.145012,0.145756,0.140476,0.132205,0.122898,0.113278,0.149148,0.150329,0.150732,0.149845,0.147776,0.140869,32.8129,31.7087,19.9259,11.9066,4.5319,0.168802,31.5092,30.4399,19.864,11.876,4.52486,0.172208
SSA_00304,35.3355,40.4389,41.9459,42.8272,43.5287,27.317,22.9132,18.3685,8.91349,6.51806,1.8103,32.1036,34.4446,35.3314,35.929,36.4495,25.5294,21.5497,17.3849,8.4736,6.20821,1.71863,0.1262,0.121371,0.11427,0.106561,0.0987359,0.128363,0.12959,0.130454,0.13035,0.129549,0.125716,0.117138,0.112079,0.105113,0.0978234,0.0906185,0.119584,0.121599,0.123176,0.123585,0.123185,0.119803,28.8189,27.3938,20.3509,12.2967,5.67576,0.653931,26.1492,24.5937,20.3078,12.2514,5.63876,0.619114
SSA_00312,32.1483,32.9752,33.5483,34.0106,34.4456,28.6717,25.1546,21.0958,10.7803,8.14529,2.33968,33.1009,33.9825,34.585,35.071,35.5282,29.324,25.6875,21.5158,10.9829,8.295,2.38468,0.163769,0.157816,0.147764,0.136679,0.125413,0.149778,0.157819,0.165993,0.173944,0.181071,0.184582,0.167893,0.161777,0.151418,0.139984,0.128359,0.153367,0.161515,0.169784,0.177812,0.185,0.188512,25.6261,23.8287,20.1482,12.2498,5.66239,-0.177611,25.7604,23.9558,20.1678,12.2487,5.66321,-0.17745
SSA_00359,37.2931,39.2189,40.1717,40.8578,41.4646,31.2875,26.4367,21.5936,10.855,8.09377,2.33323,23.8831,25.0431,25.8618,26.5088,27.1306,20.617,18.0707,15.2722,7.95303,6.02102,1.68469,0.142807,0.136076,0.126798,0.117127,0.107602,0.14761,0.151657,0.155256,0.158228,0.160055,0.157673,0.0990349,0.0954787,0.0903482,0.0848987,0.0794547,0.0983781,0.103819,0.109006,0.113874,0.11765,0.117127,30.9958,29.2192,17.5478,10.1878,4.2362,0.0540439,20.0372,18.9466,16.6747,9.65805,3.85902,-0.137379
SSA_00367,43.1281,45.8628,46.28,46.4009,46.4649,34.423,28.8536,23.2231,11.3701,8.35869,2.29184,15.3199,16.7966,17.6485,18.2479,18.8106,13.3127,11.9267,10.1796,5.31364,3.95313,0.879297,0.175811,0.167488,0.155313,0.142388,0.129577,0.177952,0.180863,0.183381,0.184992,0.185451,0.180375,0.0742632,0.0733496,0.0710786,0.0682863,0.0652413,0.0763405,0.0800183,0.0837642,0.0874166,0.0902064,0.0884578,36.6329,33.296,19.6847,11.604,3.10079,-0.522819,12.8351,12.1436,11.417,8.68225,3.239,-0.445546
