Row,Km1_CO2,Km2_HCO3,Km2_PEP,Km6_CO2,Km6_O2,Km7_PGA,Km10_GAP,Km12_DHAP,Km12_E4P,Km14_GAP,Ki18_Pi,Km18_ATP,Km18_Ru5P,Km33_NADP,Ki57,Vm2y22,Vm3y22,Vm4y22,Vm5y22,Vm6y22,Vm7_8y22,Jmaxy22,KaRac,tao_ActRubisco,Perm_CO2,BBslope,MRd,Vm2y23,Vm3y23,Vm4y23,Vm5y23,Vm6y23,Vm7_8y23,Jmaxy23
SSA_00001,8.85579189456937,0.0398013955228181,0.0568921021735644,0.00601598549931983,0.0763283836938796,4.08441227398678,0.0745001648675179,0.988167122536617,0.147255939647165,0.108402202541978,1.69050959086949,0.407616433304825,0.0491503639740429,0.0351754706172519,0.171627078033443,0.11148497239046,0.0384784180328146,0.140110292702974,0.156432441932894,0.0501113202691809,0.532251718931712,0.593602839713307,7.26555724188495,117.363597081532,0.376381076498041,2.99177469135497,0.990366633172845,0.193884860974026,0.0282136619046039,0.0486661314270616,0.0265289709676278,0.23043023875887,0.525021581034852,0.271132571419235
SSA_00003,6.09302480577848,0.00896497030333879,0.14653432431919,0.0139096076391716,0.296714733682205,3.37772244798918,0.0388147205931073,0.260633331253005,0.342358718991823,0.109848472176523,8.09452697367595,1.13971045849529,0.0186016395163376,0.0401474345210341,0.134272176206528,1.25022316300305,0.0402237172116661,0.0321515431273513,0.0523120210606411,0.070001071561009,0.171970437755936,0.359003484279752,51.0586360663031,391.06188078022,0.227692908493756,1.22329923127141,4.52251559651823,0.278982141321191,0.0751959516989269,0.0555630129846482,0.0182781958955425,0.0952682627940361,0.407602958586479,0.839908174980131
SSA_00004,6.89391736843735,0.0366038939654255,0.0290657926406422,0.00634492626604062,0.338352269551269,2.71498156599062,0.047198489557649,0.399902820559558,0.326100799817241,0.0783566322983351,12.3431178088989,0.753264311890468,0.0664329726014072,0.0109883047972469,0.215342351572856,0.0862342989001808,0.0453631643686199,0.239197736270416,0.048773871144763,0.0617993917463392,1.26721753558146,0.596134501725906,9.62459016242743,133.172592880486,0.172633129769718,2.69294296897042,2.43869735076523,0.192729231014767,0.0441959932986808,0.0376428213512285,0.0368133252192271,0.181206858204845,1.23831281191931,0.494988500112137
SSA_00005,2.75619978647575,0.0196725168142038,0.0408073511193423,0.00607777312570538,0.171572229710346,4.07494961016445,0.0646105691299793,0.499185133192162,0.196444734673993,0.09909764093381,2.17663517888144,0.831662695725297,0.0307280851345909,0.0405279164840439,0.395435129360427,0.0438082728349387,0.0447471781645897,0.108914545606682,0.0530871658002402,0.0914611650027319,1.65429645501748,0.373501816189481,15.6237178542645,107.410351634603,0.184531086075381,2.44385246821662,0.972148768366417,0.0406006690121093,0.0421084973689639,0.0286223199455082,0.0275476103791551,0.162818394283499,0.252441823114164,0.714028387296547
SSA_00006,1.34789978789949,0.0374692715795698,0.0300063269268243,0.0321664164137103,0.218505689893941,0.742964317739173,0.0145372735929423,0.263310345409142,0.136420996787286,0.260136383523921,1.15971470025831,2.61420404653948,0.0237237715742152,0.0147656732631396,0.427340327459197,0.0435872358522519,0.0518388360305215,0.0243758983792154,0.0762244654414211,0.0323068378813314,3.0615573225075,1.70262762448884,20.0605433516457,241.650991106069,0.358041696203346,1.95552857777512,0.433779027963394,0.0337170543451654,0.0283655697454337,0.0187398439284626,0.0309052720794903,0.129236668585145,0.102479239288245,0.11162180852022
SSA_00007,3.56610339217453,0.0212817086768031,0.2917352472069,0.0249669514168881,0.478618035692595,4.49137653697281,0.0286772194728561,0.977164744094513,0.194276234898656,0.62909557674794,14.4625632535958,1.53438420966739,0.0161280762020566,0.0562319069054655,0.251824621896839,0.202533807442852,0.0245415004749044,0.156979492304296,0.0994439425535125,0.0480844990560402,0.471615092423003,0.384244223384211,56.2790405305191,113.611209046345,0.116190892846372,1.79276620164555,2.77213058692225,0.198536059308663,0.0298186733862977,0.0351100835080103,0.0284452737850467,0.0543090954119954,0.552137520696321,0.216193204552981
SSA_00008,1.07268970835102,0.0353284608296409,0.0935103066211555,0.0113957290264095,0.210274376620418,13.7036210585863,0.0712911539244918,0.510619989559044,0.0738077069984087,0.137933484686467,1.58372481150396,0.424214999692213,0.0143838469741073,0.0104709886154301,0.202632237638242,0.0764744005065574,0.079683477622664,0.0597637195917766,0.0397229961450741,0.170499676421699,0.70165672187656,0.508662886059599,13.2455295108227,72.9867941948404,0.217183078780852,2.94293372925607,1.99464424276635,0.0673799521337475,0.0819427801702282,0.0296986661275675,0.0999359406218629,0.0426753016709027,0.698273504486615,0.295861137186146
SSA_00009,9.90157363405451,0.0100156088317353,0.0689632558457878,0.0198965856554227,0.164159925535647,4.25943164009148,0.0142769055601019,1.0433136557956,0.0583410499587594,0.066537390786894,5.13337595165354,1.30990381551542,0.0226089899928856,0.0490034109165882,0.178232311784168,0.0484435961642828,0.0447933722849038,0.0491242068645793,0.039023986629458,0.095198620387508,0.720314625275082,0.334827868411046,34.1203967740952,243.965325443382,0.128777669295128,2.41098943247082,1.80322429268367,0.182984478283775,0.0321165923637729,0.0396361373486339,0.0380061944516223,0.0833158413794253,0.15552396759911,0.478093604624173
SSA_00010,4.59716523042143,0.0331701021047031,0.199481082086764,0.00918681280506249,0.158518224391947,6.00870560469879,0.0621074786414757,0.519813553982427,0.329591027209265,0.0411204498761804,4.34825005839672,0.705104262034111,0.0432994240808724,0.04242253399868,0.115926752360025,0.120736188670604,0.0883094571740297,0.133060252237612,0.0534086966081147,0.0357521732272065,0.432695019719738,0.439959359793359,4.75876498156179,258.2882183566,0.121647213078286,2.77011036444864,1.92333507585403,0.38638404969669,0.0299023507018849,0.109493776763467,0.0284330712061229,0.0601938496930887,0.735796221638435,0.373477546405174
SSA_00013,4.99848656891505,0.00648405544349014,0.163217303892023,0.00974076881134989,0.0496503217900566,7.59537833215722,0.16804907507434,0.505018163921777,0.223120897386835,0.168391779168272,5.89537996592514,0.998277967265323,0.0387851715609592,0.0237334581532031,0.190122902602325,0.213425350584481,0.0611455593153896,0.0812377263681753,0.0406220772349889,0.0724022595650744,0.469874302192665,0.753527233689346,10.5504985427044,262.489377311941,0.15619222966909,2.39006586677132,1.5952910629469,0.0456146403729581,0.167281851732228,0.0625843846290483,0.105228288398759,0.1215295660599,0.467374429070521,0.522821501862791
SSA_00018,1.31723443367909,0.0101182783663868,0.0886998730935169,0.0141524287594618,0.126011015996451,6.1476648910404,0.0500672379703618,0.311825472475243,0.236278565642863,0.11685644386535,4.42102886468252,0.590321700968253,0.0409907405778892,0.0129275819396935,0.0416377082416397,0.0912036904064837,0.040738456224354,0.0488593302381368,0.0302824947003222,0.0939774448935239,0.432373438535718,0.375626090600385,7.63622110051426,350.803463344475,0.218722935418751,2.69299701221871,3.94001896205017,0.319152085375877,0.0786428180029662,0.0298905670209608,0.0245035444197968,0.159176168820401,0.786132234448275,0.556973094678938
SSA_00024,4.04513612238853,0.0139028132163468,0.160396203602235,0.0134659407834129,0.244870280522158,4.68232241517225,0.116007529104277,0.633791792341619,0.074464896758441,0.210018985702514,1.98825911229703,0.663152082114409,0.0458778789077742,0.0194055957576884,0.106347424891908,0.0604474728402137,0.062241418755225,0.114944814552928,0.0408358558036676,0.0723703465179001,0.174010406194596,0.981492870345495,6.23424673694803,181.749803123773,0.238475215132655,2.23563152710413,3.18131769535323,0.0480908353705378,0.0976270390317675,0.0392499114485081,0.0459961158108341,0.0501963254778255,0.350052934587035,0.460870743571311
SSA_00033,0.994343429286969,0.0236567147542667,0.133247282365484,0.0302201480250546,0.233316817351159,7.31372820220262,0.0427883589643125,0.925789694488138,0.153960511319672,0.137172276000157,2.8430850186671,0.284075561080536,0.0442903408233631,0.0360265119347915,0.166911213333659,0.0597351283780292,0.151722639268683,0.0323619631073461,0.0354005022102682,0.0576275055718337,0.644774710455672,0.2863864286729,10.5968481543296,177.870324784025,0.165080650256978,2.75273674634108,1.00004475694516,0.153783437949875,0.0357817593786712,0.0835741510779964,0.0412468465657796,0.0793330085547391,0.595141109244184,0.439975526847914
SSA_00041,8.76832187190583,0.0192691510835083,0.0806929570136394,0.00496334248678664,0.101426591893394,14.6967288738408,0.0868069837652265,0.451370933606616,0.106770411902077,0.089688144000981,5.31247205755086,0.698955224404378,0.0449251364782537,0.0168371607845222,0.0790401618970844,0.0397004061199153,0.0775902687056662,0.0309110314446382,0.0622949238949279,0.128203781192483,0.602931985582145,0.277147995634242,8.68514175473621,279.2125781882,0.125195575825407,4.08408780067445,2.38846803419881,0.0619108865794391,0.0440265942494155,0.0491163131979903,0.0793810333796254,0.0385882161356353,0.565922263828557,0.603078993932845
SSA_00050,7.18881818625485,0.00324903248151183,0.212145712025064,0.00340891649787837,0.0707102566491886,10.6154180364563,0.11429617092214,0.291261711978083,0.360107215860404,0.0750480274655258,2.46035391868836,0.249620513723529,0.0819132336175415,0.0497382462653686,0.193293358422419,0.102358800056581,0.119197870586983,0.163045909680003,0.0407606958237708,0.0576126926937299,0.476939601415714,0.518482955926749,10.1528915838018,501.654171230973,0.239519670432182,2.25702321430736,1.06046129768537,0.242614928768525,0.0241183196019822,0.135714435911753,0.0570530910924435,0.0901387974434924,1.13007887201032,0.303607560216801
SSA_00062,6.45899616201341,0.00934330176372243,0.095355249304847,0.0108024117321774,0.129289182164397,4.64505137223227,0.0429169031479724,0.259838103174955,0.185187084190879,0.200250972843303,6.55064153471361,0.545430586685201,0.0411315828723895,0.0623280377584594,0.086535054677298,0.146250858327337,0.0759872094727433,0.06234018767378,0.089975633853461,0.0392429037786935,0.58342416490332,0.91646076601268,14.1970537830431,526.038981174002,0.180440083228098,2.97876896661584,3.12130350487889,0.12709353823724,0.0798013591801011,0.0811368239304664,0.0356588533234255,0.0629032382304438,1.16981402462184,0.381758291829789
SSA_00067,2.34865862530504,0.0248554795673797,0.100558117754678,0.0135971337123169,0.535374877411527,6.1124134821054,0.0330852465614961,0.0962426439797244,0.35873797893674,0.217123724984315,3.22967249743753,0.538523717509925,0.0290939694988751,0.0471652117939574,0.255974278117305,0.0989957559892716,0.090902432175828,0.150160267261058,0.0814494434453599,0.116201059784576,0.202162040243004,0.304027895997297,4.40784862876021,292.059140220921,0.29103433979288,2.65275607351789,1.69041722253869,0.109098412686217,0.0537996111766554,0.0303497475254601,0.0497293048521198,0.0405113600326894,0.20751341910712,0.336214542816673
SSA_00068,2.44385754054681,0.0271577311480542,0.0284815634410199,0.00646772387200547,0.309977071157074,5.26459673656248,0.0188787808984234,0.593439505505963,0.180880582636911,0.0895724164435698,8.060898963262,0.38762668492521,0.14591890322062,0.042417030650713,0.18587434419663,0.0448811089275704,0.0450180106440921,0.0469912529454191,0.109114858599456,0.177618454255267,0.436568113684911,1.07468817385901,17.398470763186,73.4829722228395,0.136026280371938,3.35985368278544,0.462091098606615,0.0475588736142448,0.0528447595457793,0.0598376484247784,0.0601498768782001,0.0378110963371629,0.729286722831074,1.3290570763009
SSA_00070,5.79091545416238,0.0316366519575963,0.0363069469167339,0.00358883163424838,0.216174549681816,5.5657609193832,0.0304584885917773,0.563169152529908,0.0580722042930882,0.163117594579472,1.14829189216499,0.288479676672954,0.0424269406015336,0.0655243401805479,0.32082560396247,0.0448344692581251,0.0602067941732198,0.0312375881871013,0.0269677014189969,0.261296291923568,1.18584077089387,0.771046681066224,6.66551387281175,253.46573333207,0.206397278523965,3.40035540808119,0.456220533401945,0.0499064338051401,0.0331408491205855,0.144924289877118,0.132860975689559,0.2503019062768,0.29940056656681,1.06289677825969
SSA_00075,6.04518890147792,0.0162402086540826,0.0875486029011117,0.00501646469278066,0.0987742996424667,8.80052653570455,0.02640277107103,0.964334859695471,0.0639891100524169,0.0926682835331721,3.07867585827014,0.524206072065016,0.0443261245306925,0.0250014106263048,0.1073222655427,0.102500999372532,0.0690720556318999,0.0586067865711873,0.0684882746214935,0.0531392124289764,1.21127625514788,0.513295895410109,16.8308140822045,282.580534876369,0.175136455405281,2.50136616280234,1.79102020129234,0.16071328081642,0.104833073408912,0.0461856851388142,0.0766862279785776,0.0730147210234815,0.804726598578507,0.227603840420981
SSA_00079,8.65495912221432,0.0288168487368584,0.068787719276645,0.0104579853266275,0.117917731462941,5.53631659950992,0.0579652263081619,0.291064182761076,0.106452624076748,0.142331317229769,2.73062971516886,0.29530964435553,0.0528313366366528,0.0357028741179217,0.0996135983075775,0.0765136828740192,0.261369133144352,0.0974949854478002,0.154246016584116,0.0537664171936756,0.369102069831526,0.456862770860052,23.2839906257754,164.729945704663,0.050943198921167,3.49997067281739,1.29329801875027,0.0512511824206044,0.083428810824011,0.0559352674147585,0.0280662603295414,0.0685685700989784,0.302894113763564,0.300988537231011
SSA_00080,2.82547286020017,0.0341524685331428,0.114789959782387,0.00838859982169174,0.102499157606702,3.62569179770659,0.0313371877936251,0.260589006384798,0.208981884876502,0.133668804869982,3.88105519192157,0.521264002825265,0.0443145480565427,0.0427222506448499,0.0615348995003735,0.126649025857233,0.0946984699488977,0.0587939932585678,0.0412383897766879,0.0927945786976203,0.356144324606008,0.302643923964996,15.6212283894328,144.962473727206,0.0902476311997868,4.22306771890217,1.76940950985991,0.105324884578591,0.0945914934613407,0.215526375250654,0.0461597213252554,0.0747390769908649,0.701824525491406,0.232676664213133
SSA_00091,4.91103508565799,0.0413907686539391,0.0398881169630742,0.00690498952177103,0.19894125186378,1.57792504215175,0.0694602512005729,0.736932165451271,0.121359847331646,0.110309395785402,5.68969785688984,0.610683861599816,0.0377808834115189,0.0452871691972835,0.115382175457048,0.0600790344803126,0.057664942386517,0.0764980349695649,0.0488417523948904,0.0429674944145634,0.370736027205942,0.418103716598055,7.94591862069021,72.8657838005255,0.0909154092091316,3.78682472309487,1.84261440790971,0.0692721107765987,0.535088465795152,0.0403583250386543,0.0269854962145382,0.052280016477694,0.137014289308739,1.33777897820818
SSA_00096,3.06264442755748,0.0128702097920784,0.187797042521261,0.00887674280646933,0.120315750295927,2.53751156436697,0.0853533772758483,0.317913778767265,0.08215554297227,0.417618318778608,2.8029201022877,0.390497105726084,0.0250648245697787,0.0352367029565811,0.276874488891977,0.0513848127089949,0.0777381235279806,0.085026223627809,0.0478283425302291,0.114295691360386,0.385352980408656,0.583363706616878,10.5953495392309,379.087802419903,0.0707089979047564,3.04921257752974,1.88553809603408,0.0611760613995391,0.0356258456138745,0.0832868650215182,0.0358867473975081,0.057230775680565,0.28037740550334,1.86504138298819
SSA_00097,4.50833590062929,0.0140677364347464,0.170360503919575,0.0107316645763323,0.164299870513563,4.54976454341803,0.0387744973063683,0.742879367888131,0.112832190681924,0.153199420033955,2.87155130227191,0.748850333962677,0.0173639001611176,0.0288829726151408,0.107326863577968,0.0803391164508236,0.0499348233774047,0.165405601166856,0.0688555314492346,0.0763917011032821,0.510389760009196,0.342908077580634,9.6947079719323,270.753211055555,0.138639347631752,2.79281595336127,1.69355226982379,0.175797758640949,0.0470720553026525,0.0719455868626239,0.0951442586225145,0.112702430120942,0.394566334018278,0.199644752330198
SSA_00105,2.57111098706699,0.0611734245194691,0.095895516890875,0.0162479817845017,0.0845931774050786,8.91935227057916,0.0451598535367247,0.51908648229642,0.215867689793313,0.6458656262754,2.90841655327585,0.830183055449691,0.036413539765082,0.0855056356466754,0.207159000216706,0.079067583273628,0.137907997132091,0.0418972446269891,0.0487814019085202,0.189379616904161,0.567696071930355,1.30661503759353,3.93126743828176,118.385022316008,0.0844353324056139,3.2078764928762,1.31541716361197,0.113565634779009,0.0931021001121569,0.100566419507816,0.0418512832328667,0.058837055922664,0.611941314105473,0.305456662719355
SSA_00108,2.83002373658821,0.0215560358725228,0.0500813979748181,0.0105345288776288,0.103264615762665,4.70710811736074,0.106283559179574,0.502473656919706,0.219520279515473,0.0922198119959504,4.34921960120391,1.2888394713372,0.0860463254556618,0.0925592228160813,0.189154920659899,0.0385847782750347,0.0785451670197776,0.0740490260837182,0.0445081506832851,0.0799248607973255,0.238729064386362,1.23891762325083,7.1545092685539,170.746678582569,0.204158070707283,3.53774160289016,1.28498315718665,0.144294428090868,0.170915075476953,0.0192872626595272,0.0265498338657974,0.0496027871247556,0.238457851716357,0.454228399451742
SSA_00110,4.65232785666443,0.0347010032776621,0.13202684178861,0.012048202545746,0.118120942831139,5.47244264564479,0.07290890126967,0.696718972829654,0.140927752646205,0.115299763900475,6.16967631388117,0.612733249232304,0.0405282229012494,0.0221981082935816,0.135660529243816,0.0572375817783281,0.067371341858206,0.0811773078628823,0.0709137382594623,0.0866970460093179,0.3208731807261,0.314381151513611,15.2843998988912,243.218467205965,0.112285285376592,4.26622262449775,1.52077037861914,0.0881031242780759,0.0905826525250337,0.0576341997024429,0.0685216895096875,0.0462178981929392,0.36022472395009,0.351570282537619
SSA_00113,0.540389098599862,0.0302717464572013,0.120086398018249,0.00748379316314696,0.109966587648026,10.6403409474325,0.0385518225003106,1.08080272068349,0.0744174099612398,0.0531118665128824,13.9232248975883,0.33195557457302,0.0181230997224262,0.0767310278534002,0.0272373147650471,0.040551075208562,0.0240767525763909,0.0360851294781033,0.0771443741061075,0.0494648751033027,1.06140847231156,0.325745997601072,2.77716878110839,60.1882523738383,0.149106039408372,4.2338594955179,1.20897570299601,0.0428148715837235,0.0499165844731659,0.113532900029948,0.0548611988339708,0.0289220637333691,1.10489547250732,0.646463063232479
SSA_00119,2.6141397478222,0.022186746641895,0.106299366922933,0.00291485660724734,0.122436665190224,5.50370827447067,0.0569161357091849,0.5844414579259,0.16680063599888,0.127536183124062,3.8542852789329,1.03713440981287,0.0246364247994015,0.0432089394270682,0.329600551765957,0.113714175929599,0.217759028994168,0.053230918312521,0.0306198120613581,0.0498399578988762,0.264779169591112,0.30497645661634,10.2474446158302,269.050098941108,0.204644451151983,2.11955370076747,2.78631199133756,0.295873742597943,0.103159169065221,0.0661701950609596,0.0251876078383965,0.0936877612268047,0.39929574496018,0.587093383222591
SSA_00121,2.83547165029528,0.0328075346888439,0.0645333289610547,0.0305820389810106,0.127924798818877,1.07272498259489,0.0243755574660331,0.642799686033073,0.0890814333409083,0.0394175331945433,17.8122253343323,0.55080069254408,0.086394443539168,0.0306758358147368,0.0427935782933288,0.0531241834647838,0.271137753870602,0.11823127975932,0.265509949548016,0.0877502922686669,0.108385650288381,0.53271539996101,7.207261815642,161.786130042149,0.274237249397944,1.95660552256957,2.33033281667671,0.060121916073788,0.0915774318865365,0.0285871443239658,0.0791101893006939,0.109447251210449,0.645053693193327,1.48976547923935
SSA_00123,3.02429442280623,0.0181937435475708,0.0750197559586606,0.014516671336372,0.100865111173217,2.07494826981131,0.105348506599952,0.224392507416198,0.216830863667903,0.138498676832478,35.6618864457463,1.16457685245763,0.0758078288078727,0.0477639406691824,0.684513089958319,0.052764116550824,0.0559948920592004,0.310086442139706,0.0470221722316075,0.0397071555876523,1.03957731408769,0.513775444495407,6.23021814215812,104.835314657391,0.0665672718502465,2.40104695136584,0.867315469188591,0.058289834628878,0.0433339830095844,0.0870228176745615,0.0304339940034429,0.0508986541476618,0.197643866361049,0.5796673369516
SSA_00126,2.59130020850393,0.0437234929227513,0.0666493666390999,0.0464395570141857,0.216414474101261,6.40045642372546,0.0508792274825907,0.375158210875769,0.228035550876928,0.0549719657627823,8.39269179178581,0.304044946948685,0.176147725867702,0.022734901845124,0.050743776561127,0.0678943143812484,0.417859512428214,0.0812182434003031,0.074774308410538,0.151930520410212,0.601222130362853,0.373491941188879,7.9085036796997,101.288863109334,0.0576205352773646,4.16343382103175,2.08850389267369,0.0915428245309424,0.190012222242317,0.0923917619413472,0.0411878659201749,0.0287057993184774,0.640708782055752,0.953431222960796
SSA_00128,2.56200991686726,0.0604345311714812,0.0833466676485765,0.00875986746194031,0.0974042756893235,4.33873964447705,0.0677291636838574,0.37671849331106,0.0712554961317544,0.0662403532889887,12.5310001153269,0.869687699652663,0.0341091342662302,0.0418691155367128,0.111767102743079,0.187858254302103,0.112376180280119,0.137980263513693,0.189687930039986,0.0585475462189316,0.188389303719012,0.278253523722788,39.0022603366911,308.27013830988,0.0672542115632524,2.46376136974574,2.60080207347582,0.0726268770713584,0.0414258740735886,0.0182810102550717,0.109667054004156,0.0506018758105841,0.245167524376738,0.417177859551232
SSA_00135,0.804166570569199,0.0190494975471937,0.0311052373680715,0.018070120002412,0.285634899889878,3.93304898899641,0.162129046104433,0.215742582575221,0.113717971381042,0.528594966440129,4.02415135811189,1.07152458605366,0.0609630869944929,0.0199471584358595,0.0994969764514392,0.0374181697242025,0.0620181713928046,0.0368248815378903,0.0952805492804936,0.0730384840748659,0.277704157741169,1.10505880906263,1.75299478082612,123.471892570232,0.0790844975393157,2.80856517210073,2.82582597864178,0.0363763680081281,0.205998328677425,0.0291009369946022,0.0712727430861787,0.0530599838364169,0.412895871675898,0.467222092298101
SSA_00138,10.3672746726756,0.0354490012813307,0.046813435217786,0.0266063843321934,0.229769037645506,11.5855417389562,0.0492824278228936,0.160894729308843,0.270111930350225,0.108984259542946,3.2143513771296,0.363626158300695,0.0434173103522036,0.0568050202202047,0.0957214646475561,0.115028697712683,0.0796869349705579,0.105751660773548,0.0528290778962166,0.153989527773532,0.362493557961983,0.343229860597767,16.8495299163927,542.061959011775,0.131258350931521,3.65639046290008,1.40708665466652,0.0314165383982018,0.117070539843601,0.0320790363395114,0.0324061388540042,0.0498711830063462,1.76901353696557,0.118976746265015
SSA_00139,1.37626552045274,0.00995714683911357,0.0537776936773637,0.010674657855847,0.496118408056602,3.84326018824585,0.0248186765688086,0.874972253207745,0.252611510163062,0.0227194101624837,6.59005882677322,0.192256214684492,0.0444971023920269,0.00970320045347195,0.167986420722219,0.0415347415359317,0.0360070652896466,0.11965794200134,0.0969904280725189,0.032723756180451,1.02479412383436,0.504876380490779,9.9413673445982,100.223291070388,0.0712498454506008,2.17628824831441,1.19856946033604,0.224996705795118,0.13941972205517,0.0752200387717853,0.241855909763878,0.0360225652698282,0.389056018258673,0.462122133540549
SSA_00151,0.659185241851857,0.0113465171632031,0.178666540341668,0.00846962383604958,0.236269848890049,6.59988649698126,0.0577120301465035,0.103815179810632,0.125854348394119,0.396647784375785,25.9978474935985,4.64610510687796,0.0520691261446527,0.023963996552892,0.156791837578171,0.050541623706977,0.129811115501586,0.117730697527344,0.0248140514252627,0.150169060503521,0.211223963069709,0.246097607936283,40.2840629584485,482.125849042479,0.344547715515103,2.45406433681764,2.64051241614899,0.0448194635591637,0.0556742806712953,0.28881241411158,0.0346342423271836,0.147735895477607,0.265366710223408,0.275494738852323
SSA_00156,13.1019796032794,0.0271381913339086,0.11585490556342,0.00297143303823392,0.692963641094236,12.2259338378958,0.109745038559523,0.612347521472922,0.0995546910507663,0.0118214238121853,5.99996586176423,0.741010973063392,0.0430618333341376,0.0246118403376443,0.092563091738737,0.207117369718981,0.214138797674379,0.0570706003839666,0.0317808915074915,0.0522573326464853,1.86751072518653,0.711893549643889,23.8507212698448,130.288962515224,0.287561258829719,3.02754091261036,3.25954993389217,0.59477550052062,0.0293537843393116,0.0781152916003101,0.116321211582981,0.033642494648337,1.45119850627269,0.31067751522882
SSA_00160,0.460947885859145,0.0635841147216026,0.119032188659639,0.0157110985438448,0.318768880068407,4.75552833762601,0.0378927836871924,0.210237451880239,0.087624731223871,0.0467199946950238,5.59552951850746,0.35733742669166,0.050609698340263,0.0326331002244281,0.0757442383552246,0.0847088199611665,0.0266841157132062,0.078871498732844,0.201051109365595,0.10051804449435,0.288072017975517,0.215393944287873,10.2974147617152,601.27577059564,0.186131180928278,3.10003492933764,1.50839170704249,0.15594182894652,0.0143351694648663,0.0347434099594585,0.0384562546741964,0.0597485217596692,0.410218411869419,0.507437764248046
SSA_00173,2.00817371415288,0.0464516725843439,0.13096149621145,0.016487046862429,0.102806152674065,3.22093063820994,0.0586570106464181,0.718198331710844,0.0829692578742843,0.125433692451416,4.9013960420377,1.27585722563887,0.0493370857158318,0.0201879925230162,0.109277375466048,0.0927684294121669,0.0566272984171639,0.166806538358126,0.0819678692022704,0.06072500353139,0.440649273194986,0.871807831609989,9.6291246917313,216.47785355716,0.0850679695594069,3.3440590143904,1.2575551434842,0.111030161697965,0.102902383718696,0.0308034999781315,0.0732538462194636,0.0294163010450282,0.53208164010873,0.625499236869874
SSA_00178,4.09470835306194,0.0285387256671225,0.100692186635059,0.0295254635369212,0.128115397339917,1.58924016915051,0.063979920602422,0.420983539600349,0.139244826445569,0.034184662096371,3.53788228365906,1.56413803740486,0.055272179758554,0.0541387999293518,0.0778750601327435,0.0642067699610724,0.0552724424658115,0.312818138357946,0.083687462739899,0.0568430900917905,0.308914260029097,0.400174082245523,15.758725080343,51.5631195965409,0.0397667362812069,4.03798201511482,1.02726094376049,0.227562840257299,0.13358397150783,0.0350697281331496,0.0299526610924831,0.0594746159167943,0.122791299138322,0.154977721944989
SSA_00179,1.00426837376261,0.0437922202848716,0.34972963040446,0.00950766705977609,0.17052152543071,5.65357032741448,0.0266685075952011,0.442794284863383,0.198735766042106,0.0970308276371755,1.99762616767325,0.408217586635069,0.0157683551497247,0.0282209472759904,0.0876470495363176,0.105963063786022,0.0819495886363416,0.099639049231814,0.0279358851387656,0.121751485973583,0.51111659330537,0.236662434247451,6.93464449956396,195.322155329663,0.135482554237301,3.55391492823838,1.51013397193397,0.191577763751304,0.0789286513485894,0.0216614245191048,0.0401622664216812,0.0816542360910518,0.183707452047419,0.386194649145932
SSA_00186,0.769051759371533,0.080641758771033,0.0287789623840926,0.0141339767881855,0.135347939804368,1.97439496089779,0.0369016575854078,1.21440345196571,0.0415972671966211,0.161680214842424,5.2478163978041,1.29725808363991,0.0558357166502796,0.0179339689507898,0.0664731626809157,0.124297476382624,0.166843923775698,0.11858772889059,0.0491367112019702,0.0311382844207163,0.63315060394601,0.860479246473968,6.12791690578592,58.103066800552,0.195416305528722,4.58986067705976,1.5723230998166,0.0742080659863021,0.0862898770801772,0.0307929428425281,0.0416931904178912,0.169500566286939,0.261626590986555,1.09595702055952
SSA_00187,2.37150702476252,0.0300855853480622,0.115372636788351,0.02484564480012,0.376932644269867,5.45368613664681,0.0676301476025724,0.359161032078386,0.117550997643425,0.144160532371305,5.06304450170899,0.535796225119622,0.0293556058883669,0.0373667919516315,0.185302075153487,0.0533573961253488,0.0405497728745411,0.117366709001621,0.0313848955044484,0.0493418240144641,1.77710681453103,0.616241833448113,7.75989297022485,242.145023944995,0.119027502387963,3.44537646161353,1.31282743807856,0.100389887283399,0.0317280502849539,0.0444754774916257,0.0652892261246271,0.0377649714977337,0.259819477282501,0.243536841909292
SSA_00197,5.50123512161583,0.0112736804802047,0.0925443972920001,0.0173793844875696,0.172629830327794,6.19993413249393,0.0141117938456305,0.417693382827166,0.123082335130641,0.120238437694506,3.45524596579404,0.47037111783535,0.0212127123470868,0.0242860460692815,0.103023343031909,0.0541354583792073,0.0457430614258538,0.118412079249737,0.0804639668676459,0.104047947516231,0.914151471635372,0.336082188675329,9.96567004052768,374.833958700491,0.219933727641338,3.1323354575688,0.798822058288598,0.188078536646056,0.021622416089652,0.0730241654264715,0.0471052892552166,0.0888569766560827,0.223477444541787,0.28933723560512
SSA_00204,1.56521629605035,0.00841884481081735,0.231470432729246,0.00224018369092135,0.116531247130072,39.8395011205381,0.159230227135161,0.456172017074806,0.349831219277365,0.109729101655254,3.87101039796591,0.383885506382261,0.0304844742034879,0.0250930036625267,0.105315729065901,0.261612848282344,0.0403743714004196,0.092731667608722,0.244470724047254,0.034002669318167,1.16602686354156,0.246402647823365,10.0112075812938,238.338645884803,0.284923680747809,1.97140094274131,2.28568141505322,0.437742198115885,0.0231532603819512,0.0344809838831094,0.0428539901630851,0.176003958718401,1.08202551962952,0.393697277342629
SSA_00209,4.44449979500673,0.0212400511666414,0.0455300076014144,0.0181514140248659,0.307675682862062,1.64402867665981,0.0550648044254863,0.202972692028274,0.0747931125926825,0.146184997213521,9.05686023277078,0.301523153926329,0.0950531553905848,0.0246818353753088,0.224636842380582,0.0442474526630838,0.0677797659486983,0.0595756348742419,0.0471697091796831,0.0390577343893908,0.13811764039153,0.620862720060422,15.2271158039201,322.325073533064,0.0973203748556822,2.36906454746243,3.33024840819319,0.196219386646944,0.0967335288982059,0.0567659610615447,0.0926464346234709,0.0360032171953565,0.483231108787018,0.323531698607416
SSA_00216,7.14395009331874,0.0457229963850513,0.0733404889292116,0.0141362705165532,0.206105440174971,25.2240662753036,0.0232810404033779,0.100250248303096,0.319669103630608,0.551898333011508,21.5498994746921,0.892385491755102,0.0209569151484519,0.0217568938131672,0.29144844473339,0.0597912702122695,0.184055304950306,0.0766055868512742,0.145185562276134,0.0576653427836406,0.982452323733121,0.28071873216713,11.6681149410187,552.568984833747,0.0411381068760058,2.30562288817666,2.46086421895635,0.273705108834106,0.198940388393366,0.0548651084421622,0.0472139644813897,0.0729966669168618,0.964393214015784,0.277203811672102
SSA_00222,1.46164829580236,0.134836783508748,0.0936152334560496,0.0141605260321337,0.0806828665541375,7.25977676632208,0.0903821435933771,1.52480442717945,0.182031635580692,0.21096378207172,11.847184543927,0.675084132593904,0.0461607080415495,0.0199785530820692,0.161032599867815,0.340539598407641,0.0294637612730522,0.0698725098761287,0.174675857113955,0.261916202890926,0.238639970017669,1.23658095099823,9.4602866203535,79.7886676393308,0.421499676661329,2.87188767447224,1.22215142536433,0.275178976982343,0.135340808239589,0.100650575329513,0.127216739388287,0.0420949252454628,1.42409749674463,0.876389787489309
SSA_00227,10.1773771772299,0.0132048994415944,0.0440949172355475,0.00400176748960682,0.195646963482886,3.8380432637803,0.127150941526264,0.120587519437226,0.0645947971566623,0.0987986081704185,5.1222994731999,0.432592035649766,0.114184181743017,0.0570556777112548,0.172013400610803,0.0348569996622783,0.130426880013349,0.0319566519617728,0.103039057412469,0.209038023265484,0.421986014449243,0.576446372132613,10.1333497470242,264.828573009167,0.0937996027018093,3.17125781712324,1.65056284116356,0.050833820663918,0.0482231249131101,0.0497268119864532,0.110830599247841,0.0229734856968122,0.658920905126916,0.252227733330017
SSA_00229,0.768095030810575,0.0303673358564634,0.0654049700359974,0.0249880927247173,0.501736289401567,1.90610894190705,0.00885853897379302,0.167836805979297,0.224826502647403,0.0579838166418097,1.4898180276226,0.723000274648254,0.0521813715616045,0.0512258617911009,0.166909075882776,0.0611663687331191,0.226325752722495,0.0800193699640802,0.0547466496928653,0.112556067099671,0.688295005715165,0.813572307738746,5.98543328271797,107.650992002168,0.3743461814664,2.97371230304523,1.65178473670005,0.121507919512211,0.114821213695537,0.0398971939336901,0.270065699004916,0.0732513610999658,1.58816282392282,2.62240234415492
SSA_00235,13.3182728271625,0.0133188182656085,0.138676087991727,0.00859193153984419,0.171077779465882,6.54038658363175,0.0109888212427544,0.272387654390243,0.0934809846146757,0.0999490305837698,5.68250140872324,0.353416242838136,0.0899635701155719,0.0196631415415689,0.0326739341432088,0.218276006732634,0.0667850033934672,0.061043961527589,0.0502600075253762,0.0482260391753639,0.957185374544067,0.372394058867404,19.8172241470959,197.245530442765,0.311591796663509,4.72541313777767,1.60592952899282,0.0800470695288009,0.0371260422912702,0.0463689918705992,0.0425845673152687,0.10866174853057,1.2183275570355,0.609029553043407
SSA_00238,1.17487767790006,0.0158422443686717,0.168685944714906,0.0058872605910391,0.0578855625856948,3.07223258721954,0.0841797014309505,0.218427511486695,0.211526281782178,0.0381213000241632,6.89985293458053,0.317751326734997,0.0346653273296436,0.0463552239468678,0.422414592027843,0.388460504115749,0.0598120541046865,0.041682275393649,0.117210134109423,0.0998482176696783,0.476689027967226,0.285934013626163,10.8045224982275,197.07272650707,0.159040254850988,1.8913099872648,1.59511335689417,0.0439312305100277,0.211956506418719,0.0327122328191731,0.047525855610678,0.0385652288449147,0.137255533819899,0.240709169306561
SSA_00239,4.99998283341685,0.0250158931789687,0.0520760869163095,0.0253957274253471,0.146186958439775,6.12616661580582,0.0245525353410603,0.510856915081193,0.0970951894572906,0.0984413811650937,4.5503725747197,0.0937296434493291,0.138397727025007,0.0225107777464355,0.130292122459032,0.0673497289435788,0.126880143335142,0.0889075672286001,0.118568126878956,0.0717461382786382,2.08845465351899,0.471435447544473,16.0823084366944,53.4691550555312,0.132238640662956,3.48397669528971,1.42210804510801,0.0694505489941764,0.0404718380575633,0.075232865438608,0.0406574894247601,0.0702488008144094,0.711322525637071,0.455755563416855
SSA_00240,4.10424674464457,0.0219019999519254,0.125248677289863,0.011818532263591,0.312778154602981,2.80821342075012,0.022734090599765,0.332341720280931,0.140898982440565,0.184157505138742,3.41327893981043,0.198316781595123,0.0208118820799007,0.0239503282245346,0.115206336441059,0.0546674828341991,0.0394199394822761,0.188967946912508,0.0836545355989186,0.0695913062196861,0.30594758300555,0.335373326166718,10.765231943614,301.515977507055,0.226095826558934,3.19878142595229,1.5380806871691,0.0818933532098752,0.136760864170661,0.14123913701465,0.04837899175449,0.0651665666733892,0.141404022303356,0.392725873159042
SSA_00241,8.80807869164078,0.027586762849326,0.109369932202847,0.00385681445992208,0.109277609925536,10.4176825666519,0.133999771345527,0.624688212107445,0.08228101400614,0.137933416708426,9.1698455970022,3.01948894707347,0.0509469596035436,0.0625835245021906,0.0869213345044702,0.100030272317641,0.303008837376636,0.0501424544425623,0.0410299867834613,0.0521932079490008,0.326085684940759,0.539878855631943,14.1315211838719,195.145033517814,0.121006419987768,2.05854369120032,1.86461573015748,0.376830777502523,0.220575079908444,0.0560134346800107,0.0240251366554295,0.0611726592871897,0.152455785695788,0.226867279418329
SSA_00254,6.92340705650125,0.0186160793766872,0.0523756518971718,0.00823101780016194,0.584679600185631,6.02146026559104,0.0463152915126585,0.415560303061626,0.335230653857637,0.0563408387668054,2.1362917322782,0.212550791632122,0.059779950362566,0.0450362547114541,0.118545969172422,0.0447975575301169,0.114155625847776,0.0336103420287917,0.0412982762028725,0.0438822298438234,0.838217341816094,0.316951480968027,5.30820301650211,197.128571290915,0.0674582595373464,3.13753361276988,2.08835477176785,0.0358083301985278,0.0377391115116906,0.0320639097279809,0.0909537949118088,0.152822547788455,0.74270321490686,0.336217478978188
SSA_00262,5.24705388522728,0.0225300108351067,0.086792219544925,0.00896899619528892,0.193447055128395,4.64754785822615,0.0456681252852985,0.519905931123149,0.0584366160693139,0.209191891652441,5.18066198813753,0.30028990892348,0.0730370099273064,0.11754399119918,0.156609424650415,0.0496911542893261,0.214614515024598,0.052384517962315,0.085389167634533,0.0479244629741795,1.72785492586516,0.91802061020697,6.48968526760071,243.467144127907,0.102927093608099,3.40517973559902,1.36889670373169,0.0447797609728552,0.0423178539215429,0.0553030166117668,0.111531143000923,0.13692748836746,0.445832766645457,0.281571937368383
SSA_00271,1.50417878402125,0.00411532047224797,0.0410834991908443,0.00315118726894506,0.134305956734744,23.8824064100577,0.0437639947033799,0.341644500426669,0.31166887267063,0.253148155736543,21.0141811988838,0.384920057040471,0.0306921467674338,0.127075637516596,0.121465676182493,0.0671009829258579,0.0432861081618024,0.0480411432917742,0.0717533781361142,0.0408099966361103,0.822323297909905,0.334720505118089,13.0642968001312,419.571153632092,0.0660770981169276,1.34095215122929,0.91987457907428,0.155101330466894,0.066710582621841,0.071674656994799,0.0376733881897388,0.0367983935351441,0.568761550300138,0.312154390282932
SSA_00275,12.5480207778448,0.0440978396240597,0.0252827909412003,0.0140892195494026,0.259595844006982,2.89067047691109,0.020070720112656,0.20686550420849,0.293627002961201,0.439277473090536,3.88744659846651,1.78955896885825,0.00938937695202798,0.0063785982896243,0.0518868153823169,0.497808973902249,0.14103743804641,0.118939608140804,0.253411678135123,0.085275929188774,0.166692295616318,0.315207828853829,17.1366593498955,953.673624560089,0.0429415379964673,3.79086359607965,2.9012600281662,0.183454024022903,0.506717521595656,0.0979274244014126,0.0585553639566846,0.216712761582978,0.194763235844128,0.308660650426729
SSA_00279,3.10440778094543,0.0160385887939361,0.121850946972073,0.021161677719331,0.209064357051527,4.49115991529388,0.0377427467667937,0.535534773278979,0.151148949604148,0.126264418440905,3.68701899816256,0.608196756354482,0.0467963851250496,0.0560306175799437,0.142843428291443,0.0726271313934532,0.0580775900009644,0.178457266475157,0.0437563768843809,0.0704311205278343,0.43488177903628,0.386870516699822,13.6046826379617,173.259317842408,0.176635530244617,3.46523169808471,1.25812618699583,0.0646137965976826,0.0501187347390255,0.0509856398820585,0.0546599984784424,0.057491024017315,0.388206230557322,0.309226689443834
SSA_00286,6.91140397529912,0.00476975056127243,0.108632199966227,0.0732162912204987,0.60372709273971,8.18036992531921,0.0247200828908836,0.433285098035933,0.105647609841157,0.166966120762876,2.53738852181264,0.258320205944749,0.0195696671461439,0.0186221608349438,0.140213609699308,0.0546116511730233,0.0406623663835885,0.135321500712626,0.0569803390893116,0.0918707609278007,1.07010808129426,0.298851694391146,5.90310854632801,234.883667570816,0.222701445206328,2.81154268418155,1.62244302241782,0.0689692076563238,0.0390216824775343,0.0573280835009578,0.046476976599544,0.0788707754782007,0.340558676265047,0.323661465725173
SSA_00299,2.3311425529575,0.0207711036495101,0.135037651552325,0.00614223313227687,0.315244983002915,3.58060163662306,0.0683836766832566,0.185711274775498,0.184439827387855,0.0524239051783734,3.91599103721957,1.2977783631972,0.0722026814799092,0.0312040190514167,0.0885983261726187,0.164597390280448,0.0966941876848625,0.0419544771701037,0.0330930886237892,0.0332411516974372,0.523192328626512,0.384365585521647,8.4496997124805,391.010181840673,0.0839106702017684,3.26661116002693,1.10895347164145,0.0696285980276356,0.0319153262011826,0.063073913347697,0.0302023570824261,0.0675750439282044,0.16959115408455,0.515328851124954
SSA_00304,15.7653896038664,0.0307598824070391,0.0688488507297583,0.00594423803989274,0.390400683615013,4.92392187094436,0.0295181336317868,0.123131787013396,0.120295843870249,0.129416049383504,1.25515262697684,0.212975707832604,0.036498943257443,0.0641755645826549,0.189332678667999,0.124667764458612,0.0441779182825357,0.062793809228305,0.0326967697496416,0.071858930113444,1.38376087535537,0.973514968618087,42.0737011104473,57.5481577977104,0.554738740903432,2.85337913875595,1.70198282299009,0.211427877401862,0.0709439984335702,0.079393947559549,0.0515327453972007,0.0337781969655704,0.312870703574567,0.741092042096036
SSA_00312,4.63798905282286,0.0453019401162252,0.0599745726701329,0.0168267403400357,0.214181691028536,3.06278522571017,0.052410822009238,0.299692903649852,0.0873779761860537,0.0567825497456696,2.14123288805415,0.646751984758971,0.0303926524500173,0.0405519508681793,0.0879020975741949,0.0640033338974922,0.0374062452444483,0.0267042127758594,0.079449077377939,0.177673282932429,0.198022558415556,0.560067059763441,8.31508000949851,473.209594442847,0.120616426298201,4.38897203173787,1.29190720672388,0.0683475567711531,0.0857283049208303,0.0727753032716892,0.056713076112269,0.127562454628683,0.295178770397517,0.283608652048859
SSA_00359,5.04085940799366,0.0363457611972945,0.0542007857736367,0.0303215724402221,0.579954240326341,4.95629613811162,0.0461158383881927,0.172559783136872,0.159606901227393,0.0488825211268359,4.52634871349764,0.555851110884567,0.0885344298382567,0.0370161033294806,0.12241029680911,0.0747276010074491,0.101862351706423,0.0398251796256973,0.067244529588964,0.0723986213416996,0.18289263295017,0.943304149021032,12.6385703701455,370.43443128235,0.067832266489183,3.42263146486029,0.913352739632468,0.0591891758464791,0.358392373594498,0.0356002561877355,0.0268766627880816,0.032572070924209,0.546632615726115,0.212516328952651
SSA_00367,1.36896334871954,0.0148838882310531,0.193172126953074,0.0430801622584191,0.305482386305662,5.09443501175269,0.165089534729998,0.600721317596983,0.0491471463523617,0.0528500783143972,3.43206336019482,0.375251464319911,0.0707474149653531,0.0165640637572594,0.0822558261833385,0.0647556350392934,0.136099029853096,0.0999412213917262,0.137696266637159,0.133975398157238,0.366092795945642,1.14242544340678,15.1694458927285,114.352080421093,0.173410587588216,3.35978142630011,1.025595084295,0.0268425242006825,0.116293332238636,0.0754779106763249,0.0303225708613322,0.219301314103008,0.168495903527482,0.33093180853643
