"","Km1_CO2","Km2_HCO3","Km2_PEP","Km6_CO2","Km6_O2","Km6_RuBP","Km7_PGA","Km10_DHAP","Km10_GAP","Km12_DHAP","Km12_E4P","Km14_GAP","Km15_GAP","Ki18_Pi","Km18_ATP","Km18_Ru5P","Km33_NADP","Ki57","Vm2y22","Vm3y22","Vm4y22","Vm5y22","Vm6y22","Vm7_8y22","Vm12y22","Jmaxy22","Vm33y22","Vm35Mc_OAAy22","KaRac","tao_ActRubisco","Perm_CO2","gm","BBslope","MRd","Vm2y23","Vm3y23","Vm4y23","Vm5y23","Vm6y23","Vm7_8y23","Vm12y23","Jmaxy23","Vm33y23","Vm35Mc_OAAy23"
"SSA_00001",3.272458569607,0.0093980075856672,0.129863001076909,0.00985959136065655,0.26010875411305,0.0218739982316203,4.70353530497197,0.674494143017773,0.0527563576768349,0.477660458776327,0.212707686300901,0.113504088703972,0.0943718200599117,5.90720826683394,0.695501925916026,0.0404944771195845,0.0432003281265366,0.121863531142854,0.115081532961306,0.0803652597245742,0.0590802828474315,0.0764459183625919,0.0975853321339606,0.60108924189279,0.10883860667571,0.914537137856285,0.236426161147527,0.0951322171651998,11.9848724301089,248.143718004848,0.115959883538102,3.34944387033322,3.09113645395724,1.5392428664457,0.141033202851503,0.103774393444993,0.0666912214666206,0.0664297948613421,0.0585725099303526,0.430458696249917,0.0946077659220528,0.42269986024764,0.145232787132842,0.105287033815436
"SSA_00003",3.34189302915461,0.0185194854475882,0.129882160821916,0.026398948196547,0.260101529214383,0.0218730299780814,4.70348231482046,0.674494047858703,0.0527591933098161,0.477682089399527,0.212712797467612,0.113505430065579,0.0818508251619859,6.85143193494053,0.695493767035601,0.0451641224874041,0.0431950872050175,0.15071213975656,0.115081771187073,0.080358798255692,0.0597519909345443,0.07644893224952,0.0975971073384606,0.601105671518389,0.108838199672354,1.00687698337237,0.236414512323379,0.0951318690520004,11.9840334593971,248.141022234615,0.118069733423669,3.52935734154994,3.05365284362693,1.80277809525296,0.141048213188293,0.103775237009364,0.0922091476553352,0.0664263325908046,0.0585743825306648,0.430455940375434,0.164649366535579,0.453207489910798,0.277242268875932,0.0919073400455174
"SSA_00004",3.65496929366486,0.0165868554254102,0.129864250321656,0.00981773967984375,0.260103588403605,0.0218735188759633,4.70365487122788,0.674489832923204,0.0527561785523071,0.477678263490897,0.212705369197253,0.113509049216728,0.0889084285708775,6.09854214748311,0.695495041739769,0.0447705312034421,0.0431959986489364,0.138561573149994,0.115080508169193,0.0803617220620317,0.0749243853715886,0.0764513779566255,0.0975888174600469,0.601093339335437,0.10884167151704,0.704103098145622,0.236411033368966,0.0951324349859049,11.9841841256296,248.153704513999,0.118411305052966,3.01903674229995,3.07736131381758,1.65019433567218,0.141038350514169,0.103772968484353,0.0729917998714196,0.0664277028677132,0.0585749961506058,0.430472495936412,0.0967918050094203,0.512942838161766,0.177817107705365,0.108982343261416
"SSA_00005",5.30532862651939,0.0297124844951972,0.129870444057424,0.00870333978646108,0.260094605724055,0.0218726377090368,4.70362225601112,0.674521578125322,0.0527566928779279,0.477705535312884,0.212706667330379,0.113500502125611,0.0855450860609307,6.04821772983318,0.695467996754492,0.0428456500496665,0.0431959497242864,0.186881428442696,0.115076418444787,0.0803602245258726,0.0721870877975342,0.0764473933518649,0.0975957217664973,0.601090350962035,0.108840964857016,0.552451862278572,0.236410077719323,0.0951322956673164,11.9846464260675,248.163783802148,0.113769749016962,3.32761978290661,3.06804843682959,1.51062467137753,0.141034626099368,0.103771459153513,0.0467057024602405,0.0664243755786146,0.058574956548612,0.4304473902269,0.0657615258491565,0.759906655324722,0.163748253664817,0.0729140639650283
"SSA_00006",2.33696448301954,0.0468992801206657,0.129876983607559,0.0222676711111566,0.260095301486672,0.021873631991965,4.70354141752514,0.674492723460695,0.052757873487098,0.477637927243231,0.212713430845514,0.11352101855137,0.0890945802181052,6.05514549671582,0.695431751633305,0.0393954938895671,0.043196118939675,0.192655093202946,0.115085376508504,0.0803606126391955,0.0489544628173843,0.0764454486358354,0.0975864826024884,0.601096994657026,0.108838345313473,0.55071063650254,0.236419445591535,0.0951340425975536,11.9851713813991,248.141487745266,0.116511984333018,3.23545615100291,3.06088966938179,1.70595684565604,0.141039060186064,0.103770902235905,0.0732017595557928,0.0664307352925256,0.0585739393156127,0.430500989070859,0.159287863391836,0.42838246911725,0.157089921967683,0.0861495433735564
"SSA_00007",3.01519398678883,0.0136120629340106,0.129860897526497,0.0230009853578152,0.260094028081797,0.0218722146357796,4.70352597856693,0.674529769928979,0.052758878986419,0.477667074573682,0.21271181335493,0.113499770834824,0.0713143188479747,6.86449630177188,0.695465076285066,0.0751428176301536,0.0431956754403552,0.200785376518153,0.11508323423179,0.0803575054017155,0.10821913318492,0.0764443300627023,0.0975984462761143,0.601070647386989,0.108849677031267,0.584613563007601,0.236406333813091,0.095133077994424,11.9839137938302,248.129566475749,0.120159310758153,3.42413506168089,3.06826966774803,1.92049674469448,0.141047709838466,0.103779839252888,0.114553775393617,0.0664336957617674,0.0585743706236655,0.430452171487252,0.129670899947073,0.360008330197173,0.267583854970346,0.102643401511523
"SSA_00008",3.26582556394917,0.0637524192188876,0.129861417292555,0.00860031967985843,0.260093995890784,0.0218733476263734,4.70371487253589,0.674485959551863,0.0527576810065258,0.477686160311992,0.212709067651475,0.113507088435283,0.0986633920973251,6.34788203188791,0.695483941387206,0.0398387022895394,0.0431966847187986,0.153912307464991,0.115089317244225,0.0803612422125607,0.073259771605072,0.0764499275987468,0.097587402951089,0.601124507785574,0.10883788912049,0.882002684042543,0.236417880189819,0.0951373369805048,11.9846781210375,248.13891887957,0.116334099038123,2.95879093188094,3.08897366448286,1.49835168435418,0.141039507038657,0.103777623930171,0.0663868982286442,0.0664265831800908,0.0585748004812325,0.430467718012189,0.067982354945177,0.428562744691851,0.163275839634766,0.104367467894697
"SSA_00009",2.85106600141458,0.0151079672653795,0.129861705424648,0.0158762705286934,0.260104211560371,0.0218729018204273,4.70358531856528,0.674513099678728,0.0527550349566551,0.477673227902204,0.212704512046344,0.113501778029704,0.079047030364889,6.05668355904188,0.695452739540592,0.0425160302438501,0.0431981188092161,0.181696799892919,0.115080777519423,0.080359414806143,0.0661477573703681,0.0764466042290425,0.0975857892322192,0.601085532320619,0.108838636307772,0.916598697518397,0.236426084326481,0.095139088161584,11.9842666904987,248.144333339806,0.115583665552694,2.94385418450721,3.07259073221357,1.60413876292368,0.141035987166419,0.10377247104382,0.216089448558738,0.0664247454769797,0.0585731777507634,0.430487225108994,0.0879141121285346,0.780288653538147,0.31511404195426,0.0961888245797094
"SSA_00010",5.02715885689765,0.0214089020075332,0.129863393781816,0.0138285457096766,0.260100583863473,0.0218721503246897,4.70354381757494,0.674524847713816,0.0527576306093389,0.477659172777483,0.212710998139399,0.113521581306911,0.142160991259194,6.30780128699464,0.695521147362873,0.0398255491049315,0.0431978489866785,0.137803429946991,0.115077834010361,0.0803590923804362,0.125654353915427,0.0764495638920965,0.0975925425213575,0.601133415314055,0.108835541844194,0.642760483596652,0.236424139153553,0.0951334567300686,11.9847877862462,248.145431420131,0.113996833282994,3.06123320926726,3.07473426812852,1.68158063823168,0.141043730191907,0.10377351081467,0.064036186431661,0.0664314638272155,0.0585728759112682,0.430461738544615,0.0449272424085601,0.565731379797079,0.190220773808363,0.104322070919893
"SSA_00013",2.80791212020581,0.031278806164411,0.129870335235859,0.0108332249128375,0.260099324976646,0.0218736123700837,4.70363560361422,0.674515622479463,0.0527556519752933,0.47766572749619,0.212718826356051,0.113503070189221,0.0802718750034322,6.47826850550683,0.695459222764579,0.040388430464043,0.0431974563092371,0.137689974329513,0.115081921308782,0.0803633669289802,0.0645098390937023,0.0764501309688069,0.0975866055138993,0.601113397302094,0.108840554500215,0.851920193030075,0.236418994794752,0.0951361651333946,11.9842836423668,248.143177584457,0.116942727125008,3.14983406108804,3.07847678895251,1.59199157827405,0.141037762508031,0.103775715482336,0.0709029256229955,0.066426839389871,0.0585734171581562,0.430470682623964,0.100782910920255,0.508643758914205,0.204309103034204,0.10046707128031
"SSA_00018",3.43332499607126,0.0191007051249475,0.129870464405595,0.0146304007254549,0.260094748896331,0.0218722905773415,4.70369027957188,0.674530316040098,0.0527598636822711,0.477673687357196,0.212717389011466,0.113506909458492,0.0708194471842283,6.74451581291163,0.695504404902224,0.0502854299828361,0.0431961592939685,0.125916136518433,0.115082748871159,0.0803574643515726,0.0678245403902629,0.0764489913525314,0.0976020743499273,0.601082986825312,0.108838714372035,0.71748353092634,0.236410705256697,0.0951453423494426,11.9840818820064,248.144364252423,0.116726086880549,3.05610855209477,3.07144391558907,1.80108082231558,0.141035730191238,0.103775574482634,0.0855432690850255,0.0664273557360509,0.0585746483139368,0.430466340567929,0.150073413032387,0.487320382578887,0.260408404645226,0.0896525629983426
"SSA_00024",3.71155900833215,0.0279259416710691,0.129863971815324,0.014588339905474,0.260098639735936,0.0218739771243297,4.70381525358158,0.67453106665179,0.0527573600971524,0.47767633726242,0.21270995141301,0.113506719700061,0.0812165823324018,6.33771438378289,0.695504070455899,0.0388044718634194,0.0431975172255428,0.16937185587919,0.115080102907345,0.0803604776221533,0.083419923851874,0.0764525638319819,0.0975889572725083,0.601137605137336,0.108839277596391,0.799598712939065,0.236429208491459,0.0951390349278892,11.9844463893263,248.141442617919,0.115390871686332,3.15915253027201,3.06734094725798,1.63610533589965,0.141037381306305,0.103774378406545,0.160206973880748,0.0664294999555492,0.0585743819615979,0.430522081464131,0.0912396857885245,0.720652997317626,0.35530185878951,0.0941999473269403
"SSA_00033",3.00724307698817,0.0255459659162679,0.129866302538322,0.0136085761601839,0.260101730997319,0.021873282216276,4.70363648132894,0.674500066614645,0.0527564393572835,0.477682999972388,0.212704183842043,0.11350923121713,0.0924232302675417,6.22364222868014,0.695466033468158,0.0396068366110848,0.0431971781784183,0.17174781581812,0.115081872847742,0.0803618496310808,0.0634664301267885,0.0764466190166176,0.097587442408548,0.601094320092838,0.108838463424256,0.681740740785607,0.236417938408166,0.0951327222057056,11.9851257120006,248.141829376706,0.116495382162091,3.33810467318839,3.07060554899494,1.68924732282313,0.141035661487215,0.103772916762198,0.0754508204249351,0.066425924548261,0.0585739102557542,0.430454535363888,0.0834116664865417,0.557638692831083,0.157617096088116,0.0926098486597965
"SSA_00041",2.20922111362034,0.0203861406312668,0.129864255770235,0.0183093977501725,0.260105952397985,0.0218727267299089,4.70353378504031,0.674517609717728,0.0527575492036157,0.477658341780291,0.212701711986215,0.113508939536177,0.07521518970977,6.0264223443117,0.69547763114245,0.0606202824017149,0.0431969469138002,0.12341510135355,0.115080549725327,0.0803599375369162,0.0849984462230124,0.0764477532226047,0.0975893468037081,0.601081434665516,0.108838451740282,0.975984288157805,0.236413294509248,0.0951433493572183,11.9843442399444,248.144808822245,0.115586197722219,3.0726637707976,3.09345913027398,1.55716049016176,0.141036251071347,0.103772386086302,0.120096100701003,0.0664272008384262,0.0585725082464196,0.430466432221052,0.0733878625583073,0.527391201425344,0.187322722519325,0.101543782132672
"SSA_00050",3.35266608642106,0.0123202501657172,0.129864328485074,0.0165243636980299,0.260096195497823,0.0218725944310128,4.70351276777728,0.674525797435672,0.0527582587304598,0.477680279370746,0.212705755339607,0.113507515493843,0.0862457232507365,6.22818086625693,0.695482584389943,0.0493250807075883,0.0431962201215545,0.171796331939283,0.115082131659827,0.0803574639592966,0.077893629836199,0.0764488528277948,0.0975907565874184,0.601100442502883,0.108839188168941,0.637265270033904,0.236416979400681,0.0951362291557867,11.9842244575985,248.146263173513,0.115622483006435,3.12543966218673,3.07483022113032,1.62096009705649,0.141036899584761,0.103773507198022,0.0746843284184338,0.0664272814885801,0.0585734308129647,0.430454359783022,0.102668133245913,0.517475367144567,0.175650849351896,0.0896833267990449
"SSA_00062",3.18968688677149,0.0271234515587225,0.129866222964244,0.0134022040779095,0.260102545197172,0.0218731646642154,4.70357322984225,0.674499803610399,0.0527580831336495,0.477673322657792,0.21270906837616,0.113503087293262,0.080739097788137,6.29992432137107,0.695471821818607,0.0429968832191078,0.043197074202213,0.178688759621451,0.115081406095962,0.0803620298028829,0.0844676496723653,0.0764472627163771,0.0975888783806902,0.601086271140607,0.108842749175765,0.669613292798495,0.236414208985731,0.0951338200016624,11.9851322130785,248.142440860339,0.116360365168949,3.09998925242371,3.07434605338206,1.74601488310507,0.14103819789888,0.103776596798877,0.0707702433460012,0.0664267039642635,0.0585759236158937,0.430460659599029,0.0678005744236557,0.543295769633556,0.140075808220206,0.0901424868714026
"SSA_00067",3.94692812498057,0.0136669113217448,0.129866187572223,0.00965857639174859,0.260093403956369,0.0218733966234223,4.70378014691418,0.674484741403323,0.0527562436272899,0.477662174865645,0.212708280601499,0.113506379212873,0.0794178113235729,6.64959826757368,0.695522694970794,0.0442058397421463,0.0431988183611182,0.1520938991749,0.115080012790888,0.0803614406971224,0.0694039592085946,0.0764472185675551,0.097594084604287,0.601105925611758,0.108838827004783,1.08220646289977,0.236416860151762,0.0951426587493629,11.9839781220945,248.146180526504,0.116564287688379,3.10726709896462,3.08283012775644,1.55032807558876,0.141036172204221,0.103774671176009,0.155042044646172,0.0664277075577015,0.0585735354169031,0.430458314970232,0.149946841535618,0.446700487170308,0.187785269224625,0.0895108009083867
"SSA_00068",3.58691953333511,0.0135108733252811,0.12986690409534,0.00966719936684693,0.260097370928717,0.0218728326685923,4.70375305070926,0.674525542653614,0.0527564125320002,0.477655343392875,0.212714462532988,0.113504800266457,0.0726318150903392,6.22118538780745,0.695476785906016,0.0468376629838188,0.0431987054443023,0.114984468941968,0.115077192517007,0.0803593333304576,0.0726497286521482,0.0764464624809854,0.097593940613658,0.601073273817927,0.108839442915686,0.707946605453471,0.236415577725306,0.095139599062579,11.9838458192639,248.148351591967,0.116976086993187,3.04816692761524,3.0885304187681,1.69305039093028,0.141033336911499,0.103773520741757,0.1209866366471,0.066427439735782,0.0585731345809952,0.4304753114171,0.138424818735259,0.462400042938326,0.209942405703305,0.0881606103741805
"SSA_00070",2.82519584028561,0.0209779060205178,0.129864303450329,0.0134026310722276,0.260096436026153,0.0218728898778958,4.70352215168508,0.674499027403155,0.0527577886021151,0.477679251261785,0.212704622588774,0.113501625362283,0.0880907880378899,6.12483344942962,0.695554730699351,0.0474492763272617,0.0431983017952714,0.145290063184651,0.115083213166345,0.080363902255219,0.0869881419851843,0.0764453889458069,0.0975893915529705,0.60110112188742,0.108842498735085,0.890282477735063,0.23641575660174,0.0951338523438735,11.9842272252936,248.139929865967,0.118044492194719,3.11409554231669,3.08525027800756,1.52293053287508,0.141037751218503,0.103774476415605,0.077640253126124,0.0664261174916116,0.0585740482200773,0.430455928792353,0.111214479880904,0.535165041210415,0.142567212286859,0.094028042590192
"SSA_00075",3.80439199083564,0.0135432938435478,0.129868938022086,0.0127942021813491,0.260089584873768,0.0218729032825467,4.7035639527821,0.674486377161727,0.0527572838485427,0.477662695612908,0.212706384489297,0.113500747426262,0.0796170653061282,6.27767528766668,0.695466865004126,0.0506858898925991,0.0431955951008075,0.153719847406493,0.115092579943478,0.0803642193464305,0.0699390072907041,0.0764476218991388,0.0975891161487544,0.601088955077231,0.108839286470529,0.681024181948614,0.23641513585828,0.0951342229226933,11.9842206660195,248.147251737204,0.117066594736934,3.07237076477162,3.07055526703833,1.74101876691583,0.141039043101295,0.103772163647491,0.0625476822326014,0.0664268774843615,0.0585735488024671,0.430458813530706,0.130135082699402,0.506008652677587,0.160827922902863,0.0924361069746689
"SSA_00079",4.09088687889009,0.0199369885632278,0.129866904583518,0.0125489496220789,0.260090923520509,0.0218734157914429,4.70342083397249,0.674528017160023,0.052757131221774,0.47765905874708,0.2127088294354,0.113504675018999,0.0809562247895417,6.45991939853042,0.695449999113049,0.0392130483773106,0.0431968625099906,0.145745235000324,0.115085241368335,0.0803719967457354,0.0669575160566928,0.0764463087807975,0.0975882564371669,0.601084991979409,0.108842474504404,0.719238062597691,0.236417080822483,0.095133574089006,11.984657304635,248.143774264515,0.114944531096414,3.03975763276401,3.07796565806908,1.67545045873975,0.141034256638677,0.103774183958624,0.0604326681397165,0.0664294805262371,0.0585730747626921,0.430473286676165,0.0431620118652201,0.464558563926605,0.149311854780595,0.103423070612308
"SSA_00080",3.16954840512506,0.0191301594877649,0.129866295664622,0.0178596010985682,0.260091190560372,0.0218730198701727,4.70341492080303,0.67450048694985,0.0527595125962917,0.477674914218542,0.212700854215316,0.113508733230616,0.0886525314636565,6.65981647170342,0.695444244193021,0.0458777208859247,0.0431958749239341,0.187571291117331,0.115083089101625,0.0803594725324065,0.0733629867913107,0.0764456789409893,0.0975907581173233,0.60110657283253,0.108838115386825,0.871531528040881,0.236413545285482,0.0951331968961051,11.9847061016849,248.152221782974,0.117023892320101,3.01512358072542,3.07639526888115,1.70052181543662,0.141041786837605,0.103774862140597,0.0826622545533449,0.0664255551941558,0.0585750385729753,0.430464010002986,0.293295099754579,0.46686453697247,0.195470619547909,0.0990519277884973
"SSA_00091",4.22133884561764,0.00750801479335771,0.129868482997284,0.0152385223980346,0.260119146440236,0.021873779736495,4.7035168582865,0.674515160414882,0.0527544179248218,0.477669144092144,0.212726321650395,0.113512857671149,0.0709312631940522,7.70518431480281,0.695450127240162,0.036559338429428,0.0431960324425384,0.125883337451302,0.11508806437546,0.0803590783421381,0.058498489522795,0.0764612172459118,0.0975892877254411,0.601101978672168,0.108845188886996,0.605776577326298,0.236411621693772,0.0951390591348959,11.9839102492863,248.147075445406,0.115843436069862,3.18170355109095,3.08890082404808,1.60229926154958,0.141038391065494,0.103788479341053,0.053189303491303,0.0664288359828991,0.0585757424016141,0.430458905478418,0.124919999303028,0.526818849509742,0.258215479977408,0.0836825767778764
"SSA_00096",3.50322393220237,0.0292784727311541,0.129861686408617,0.0118469866016924,0.260104455000839,0.0218735658070936,4.7035735885292,0.674504112306967,0.0527566909739022,0.47768214338582,0.212706240052236,0.113504497013505,0.0767894232591608,6.25626734167405,0.695455347097743,0.0454293168004078,0.0431969206607427,0.199516309001635,0.115081666410686,0.0803624123941944,0.0600458123832853,0.0764488292820462,0.097589818173627,0.601081230175066,0.108843650151012,0.714123298285331,0.236409648881115,0.0951336415413877,11.9844340392291,248.15402587241,0.115207911621265,3.10089602851313,3.08268426244804,1.60171109341426,0.14103760834286,0.103773505648583,0.10610018421637,0.0664272584313966,0.0585740816915094,0.430497343675501,0.119100420995124,0.61587650462379,0.192867193802406,0.10237120682065
"SSA_00097",2.64298093476901,0.0293951001492371,0.129865657524359,0.0132209492848919,0.260099734386223,0.0218729501063494,4.70368067236029,0.674484528328173,0.0527590530894477,0.477653644804548,0.212707842501902,0.113505680308674,0.126383474805897,6.27273249672481,0.695547220622884,0.0448222822560371,0.0431967172814635,0.238724565941159,0.11509573000376,0.0803598372931268,0.141093062744125,0.0764473420771567,0.0975908188185194,0.601091710601632,0.108837352492903,0.884228016538426,0.236427951848621,0.0951330800980456,11.9871454588234,248.144269919846,0.118690699942643,2.98596614671296,3.07884411977229,1.52963208480606,0.141037792601492,0.10377769804959,0.0488523572343684,0.0664291859040923,0.0585777585404215,0.43046933092982,0.0497144235457593,0.688425300276833,0.168159618500843,0.0893145266471563
"SSA_00105",3.0782897430626,0.0163733468280669,0.129866489353429,0.0125677159612656,0.260089867601954,0.0218725982246815,4.70371907745537,0.674535954805821,0.0527566469857682,0.477678849781503,0.212706048697711,0.11350392016317,0.0820403904130343,6.1027023111578,0.695465577015418,0.04863890104756,0.043198194483443,0.147933122606786,0.115080742893041,0.0803600461509566,0.0724300145616209,0.0764469685046839,0.097590050902669,0.601083790331402,0.108840031894262,0.760996867159449,0.236418666437233,0.095133977111585,11.9842331963585,248.154434005583,0.114353950323184,2.98236823302891,3.0829711694175,1.82703945061557,0.141037489144063,0.10377381779257,0.0829512473155038,0.0664268721964478,0.0585727929066757,0.430475990681925,0.0783129558481072,0.501188307193924,0.18359222119152,0.0885480325680768
"SSA_00108",3.39327504704146,0.0359818752495721,0.129865748269959,0.0235245621070464,0.260095997654034,0.0218729844163679,4.703433977749,0.674492929853284,0.052758059269199,0.477684434799147,0.212710733658516,0.113511120936856,0.0890548834808879,6.37111899352247,0.695450385507865,0.0425474757874258,0.0431964975718274,0.149501717249485,0.115079834089223,0.0803593167335519,0.0747974474380677,0.0764478755105683,0.0975897658356393,0.601095600212149,0.108838814305969,0.588699835199455,0.23644281703445,0.095130312285895,11.9848205350105,248.137569326608,0.115614370305534,3.6362427175041,3.08135593647619,1.73173899408162,0.141041489743285,0.103773777280683,0.0575805911376822,0.0664276831896474,0.0585730958740036,0.430462597266752,0.0723095288935994,0.450083528995814,0.239299953359707,0.0920715452164075
"SSA_00110",2.78026087474451,0.0360644299758966,0.129867202487668,0.0117935290061722,0.26009112911576,0.0218727729732109,4.70367865077674,0.674492995759566,0.0527559267135328,0.47767010202687,0.212711046225628,0.113502053609917,0.0721174194705224,6.60395197304607,0.695459847620205,0.0463470766827046,0.0431957027248956,0.123611295390111,0.115084775663709,0.0803599835258979,0.0861032529308406,0.0764462946660051,0.0975896988024708,0.60108510595864,0.108841602910856,0.782074697945788,0.236415380885421,0.0951402153730595,11.9839916862761,248.136643979563,0.118358928324059,3.12944735865524,3.10020277184658,1.69856858489956,0.141037728933445,0.103774972359404,0.0651265130431171,0.0664269092647863,0.0585733538694539,0.430481392009815,0.0714097474012037,0.447233005871772,0.290527636750751,0.095991850392921
"SSA_00113",2.58527995081594,0.0137179392799918,0.129873953363614,0.0160028442215489,0.260109420594069,0.0218726632231446,4.70373309624148,0.674486607267411,0.0527577825029591,0.477666195995066,0.212704722928616,0.113503933361791,0.0839547671814296,6.05151425060926,0.695476238610645,0.0468968552543268,0.0431973098397945,0.142519974105938,0.115081350709738,0.0803653154902666,0.0774529796599676,0.0764449859000765,0.0975897772419351,0.601120920805721,0.108846937704303,0.584023431551386,0.236416410442065,0.0951338858227704,11.9847931715432,248.183148203658,0.124075577224209,3.16379870462822,3.07343172624078,1.65320658684796,0.141036325703474,0.10377834526583,0.132805442995669,0.0664251630222947,0.058582021722266,0.430463307037767,0.139395202883104,1.02582469179591,0.171763305038767,0.0817182315493474
"SSA_00119",3.30977386448718,0.0127928684726404,0.129862663465599,0.015697219601703,0.260100811510671,0.0218729445713138,4.70356485785294,0.674522258536102,0.0527549430791254,0.477673977749164,0.212709541077079,0.113505430163793,0.0776064344592559,6.3180718024676,0.695490303131294,0.0496642583918581,0.0431972952462504,0.13494209834348,0.115078958335319,0.0803596152054077,0.0679869969849887,0.0764488789950765,0.0975902140947633,0.601093168816172,0.108837836623209,0.912508193267957,0.236413581375055,0.0951407586369474,11.9839325687435,248.141869893945,0.114991716389931,3.11483760085839,3.06973261869744,1.51487823719406,0.141035604854717,0.103775705290689,0.113841317283154,0.0664262514317045,0.0585725415851976,0.430464530223827,0.0762744960542071,0.495256090278502,0.217138471525396,0.101270689818629
"SSA_00121",3.1770508863341,0.0427622868293189,0.129869413645341,0.0131359395409228,0.260092072915646,0.0218734067642199,4.70357590889535,0.674479668440974,0.0527588609884641,0.477670903586037,0.212713586595876,0.113503709120603,0.086283337142838,6.19827203254408,0.695467438995015,0.0446980986173457,0.043197227110292,0.141734221032709,0.115082421999479,0.0803593306190758,0.0619437249693677,0.0764463628174121,0.0975911993249479,0.601106477303923,0.10883903944661,0.770263473776134,0.23641070340539,0.0951327118359097,11.9844239459469,248.142800700882,0.116384961639921,3.27537343497163,3.06027027711238,1.6176498697247,0.141034100398926,0.10377181536158,0.0549298329103005,0.066425629263491,0.05857381168006,0.430461127707051,0.113527925834303,0.471814226958702,0.199237268134969,0.0959022687048031
"SSA_00123",2.75387006016343,0.0164974216025253,0.129864443314446,0.01605236735023,0.260098216149055,0.0218734036051879,4.70341372473064,0.674491549150437,0.0527623418310744,0.477666928700834,0.212707894441871,0.113507466504177,0.0873325316576748,6.2204058033061,0.695451511380317,0.0547998715504139,0.0431979107153146,0.279790868130647,0.115082729690101,0.0803592620795843,0.0776704258921797,0.0764440020449216,0.0975952325913898,0.601082292192454,0.108844310721117,0.711290943014247,0.236411456566933,0.0951322115361276,11.9847836194145,248.137115869297,0.116347467452746,3.41369844878662,3.05987459106652,1.73333172105573,0.141037482343597,0.1037731461529,0.0969319608708898,0.0664275438020297,0.0585723098273845,0.430466361687813,0.145521461910481,0.454475900816417,0.137366668931321,0.0886516709041211
"SSA_00126",4.04159766740441,0.00797473138796649,0.129869167382891,0.0206953205262088,0.260091920170914,0.0218728244726637,4.70345893229084,0.674486762157891,0.0527558726736799,0.47768014406748,0.212705124831981,0.113502979006055,0.0729360271274457,6.25656824924378,0.695456590547445,0.0378099341006783,0.0431970220669855,0.134964637669137,0.115081554704819,0.0803601456947386,0.0489994850530032,0.0764458369493611,0.0975910019531868,0.601085431269788,0.108840251927586,0.705318251618952,0.236409615848347,0.0951396873864225,11.984075091156,248.144814686274,0.115703657715511,2.98795745013715,3.07994761593471,1.66550839925417,0.141037662739013,0.103774792040067,0.0856594338281831,0.0664277617793508,0.0585729692298122,0.430459778104419,0.11538512421546,0.419333824250227,0.194999059229637,0.080973079308357
"SSA_00128",2.92302980990226,0.013561728973843,0.129863920695223,0.0116944879298153,0.260100286437347,0.0218730018372783,4.70359362723455,0.674492882122673,0.0527570339456185,0.477670661378765,0.212703464336957,0.113504005949919,0.083440311129361,5.99151716752624,0.695499375238344,0.0485445574208902,0.0431967163538709,0.175817056112601,0.115080953731443,0.0803600733948663,0.0531142585888254,0.0764480118624772,0.0975874733726128,0.601088939263631,0.108838982797672,0.645031846654021,0.236407602460082,0.0951343569684934,11.9844994141137,248.142386909357,0.116256684918069,3.13680750718299,3.0725664099587,1.56543324881749,0.141033258491974,0.103772248242252,0.088505310046198,0.0664249230786602,0.058573846313307,0.430453208214877,0.0775303927055761,0.456101813303069,0.177021782924623,0.0824069055246431
"SSA_00135",2.96175257521449,0.0456537103309564,0.129864272999944,0.0118111549730924,0.260097627413783,0.0218734000925333,4.70354532480754,0.674488921372231,0.0527565397110647,0.477670978813136,0.212707424147081,0.113504850266711,0.0838509395752342,6.13837315049617,0.695522396050301,0.0377686446674372,0.043195987860856,0.137967488501064,0.115085308424229,0.0803618285930472,0.0542694984895219,0.076446409759372,0.0975894738059662,0.60109102597731,0.108840368270097,0.876809691098297,0.236421104704378,0.0951356020831104,11.984829422521,248.142839691311,0.11782087931735,3.95492238483442,3.0761426881704,1.7109973080181,0.141039530030833,0.103772272980472,0.066292889950253,0.0664298716771577,0.0585736522501432,0.430470685779599,0.070759433624544,0.561280790589056,0.204191565244602,0.086416166746182
"SSA_00138",3.90836025930356,0.0359277533418949,0.129864668464854,0.0170121635562255,0.260114755290627,0.0218734234253586,4.70353877564013,0.674483669301026,0.0527563598119768,0.477726644226785,0.212709826299795,0.113503230596723,0.0839480556126269,6.49599336979272,0.69550460832024,0.0374426416195518,0.0431956823716726,0.166977665171056,0.115084110886403,0.0803666421373557,0.072084894531768,0.0764474078711162,0.0975917699090351,0.601083434579461,0.108841018653632,0.623870821577886,0.236414189424314,0.095132546856753,11.9845924599735,248.142824532339,0.116933606751896,3.50097845566456,3.07020507106592,1.49188428528636,0.141038740824139,0.103777403925024,0.0951375201320611,0.0664272542345166,0.0585732424695521,0.430464028567141,0.0735479038489766,0.558362076783249,0.194068528971028,0.093353147110005
"SSA_00139",3.82500204199872,0.0200919152227455,0.129865808829758,0.015153432807203,0.260101698475028,0.0218727556158555,4.70357580053971,0.674502687792434,0.0527573049880097,0.477696207282555,0.212710781258657,0.113503486307366,0.0777574478419448,6.44182583299627,0.695466797166919,0.0459483809941843,0.0431955085964754,0.215271449348864,0.115083713469993,0.0803596055824761,0.0517867920927315,0.0764461701356721,0.0975923814377498,0.601079194563899,0.108841028945065,0.656388542042896,0.236410711716458,0.0951316206633182,11.9845364195204,248.138336471588,0.115681487103848,3.45771761816748,3.05890935260617,1.61793529678406,0.141046856338501,0.10377471413122,0.0720927132064536,0.0664279045300381,0.0585736116280029,0.430445050904448,0.134998258619885,0.584196001378592,0.136220674215158,0.0846129069797973
"SSA_00151",3.26243757037757,0.124061945978547,0.129871722125104,0.0233021488940671,0.260091231546725,0.0218728549785448,4.70341206179931,0.674474603042216,0.0527647277083603,0.477763883024817,0.212705736575376,0.113505996024951,0.0874021239475425,6.09204518697299,0.695460635863012,0.0394378611628007,0.0431959443162184,0.142998847287603,0.115115681508231,0.0803591626865311,0.0558315599745476,0.0764458480544571,0.0975990690083683,0.601098954873794,0.108837827375326,1.32213080641576,0.236410583946398,0.0951328035580452,11.9856792530699,248.138897236718,0.116768049647715,3.2519143734023,3.07166417977963,1.57022720048527,0.141058810391864,0.103770915477381,0.0703401504919082,0.0664265363648439,0.0585738534649927,0.43046366373819,0.182670826095803,0.527349016186927,0.149021770378059,0.100392985785431
"SSA_00156",3.64110982311187,0.0335335918833094,0.129869527959971,0.0145097204366671,0.260098954908172,0.0218733177579814,4.70355011208612,0.674509354577094,0.052756705987397,0.477680659568364,0.212708095596072,0.113500689200674,0.0729755956905527,6.47996691190741,0.695471171162405,0.0505730466050984,0.0431957280715141,0.131537513763832,0.11508415752306,0.0803604555896398,0.0639711929657569,0.0764489588510285,0.097589326014637,0.60110067976596,0.108839836466514,0.889620889428094,0.236414108557858,0.0951358412918086,11.9842833235925,248.15359868262,0.116477565027219,3.18993155663269,3.08525307013655,1.53225016519515,0.141036514851823,0.103775559011378,0.0582366082762852,0.0664267905971679,0.0585734830646166,0.430457590023741,0.0444416723262852,0.7410842202747,0.286975636645662,0.0946194547657952
"SSA_00160",3.62751925935754,0.0224294385619621,0.129869881788986,0.0173380605483773,0.26009203348395,0.0218730079408442,4.703535923787,0.674490641648342,0.0527572888475782,0.477656390214241,0.212709553887123,0.113507598223557,0.0874966506462489,6.47645578447057,0.695453677804348,0.0445914735427728,0.0431960282084071,0.243838786502164,0.11507837834257,0.080357425864944,0.0576798412126259,0.0764465456846023,0.0975950009017737,0.601083934699132,0.108838166308232,0.774404074683123,0.236413657888435,0.0951333909206654,11.9839932679196,248.143670109467,0.118736827617151,3.10551563955516,3.07445801138547,1.70338019791537,0.141040710882726,0.103784488612893,0.0669848947069727,0.0664288930491644,0.0585753199625501,0.430449970703057,0.177549408187817,0.34912567259779,0.266805341603154,0.0900005331336981
"SSA_00173",2.39747562464302,0.0321134678331455,0.129868262493713,0.0142770240779428,0.260101429238933,0.0218737004200149,4.70355437058479,0.674514375679246,0.0527678687746786,0.477651511508744,0.212706434654238,0.113513880350253,0.125295631298797,6.22361947639782,0.695500061491939,0.0624114873881594,0.0431980414351534,0.115427236916881,0.115081703925718,0.0803608780866626,0.0598472280386066,0.0764459949299063,0.0975894995023346,0.601100487983756,0.108840984871926,0.740398497120021,0.236415113551663,0.0951326361468395,11.9853416722257,248.134666875593,0.115341743565889,3.48508236754636,3.0808902897119,1.66868790528157,0.141036620686861,0.103771908943543,0.0682337306001788,0.0664298807357714,0.0585733269652983,0.430460769398951,0.115004797087591,0.420298808206023,0.211973065427223,0.187724834095309
"SSA_00178",2.99134568115586,0.0189788755494062,0.12986715523677,0.0142465995333358,0.26010034325559,0.0218732365086149,4.70363069320949,0.674487362398204,0.0527565628363411,0.477675413876587,0.212715249692182,0.113506737421137,0.093773578854227,6.20229269939203,0.695461024263937,0.0435980797177843,0.0431969064648294,0.132660771006297,0.115080892671591,0.0803628169331294,0.0681214923380719,0.0764479715577478,0.0975874291201961,0.601097427971569,0.108843854552656,0.871658427849839,0.23641479958575,0.0951331711449827,11.9842888792038,248.141561959199,0.115442947809838,3.0742468473072,3.09098834126945,1.53009763723153,0.141034952728541,0.103773713618723,0.102926862086322,0.0664309349480961,0.0585733611964847,0.430456102992478,0.113695191911313,0.446559385719141,0.159500641907981,0.110748180870222
"SSA_00179",3.14798212766779,0.0443390935956534,0.129865684430737,0.0176641186828272,0.26012492153511,0.021875017643179,4.70362907987042,0.674480487794955,0.0527584015802877,0.477672497813627,0.21270376167119,0.113507212183106,0.0880950221677317,6.1618204541323,0.695461482744116,0.0501640148997973,0.0431969793738795,0.176109872880282,0.115080801518888,0.0803577869294824,0.0671295081305824,0.0764465185343317,0.0975885346322521,0.60110000843145,0.108835928925229,1.326638847971,0.236434830871258,0.0951328081036369,11.9846558417847,248.136048106864,0.115919167109995,3.78918365824749,3.07789279682855,1.51505390977481,0.141034547479705,0.103776131476764,0.109458828617395,0.0664276213680242,0.0585726285029001,0.430461858126639,0.0879168916785158,0.402875713902959,0.330329184232979,0.0912134582965719
"SSA_00186",2.71970582682717,0.0128510301816167,0.129869497281652,0.024287404608973,0.260096959072131,0.021872595866305,4.70348015079059,0.674507394391544,0.0527577485123816,0.477666302315518,0.212701818487219,0.113503712421121,0.083081062446165,6.07491833276349,0.695504058586487,0.0553896534215628,0.0431955185144393,0.106528760086988,0.115085227305519,0.0803600256212259,0.106182094904496,0.0764482068416846,0.0975886501734547,0.601091986395523,0.10883592976069,0.945796070685098,0.236413186993529,0.0951390615426996,11.9847004453363,248.142961757041,0.115519476609948,2.96022580548129,3.10048964263472,1.57550456010039,0.141041715224724,0.103776925111007,0.0869131079766129,0.066427699733061,0.0585735750647675,0.430459734273294,0.0582922431128296,0.5465367871034,0.173615767572655,0.0953492516484444
"SSA_00187",3.0121931492246,0.0161894947477882,0.129870036353403,0.01064760182478,0.260097457303446,0.0218730425460791,4.70353166793455,0.674482166736421,0.0527564280858924,0.477675012021604,0.212708045189907,0.113502947424024,0.0782423995673618,6.31953166331802,0.695474565085064,0.0383131806393806,0.0431986381829893,0.211349689453553,0.115083487747652,0.0803718338451484,0.0502848006665335,0.076446855673256,0.0975881223188147,0.601087373541646,0.108847863393223,0.652886761444185,0.236413659393657,0.0951331288101881,11.9845465501706,248.143158415623,0.118360627344314,3.06849836709941,3.07735879753467,1.63227226426878,0.141040361410983,0.103780663178765,0.085631085182717,0.0664274998186425,0.0585759757576286,0.430466598995387,0.0617586143040256,0.471233659142041,0.247957325152532,0.0836833187806632
"SSA_00197",2.98869093341014,0.0311096194817031,0.129879429795612,0.0158585857253883,0.260106205558854,0.0218754510818782,4.70372903690704,0.674489689587341,0.052755906765534,0.477665730411111,0.212729135680074,0.113512744589548,0.0721153481439055,6.83309908163662,0.695465212641343,0.0387636529894118,0.0431959206825746,0.157612981324253,0.115085382723874,0.080361371633277,0.0559083428002242,0.0764501887491954,0.0975896917842546,0.601095586983795,0.108841969543039,0.862883712366066,0.236418911258807,0.0951328564203366,11.9842187356998,248.143413398453,0.116634541572251,3.82293513328124,3.07680108444903,1.50012880965582,0.141041724702374,0.103780906278778,0.0714957999055802,0.0664303840542604,0.0585738843249889,0.430466073466799,0.0566254506261351,0.391191030123182,0.151996384537952,0.0893438860917145
"SSA_00204",2.98040449848979,0.0565986396056682,0.129868184817551,0.01336738726199,0.2600983221246,0.0218730165549503,4.70371085670607,0.674505269171874,0.0527597306763554,0.47765887343254,0.212709913326782,0.113506339186444,0.0908762127976303,6.11820177710416,0.69544158477757,0.0535829736415458,0.0431966372193482,0.142936683653187,0.115080502531219,0.0803625586244183,0.0761230892772216,0.076444714037085,0.0975904838472553,0.601097191828055,0.108843242578011,0.742546055128794,0.236420628134744,0.0951317115890662,11.9846819373608,248.141920192124,0.116995063935947,3.6212371950566,3.06659185785582,1.7824712817122,0.14104360052497,0.10377346781292,0.129510875646882,0.0664273680004153,0.0585727894235439,0.430490337054952,0.119009906373835,0.505694358807124,0.405274779477477,0.0870097862326256
"SSA_00209",2.88207802553523,0.0170265954376048,0.129866021337491,0.032871314087605,0.260109816132671,0.0218721891442184,4.70343696664704,0.674521418620854,0.0527567389153671,0.477666796075789,0.212721303586578,0.11350587851197,0.086637344280731,6.23244874992873,0.695476460721435,0.0467196518754677,0.0431965042385198,0.194031419127922,0.115079109271164,0.0803592028623058,0.0659941729997274,0.0764451064432893,0.0975892618012384,0.601093293826872,0.108837742898489,0.735297135025813,0.236438942715884,0.0951331870122274,11.9845530660086,248.145665698856,0.114896760263573,3.76759769120498,3.06281230817094,1.630638935951,0.141038827636666,0.103772347093299,0.117696219136939,0.0664255714991014,0.0585735221544802,0.430459795779412,0.0570141709496748,0.835245431589827,0.153446142711288,0.0919881458205133
"SSA_00216",3.30041123307954,0.057483106240603,0.129867088254341,0.0138857281774299,0.260108429145511,0.0218744018654786,4.70368276094776,0.674491875386388,0.0527570601897436,0.477715367660353,0.212706610654903,0.113499508564062,0.0827626598625605,6.81551924822342,0.695440368196312,0.0459606259917975,0.04319510299097,0.319908905244674,0.115079044261256,0.0803605443756943,0.100727756494571,0.0764449403035797,0.0975896189951464,0.601117066803822,0.108841806241255,0.841138291368539,0.236419547670993,0.0951359064546367,11.9842964222838,248.138908009279,0.116698819676273,3.4817020045791,3.06851542776051,1.68492560654164,0.141038257879915,0.103773760186614,0.0998738234162284,0.0664255849169783,0.0585732110451044,0.430475819131368,0.0735751604965017,0.448514537797568,0.247740292417384,0.0795463471609575
"SSA_00222",3.63161724314629,0.0285910335069395,0.129865517717637,0.0109610282180738,0.260095579009491,0.0218757668627482,4.70363159281569,0.674488313135474,0.0527568769989634,0.477678577838068,0.212706671695459,0.113504695096361,0.0968171268639676,6.19007119484355,0.695466142080643,0.0412219068996897,0.0431973765983056,0.203667542696938,0.115082380541427,0.0803602918784483,0.0918435390418477,0.0764472857915866,0.0975892715375478,0.601114913720831,0.108841344948339,0.744226027003154,0.236420985827728,0.0951342588600103,11.9846662551117,248.144682360027,0.116590277595731,3.24540532065581,3.07822074283081,1.50307627974222,0.141035683491623,0.10377494982653,0.0953534056726303,0.0664265299481521,0.0585742218244463,0.43046595054201,0.0846908285757496,0.535552013525175,0.216611849699173,0.0981759616808003
"SSA_00227",3.81254719453927,0.0116695122991146,0.129863252722402,0.0169569870492659,0.260103418453287,0.0218740702224761,4.70354599114081,0.674505959773347,0.0527557192541562,0.477665636300969,0.21270803604862,0.11350674499787,0.0825499586048305,6.16628912303297,0.695465719662742,0.0454339934964294,0.0431986203490032,0.152101647355842,0.115084226418511,0.0803595368175054,0.0648971680987303,0.0764468852547198,0.097589001822057,0.601088159729414,0.108836172252926,0.81241035762643,0.236419630089073,0.0951346976165409,11.9844866244274,248.154065757157,0.114570410932972,3.11870216856591,3.07833631195665,1.44548139590073,0.14103820521295,0.103773089924077,0.0853552414399776,0.0664264641094131,0.0585722583445325,0.430469560353801,0.0970905629659874,0.595390573703442,0.15326246913417,0.112501455262111
"SSA_00229",3.36488495252802,0.0188475279830298,0.129870016076023,0.0125773142411576,0.260106373081032,0.0218743145740622,4.70358702636889,0.674502171246716,0.0527565206587579,0.477691809260791,0.212719918115672,0.113500666533595,0.0770417649745676,6.34094209912048,0.695453537647081,0.0463337303625228,0.0431968714356433,0.160760437513701,0.115080456395359,0.0803604611771622,0.0783237443451145,0.0764476369485833,0.0975913675543949,0.601088345563094,0.108842189460017,0.962161680585194,0.23641166659463,0.0951367195292718,11.9837636206589,248.14540145766,0.117338636473669,3.20729991210624,3.08226641354968,1.52400168957515,0.141036508281128,0.103773629641461,0.0749048782330352,0.0664254586472059,0.0585732999915412,0.430474710804255,0.138243432117152,0.51886063188694,0.334476923788963,0.0811324027144912
"SSA_00235",3.72888288657268,0.100890154507374,0.129865312558789,0.0121784057128941,0.260090570065655,0.0218732238615642,4.70350101424995,0.674539201876291,0.0527564840649196,0.477681888272787,0.212716908072203,0.113505321549002,0.0891044932106226,6.64166726654071,0.695455653016867,0.0465413221444902,0.0431960983147964,0.11777619348114,0.115088499068509,0.0803596296957706,0.067083791433125,0.0764463338223024,0.0975878721402139,0.60110569443991,0.108844252409868,1.0262942857779,0.236437292757448,0.0951377484332958,11.9842483126972,248.142467150626,0.116440146176204,3.17285531346443,3.09077082718093,1.51352277935891,0.141039779172866,0.103772773392631,0.0856946209197631,0.0664274368034641,0.0585727506544904,0.430492778064053,0.0539768040306502,0.501776655015057,0.182358600507885,0.146477505889719
"SSA_00238",3.16013307161148,0.03774561843842,0.129868637004797,0.0134883848541511,0.260102169532858,0.0218735672474731,4.70359133235923,0.674499029330097,0.0527566202256584,0.477660763541877,0.212715182650451,0.113505754117581,0.083924527287425,6.40987935753783,0.695449669875875,0.0489679610282304,0.043196936770952,0.145183253947273,0.115084756000689,0.0803609268240009,0.0659689129823655,0.0764461923651162,0.0975876300710267,0.601113634292769,0.108842451287824,0.613619064845173,0.236414173899377,0.095134061063084,11.9844558760432,248.139358800012,0.118435767549228,3.75148719220298,3.07117071429817,1.61712587491332,0.141035352673532,0.103774062008586,0.0826400442662519,0.0664292496012635,0.0585726911088663,0.43045841994665,0.0947820110630953,0.445511244797366,0.1646917231801,0.100546355919992
"SSA_00239",2.71833750018331,0.0234642723006151,0.129862564910617,0.0154921880453467,0.260102540154492,0.0218723547309566,4.70397445303619,0.67448060205331,0.0527574901119931,0.477660562063373,0.212699340888562,0.113501976219815,0.0800136031046568,5.95871611427471,0.695487558882209,0.0495065143526226,0.0431969057018641,0.137777972449888,0.115085088141797,0.0803637342774663,0.130552302702276,0.0764447859741863,0.0975881847505151,0.601088374711727,0.108837335000989,0.887867451776162,0.236411550044869,0.0951333680987743,11.9857937194847,248.135080574982,0.115773368202389,3.05575519480437,3.08721784519502,1.64662433099262,0.141067775143649,0.103772211903671,0.143421639556107,0.0664274524754391,0.0585768383596273,0.43046623121603,0.0555658344067442,0.498508254683359,0.255371462689518,0.0942847472141889
"SSA_00240",2.86146666589502,0.0311808334690798,0.129868209616419,0.0121861938892093,0.260094953606997,0.0218739098394794,4.70379590017756,0.67448162047119,0.0527579024196591,0.477672560744614,0.212711240512722,0.113509597685076,0.0805484808067887,6.39061894746549,0.695459345998285,0.0421156221048403,0.043196213392994,0.135075274752287,0.115085698690685,0.0803599217158256,0.0499304225375336,0.0764473882373599,0.0975890245830986,0.601084925093653,0.108840132769927,0.615836489826618,0.236433010254675,0.095134208253956,11.9845299584207,248.141302877106,0.118015492882472,3.07024004450805,3.07334614659705,1.63858705987872,0.14104392772571,0.103773561219968,0.0710078659629197,0.0664286370452103,0.0585750053293751,0.430474322496567,0.181020386499992,0.428123001463852,0.170854725891772,0.0876474523534889
"SSA_00241",3.30359180203281,0.0332752950018875,0.129869317704589,0.0133573199498896,0.260096663057999,0.0218733191899684,4.7035250503817,0.674483043511478,0.0527561449469976,0.477658449833733,0.212715739917598,0.113504220108737,0.0769837569992625,6.10347949389142,0.695475922896834,0.0477391892422381,0.0431974433840262,0.142342218852843,0.115082052378635,0.0803610321360417,0.0693582897964985,0.0764454848971241,0.09758804380186,0.601087956457283,0.108843231692614,0.733895415304892,0.236412425817264,0.095135255631714,11.9843362796157,248.140021733312,0.115384114993219,3.11390945445677,3.07357900942644,1.72414870158081,0.141035878162807,0.103770901325009,0.0914385642210958,0.0664262732864085,0.0585744515009413,0.430458431885395,0.168875337909443,0.452411617082607,0.151864433015185,0.0947977497899394
"SSA_00254",2.54976315313351,0.0232769165279614,0.129865519036432,0.0125750187379839,0.260126782731413,0.0218735035296384,4.70386808001409,0.674476785451504,0.0527633919367313,0.477690210825952,0.212708378670232,0.11350115413433,0.0838200743679292,6.23862155563683,0.695504196978251,0.04253005904444,0.0431962484319979,0.11188251370971,0.115083034448676,0.0803578875280754,0.0783994337867194,0.0764501102137683,0.0975920367020664,0.601079051895349,0.108840230953609,1.04570670171364,0.236412783212058,0.0951391208888625,11.9841387074577,248.137690181683,0.122969229624969,2.95142492883187,3.08976774801062,1.66706319057649,0.141038204342889,0.103770569771287,0.0613936728834665,0.066428498793369,0.0585741396257143,0.430464905326635,0.0934103975904147,0.541816294528427,0.196633483523172,0.0838949860307462
"SSA_00262",3.30117777409348,0.0536177319805116,0.129865112194209,0.0389287329409001,0.260104204348729,0.0218720913972832,4.7035207439227,0.674608808171046,0.0527558560085386,0.477660967117089,0.212710871231791,0.113500779489664,0.0824630798690299,6.1730521581788,0.695474061072366,0.0469720954243539,0.0431976951017152,0.163897238408927,0.115083713037811,0.0803580648389236,0.172377322713349,0.0764483012284861,0.0975942434040721,0.601104699367167,0.10883740255702,0.783957503921673,0.236416275650739,0.0951322488285981,11.9848632320871,248.140929033563,0.116188126723986,3.04889615737903,3.07460091582147,1.60032313845054,0.141060874444828,0.103775460913591,0.0981071405404465,0.0664266124203622,0.0585756595897904,0.430455975674169,0.137902976421769,0.509782375484692,0.153306536815862,0.0747723993749165
"SSA_00271",2.84698843169765,0.0469725999254895,0.129868260190798,0.0125189525838763,0.260101114833322,0.021874122845739,4.70348291670885,0.674526263691613,0.05275723499538,0.477657268161128,0.21271429940505,0.113504455565149,0.0833584578595585,6.26061679969772,0.695450254360384,0.0418842752106384,0.0431974032485255,0.168280799721986,0.115083433435562,0.0803606291304516,0.044341762988157,0.0764485820613477,0.0975870609585006,0.60108673001719,0.108838540785002,0.771328264325726,0.236423210503931,0.0951334269268753,11.9847412119634,248.140291528574,0.11703128621024,3.57440920478195,3.05923543696845,1.58200772222275,0.141030719283392,0.103770970022244,0.0549897399179497,0.0664282103961146,0.0585735638889565,0.43046582017125,0.0867453331808164,0.45989738094887,0.174250516747592,0.0991087368913298
"SSA_00275",2.74302549825978,0.039821260912221,0.129866080643043,0.0105479640404008,0.260095801599492,0.0218733271903552,4.70378388917094,0.674496201535943,0.0527574323153396,0.477723745836703,0.212714324686959,0.113504047236184,0.0853732636177486,6.59437322643495,0.695471528360392,0.0467171428769833,0.0431964324072735,0.136360254563206,0.115083825388936,0.0803626920448552,0.0620166889887223,0.0764482306053236,0.0975874242031628,0.601094460384413,0.108841557123913,0.674682920722244,0.236427876867623,0.0951336544261794,11.9844237186364,248.138856761136,0.116447899249553,3.05332159179173,3.08682577783658,1.60273922227444,0.141036032896705,0.103779004383741,0.0786382991905103,0.0664255677979643,0.0585749465441663,0.430480066899485,0.167107143843219,0.500411763363269,0.154429902732931,0.104628439994121
"SSA_00279",4.70786228004343,0.027407552065948,0.129862372988669,0.0174615668244761,0.260090460183376,0.0218737706869106,4.70349193534143,0.674505156645183,0.0527580056835655,0.477676663789752,0.212711422788086,0.113501976105849,0.100273151119802,6.13002192483184,0.695469789511604,0.0441781867883133,0.0431965527834642,0.141404024019038,0.115081741935571,0.0803598713676087,0.100370361671711,0.0764457893611499,0.0975896772938119,0.601130175083045,0.108840671842957,0.758116970284662,0.236418484727535,0.0951314710949626,11.9841338865755,248.136675781551,0.118744657748112,3.30926807135923,3.08669534729054,1.63211467889659,0.141037015649013,0.103777546026629,0.10015672171709,0.0664267619469746,0.0585739958537384,0.430461253761366,0.0783686419138806,0.440711528202312,0.203211560623327,0.100939333107502
"SSA_00286",2.48455140764203,0.0328766811133446,0.129875089508366,0.015880355326252,0.260096155478184,0.0218725574743417,4.70422690251372,0.674528337777215,0.0527569210143706,0.477656353951404,0.212707540474373,0.113508841353758,0.0785272109927474,6.07715695780987,0.695456931255756,0.055483236220424,0.0431972671830954,0.226055899501518,0.115083093585339,0.0803589936549692,0.0838424272093118,0.0764473369855536,0.0975892659769186,0.601101777568308,0.108838580285671,1.20869659960385,0.236412958138905,0.095132639609908,11.9844297286173,248.140555934023,0.115159424048898,3.02821133458505,3.06844343238792,1.50585324792135,0.141038434300559,0.103778766265581,0.0767913426549633,0.066428474215779,0.0585734055601341,0.430482735980785,0.0651952389809095,0.493758522151545,0.185077607965773,0.0846582300613047
"SSA_00299",3.30100402974033,0.0295903190636563,0.129868346513942,0.0125610936406945,0.260094466351922,0.0218729612249335,4.70352254338664,0.674548496507609,0.0527563486569226,0.477673570277054,0.212707031939074,0.113501546473652,0.0770402590299816,6.26283436906923,0.695465889001173,0.0898908753056288,0.0431964393704285,0.135685122061072,0.11507815077647,0.080358677185427,0.0842188221796685,0.076445066148496,0.0975964097486986,0.601092962155037,0.108841970595977,0.632714441382859,0.236420127682936,0.0951330335432262,11.984056764716,248.149175020181,0.115653416569421,3.9676477451963,3.08476811781573,1.5458745769002,0.141036563496501,0.103774493868267,0.135810208869205,0.0664256278736653,0.0585738133367294,0.430459210570776,0.121815161152353,0.499989339455552,0.162771027859779,0.0954348931342973
"SSA_00304",3.22289430028297,0.00990368750464284,0.129864083944217,0.00871256083340424,0.260100881114539,0.0218733010309802,4.70351751651257,0.674499993614727,0.0527560323459579,0.477669040818134,0.212712397103434,0.113504594049232,0.0965259455920404,6.05399178658006,0.695446477192277,0.0378767746373942,0.0431965629578664,0.179347814102584,0.115088996588841,0.0803628445137289,0.051701789416818,0.0764502212945859,0.0975881839779611,0.60107980473648,0.108838784406118,0.750174998512711,0.236416497964674,0.0951361543072966,11.9843471728938,248.140195371602,0.115366708639659,2.90053063595827,3.07378788454713,1.72327749259641,0.14103808912076,0.103773336686458,0.129753674293746,0.0664328981113379,0.0585728626349397,0.430472304135915,0.0994072437979669,0.465005931179743,0.23388484455535,0.120951470042771
"SSA_00312",3.36410974116245,0.0847620275071263,0.129864853193517,0.0141146247981706,0.260103950777367,0.0218731445499644,4.7035493780233,0.674478936565962,0.0527629222708032,0.477667140607687,0.212710281166371,0.11350545844079,0.0836933226652457,6.35859227285387,0.695481006256954,0.0597557606958107,0.0431963966032661,0.136082628002495,0.11508643684643,0.0803578939477417,0.067716286612941,0.0764487624959722,0.0975934977776684,0.60107556983007,0.108837864598067,0.7369858274474,0.236414803152073,0.0951328340509045,11.9844680919861,248.133858896086,0.118180355818696,3.10958529219549,3.10286227407081,1.60639301587451,0.141039651494011,0.103775654099549,0.0697069562812704,0.0664271630249751,0.0585742171495172,0.430478059907,0.0747177157446363,0.42371251823046,0.193662729775921,0.0954654223445979
"SSA_00359",2.9254808214628,0.0311421542119763,0.129865577168874,0.0162032908352542,0.260094719610897,0.0218734369351663,4.70355766065062,0.674498753194033,0.05275677850078,0.477688715005929,0.212707816865764,0.113510950397255,0.081749604967855,6.34842058499734,0.695466700056693,0.0422158198825102,0.0431967790652399,0.149879235346245,0.115085011826435,0.0803610597489974,0.0565395563467797,0.0764481345577577,0.0975895831558305,0.6011031849891,0.108840259103611,0.968943053100685,0.236417219355574,0.0951353353655116,11.9844928519397,248.142711640893,0.116295121258498,3.08799092759963,3.08474982786186,1.56601919016165,0.141037473642095,0.103776934083436,0.0728478244834356,0.0664270034467888,0.0585751906831274,0.43046859533995,0.11735685716887,0.482034859362563,0.204841341641519,0.0971474646644436
"SSA_00367",3.16264357063694,0.078868363857016,0.129863738177208,0.0211648708388432,0.260098451421758,0.0218721154240161,4.70359543594707,0.674487843525917,0.0527581018097054,0.477693540090606,0.212703616502004,0.113507157148645,0.0825168073144757,6.35155045553009,0.695462531267615,0.0403126347496739,0.0431979298657124,0.140369719708452,0.115086596617909,0.0803610422468951,0.0720138063877871,0.076446659518054,0.0975899798700988,0.60109247339524,0.108838687256973,0.795482659350962,0.236423470065006,0.0951326480420742,11.9849324817745,248.136974782777,0.115269917198992,3.34230833646903,3.08043358934264,1.69082070132469,0.141039275185881,0.103773441559419,0.051062452095055,0.0664249523669336,0.0585748207367392,0.430474510341249,0.0491326543144397,0.660996830870115,0.44623086193943,0.0930171238732998
