"","Km1_CO2","Km2_HCO3","Km2_PEP","Km6_CO2","Km6_O2","Km7_PGA","Km10_GAP","Km12_DHAP","Km12_E4P","Km14_GAP","Ki18_Pi","Km18_ATP","Km18_Ru5P","Km33_NADP","Ki57","Vm2y22","Vm3y22","Vm4y22","Vm5y22","Vm6y22","Vm7_8y22","Jmaxy22","KaRac","tao_ActRubisco","Perm_CO2","BBslope","MRd"
"SSA_00002",5.8666380722926,0.0371794648625821,0.0898673808499104,0.0116099057393208,0.252125580411137,7.92775867740224,0.0628745824867962,0.397407871469833,0.155000752917506,0.168837017979787,5.61994481382381,0.833616067216182,0.0567386449197751,0.0271973063579156,0.104249522241539,0.0869019105413431,0.111540291665575,0.122307299204567,0.100825959786466,0.0926647364138175,0.812360611033931,0.61606983895753,9.22909173500307,333.295776467132,0.158600296406671,3.53430480942092,2.04788188340383
"SSA_00012",4.60430988523445,0.0271207823111977,0.101688495862813,0.0152273966497871,0.241052546589031,5.47755810172898,0.0446723624544668,0.463840943641026,0.159660869932978,0.168683084739735,4.84478698475444,0.672600910810256,0.0542320209754422,0.0390631858507252,0.149430155495293,0.0823831361431949,0.0900535530835524,0.122056964525805,0.0973700394075641,0.090452822214492,0.82113172539395,0.59972450859933,15.2458880244191,217.187251318953,0.174563924937899,3.10642633501284,1.81442630936285
"SSA_00014",4.93846889207673,0.0278371220643656,0.110818034861237,0.0158002762355656,0.254569752151588,6.56127637046878,0.0574103575626386,0.519083666914867,0.153947241760816,0.176914909379386,4.61958071217842,0.722040624092464,0.04778256971115,0.0288838237342514,0.144248031308072,0.0892051547725785,0.0960977284094837,0.122336416933835,0.0980429031764266,0.0904871969384312,0.826455423482938,0.589487964546986,15.7567875060091,234.67496968075,0.163698686516904,3.10441347638638,1.73368379315041
"SSA_00015",NA,NA,NA,NA,NA,NA,NA,NA,NA,NA,NA,NA,NA,NA,NA,NA,NA,NA,NA,NA,NA,NA,NA,NA,NA,NA,NA
"SSA_00019",3.50696350028054,0.0249418387616847,0.0903659282239557,0.0160896960959366,0.28078300588251,5.7983915441532,0.0642051953040076,0.469724492400612,0.177375133663646,0.14596948673012,4.8992196323485,0.743859282943743,0.0464918647815765,0.0318456220166753,0.151650574155987,0.0791976767455599,0.0965492857948314,0.122076225627419,0.0995664976720892,0.0915029156982478,0.830611720637124,0.623374667564612,11.4450927853269,272.832428675138,0.159409727185958,2.84251388314807,1.94229801578512
"SSA_00020",4.8153018922787,0.0278641718295151,0.0891802382898468,0.0173379390327343,0.219121459310707,6.31327324708788,0.0693051350465019,0.406399199547717,0.139171475629487,0.16055103653716,6.95487700820579,0.984725556361808,0.0579011810185154,0.0368245939176344,0.150243580769821,0.0805575477103228,0.102057537110448,0.122127003372435,0.0977562653973227,0.0903983658939489,0.808131968880144,0.616112965973599,14.4204567044313,255.509891147066,0.148585128356102,2.96088596165745,1.85509149261463
"SSA_00021",5.00859289561091,0.0263342767586138,0.108893662017102,0.0129181969091879,0.191664272776048,6.9170607818955,0.0630825298497649,0.472771382933957,0.160664689782024,0.144115644673751,6.4933370149142,0.786962438667711,0.0477550341662474,0.0401585588781669,0.163474641884251,0.0813393686746576,0.0943772584238293,0.122353431283409,0.0983198750265476,0.0912757444866867,0.8219020247275,0.592636770867425,13.3906103148739,267.05914403848,0.157393269430175,2.99634437251384,1.63540106512212
"SSA_00022",4.08205715699733,0.0299158411078584,0.0897337910505084,0.0166439284687934,0.21778568777949,5.70982678082505,0.0559116688453598,0.480285104355706,0.167812830324662,0.144255438617481,5.64270206662985,0.702327102769555,0.0536995733198235,0.0342947232284402,0.162158255916911,0.0912944492579372,0.0936631344633812,0.122224614044651,0.0983192157888095,0.0912443977612099,0.825956162916823,0.61416088608445,12.097615879056,249.007671432029,0.177485475506707,2.95647222029797,1.64697612210845
"SSA_00025",4.94947009824846,0.0308974006093593,0.0927530173230804,0.0155738848702206,0.195956336448394,5.87190562925987,0.0597922720323142,0.412254647889549,0.165082700009203,0.158848654013271,6.16929460687885,0.824448438798562,0.0573525741571082,0.0380368045040059,0.172433933017687,0.0847518831353626,0.0965002677073062,0.12222916694986,0.0980217077707824,0.0911588680289101,0.819875888138904,0.60261326013647,14.1411939385611,251.022838369929,0.176801828733952,3.03904819558905,1.56827348562406
"SSA_00032",4.64088599745647,0.0259087940379274,0.092617201675184,0.011301001965691,0.140872712559992,7.41905405321319,0.0674350984518477,0.538011792403033,0.134673465723607,0.135604558682532,5.86217400130839,0.669031122660574,0.048571719934743,0.0385502777325313,0.159176556890915,0.0612671036035278,0.0914784134452013,0.122329421997949,0.0980117696765331,0.0913403230157493,0.823334071250417,0.599750289412343,9.25326241004107,250.028668884124,0.171294611237787,3.09737199147623,1.60571778139878
"SSA_00034",5.18480895681917,0.0286294165686462,0.105650371921222,0.013570677343088,0.219953209056386,5.68917151175803,0.0685678629401864,0.44996660047587,0.14540354253694,0.163222833858778,5.89283878606102,0.840791127174297,0.0467054606293206,0.0371574498493558,0.165474996964676,0.0691289083635503,0.0934878470681484,0.122263121252348,0.098602656665193,0.0908502512997067,0.816793664880257,0.61228164932944,12.3880660634977,225.532580944248,0.168392297934926,2.92369364543515,1.83957810174806
"SSA_00035",4.62454164201162,0.0256161513552404,0.12304992335846,0.0180129037851686,0.301900660452406,6.02099575666319,0.0509294558281291,0.528467678857929,0.128026913844198,0.180900676356115,5.23592780327832,0.742541289786823,0.0495052477119716,0.0416118203232843,0.138305088010071,0.0497908843926521,0.0957539708355501,0.1222788776693,0.0973994802253634,0.0900340264887163,0.811570348593253,0.589404047739472,16.0913111889829,206.19354934752,0.157953494023677,3.1347064789136,1.69382733022291
"SSA_00038",4.60338485481063,0.0277417312186725,0.10106085698909,0.0118064531807832,0.233434264753522,6.4665280037954,0.0550678758155427,0.462525475586264,0.156727290002024,0.127300002613607,4.76016640368436,0.592225299111736,0.0438847488773717,0.0395612025799284,0.158142694742482,0.0986633189360301,0.0937856015611115,0.12214114571002,0.0975895033704739,0.0910843013665035,0.837458368245375,0.595930751429063,10.8360749379637,240.827584141127,0.192777339287502,3.05278738730139,1.68765442930715
"SSA_00047",4.83449783030809,0.0261711142766833,0.0908450923434851,0.0137878415662214,0.196559432797807,6.77685371222393,0.0527211005751071,0.504882881775325,0.143432862431909,0.172519227558473,5.09707380647078,0.821236796688795,0.0420166056982635,0.0374697296859418,0.156364189931985,0.0766756128568177,0.0974625406722221,0.122123620854029,0.0981643257597536,0.0904219170958284,0.815959420991034,0.603427301593384,14.4865343373386,249.233895947159,0.146601866245249,2.95884912902347,1.50772704784417
"SSA_00048",5.4108464478501,0.0288118137318196,0.0936717641916491,0.0154387994814286,0.237841679230666,5.951142523447,0.0486908966644605,0.521464056359746,0.140460038648099,0.164953732821125,4.32143040642403,0.669904294076979,0.0393448878090282,0.0354759499632529,0.16461519198203,0.0725177973855642,0.0916613210291401,0.122189678276188,0.0978404663632599,0.0912346984878905,0.817247662122424,0.596840433485364,14.8396685053203,210.716467802163,0.178658595328834,3.1058180906578,1.49294151240267
"SSA_00053",4.41639949052989,0.0298129101042231,0.0935989648422457,0.0155572145839661,0.26036093525895,5.5933368856637,0.0567512663610036,0.521628343315629,0.149624084180291,0.143606668458375,5.35158478437141,0.682320407086375,0.0504710130767642,0.0352331951458116,0.163247173450395,0.0963619254203952,0.0953613580482652,0.122115963449105,0.0984155218619601,0.0911175018387954,0.819353966958247,0.609953491452862,12.3207964880687,244.787735263069,0.173068595975341,3.0178009044022,1.73886121108196
"SSA_00054",4.79138290435937,0.0275230325804338,0.0868225688027054,0.0157843169855607,0.231406157090085,5.81453357119794,0.0523999071729651,0.448536360596021,0.175435443399124,0.130912899841324,6.70169056060523,0.877698006292961,0.0567521653550433,0.039444564129585,0.152899670716562,0.10243126111697,0.0981357224820284,0.122185640590862,0.0977324578998405,0.0906203892615785,0.817461288869612,0.615685472915304,15.5678344374434,240.080672207876,0.162946179588422,3.06981209381308,1.7063673068334
"SSA_00056",3.97152067186981,0.0310660459035477,0.0769484767825646,0.0172107867747013,0.23931079594793,7.13643575388188,0.0590212296121413,0.41367397428775,0.154078315545579,0.125242583112402,8.08609682657271,0.893699781110206,0.0673125755575753,0.0305695217678678,0.161104669948059,0.0592542183518852,0.101061102869739,0.122286219121041,0.0998628080598359,0.0914296206428972,0.82999506239949,0.622829851474785,10.797987435385,216.978724267399,0.182972003403984,2.99857099591983,1.67467562545629
"SSA_00059",5.41145284824524,0.0309085445302245,0.113999753122141,0.0155538546043013,0.249071093138007,5.85513484008041,0.0508261321059762,0.509659784252443,0.185106022889717,0.181777254744106,4.94344065025294,0.784027414379823,0.0520224063008304,0.0365020379631988,0.142129940682559,0.0989922526101627,0.0921461411140921,0.122186124281491,0.0970389089023468,0.090639136434728,0.825500096609511,0.594887952570991,13.4699555973017,225.596308734642,0.163895620643993,3.15682257966282,1.82259232739344
"SSA_00063",4.67187376156313,0.0291484323603291,0.0894691879422611,0.0139691224283033,0.241812572945979,7.17481987652302,0.0591763156981055,0.484020210484147,0.162084717196588,0.159805233556951,5.20840504225496,0.822994917488069,0.0496722472684002,0.0352984339880955,0.171502454974376,0.0858929715316703,0.0980806112802336,0.122119818836617,0.0984879452926292,0.091877958667147,0.820104417826773,0.613263640695077,12.9225691885904,252.19615620426,0.161864347175311,3.00199610298091,1.70585888354876
"SSA_00064",4.73549925064487,0.0273336889930965,0.111173717014615,0.0157958663926877,0.222551160821633,6.48101571394186,0.0553432760570261,0.493092313829795,0.157875249006785,0.149771459794023,5.67695892701543,0.747389355888882,0.0423433731496236,0.0380705049803202,0.167704185907006,0.0739336428217974,0.0915095250342113,0.122322081613214,0.0986150164999644,0.0910164793936905,0.812742073876605,0.598176594885401,16.0226571172281,271.471258883452,0.184211556350652,3.07138678356865,1.75867619654473
"SSA_00065",3.52954335608108,0.0304429416845799,0.114935603286711,0.013220329088363,0.224632745818606,6.80573690748617,0.0559915155177789,0.461238162335137,0.161227547288708,0.148974369007961,5.37634772346222,0.666731253786839,0.0447349302849108,0.0343767333549431,0.124357376687669,0.0883041116365618,0.0993510722369782,0.122135083516479,0.0981663223617745,0.0903540828040872,0.802582723022328,0.587960776887952,12.763796893188,259.919841501148,0.151344889480586,3.02003270126042,1.90354382372358
"SSA_00066",4.3877871469834,0.0277849869741622,0.100566826879065,0.0139738607488168,0.205869051199383,8.99112761630424,0.0572886467865627,0.485519560616265,0.182796618114446,0.202291017687217,5.51814315753614,0.803934893846828,0.0507779441673365,0.0314678105796282,0.1585341293083,0.107501021054444,0.0961566610205453,0.12221194605022,0.0979898311089095,0.0914523289088436,0.832127733771482,0.624019134450506,13.2688034664029,237.187218855178,0.170501405267132,2.85913926994347,1.6155650337952
"SSA_00071",4.34049918344796,0.0312133981929405,0.0879617163689792,0.0120063101089026,0.164207717849589,6.33934910130375,0.0563473480489603,0.425513808687081,0.169607835162039,0.202225026901719,6.9229800020535,0.920940637538774,0.054193579616126,0.0380799402146608,0.181593514260768,0.0928123556157027,0.0978510352794063,0.122402103359425,0.098263206516252,0.0923456289109662,0.800314954003314,0.615585686460224,12.054871770643,238.569916359361,0.173309328586082,2.9598543227752,1.74019622018661
"SSA_00073",3.92717644987793,0.027195591840046,0.111945415750633,0.0149888901222393,0.228230215646944,5.48770964736022,0.0590653207251368,0.485129180479378,0.162492982725424,0.182870713538026,7.03442308836703,0.816350107456909,0.0497387067767075,0.0441724955600604,0.165983640947182,0.0934613254914212,0.0939349943788632,0.122274301648439,0.0979542040121199,0.0904428777873837,0.812560039389509,0.612129605949393,14.7492794979474,232.388445748051,0.163928499641456,2.80943998484545,1.85168625891645
"SSA_00078",3.91689156063095,0.0248676734855757,0.098279067162215,0.0201546318513293,0.211128272063589,6.10017940632759,0.0456859796150379,0.502113760143334,0.178934690725751,0.139371354501124,5.82206161890643,0.712869057490031,0.0456609766379675,0.0387200069778004,0.174589239773092,0.0976442190024127,0.093344849935916,0.122282992184267,0.0974593732098346,0.090346553290526,0.834878232260562,0.610219088684918,13.5418560904564,217.176314079645,0.170744439026846,2.8296155401911,1.60415104249084
"SSA_00081",4.33085900354579,0.0238089398413512,0.102229959985962,0.0111414168849609,0.207833829473298,5.7879604818502,0.0645493145066841,0.388246015514354,0.163154730614673,0.188268000812811,6.34101976281961,0.813269972448205,0.054340211375752,0.038472397455399,0.172450378532021,0.0828987113971312,0.0957450268188087,0.122213885500831,0.0980518181949153,0.0909425834604183,0.82207772984906,0.615377738713417,14.2878033683396,247.520657755103,0.179028237156372,2.91839693395318,1.88452281004601
"SSA_00082",5.5344454112097,0.0248581091644807,0.0871436112277028,0.0151829153384306,0.24536984982352,6.62487125220011,0.0602920558761185,0.512787230002772,0.134429299737864,0.126100982547303,8.1174515855963,0.708555516371716,0.0545891810778025,0.031969148078284,0.179918702266946,0.0820567769084579,0.0969577944381742,0.122362433425747,0.0983428506602299,0.0897243528021715,0.837809538512753,0.602523305808859,13.5246865140228,218.834583955528,0.163835618303164,3.16742553021796,1.69522830753251
"SSA_00083",4.30043175932287,0.0245331032674026,0.0922121175720422,0.0156401519280344,0.186488667234514,6.06625528719793,0.0548818279749895,0.547184714334887,0.166355518054956,0.155474611286016,6.20169956054214,0.804888222484225,0.0547289884330477,0.03152690771235,0.161199631907031,0.0840540166513432,0.095448042151178,0.122352156413349,0.0984567440129837,0.0903079023534782,0.842951780107614,0.609428742852051,12.6020899071979,216.457876713709,0.138829138644179,3.07040722134793,1.68205439276803
"SSA_00085",5.09450715638332,0.0313832876260778,0.10492667677007,0.014578795870082,0.234064373975775,6.71490748547633,0.0577960288350255,0.445967517464713,0.143371221287064,0.176008120812704,6.06508509726419,0.777915732173602,0.0457020618751551,0.0320170844639245,0.145663183933718,0.0807585887553301,0.0974197939129406,0.12226166396584,0.0991638571962609,0.0914973375352983,0.803634420922845,0.608139965454815,13.4193822933061,286.781304051919,0.172233110180513,3.1067630260254,1.79670679794093
"SSA_00086",4.11962522920529,0.0302718012924661,0.104672600565878,0.0165099565019869,0.259650351362079,5.7733040522076,0.0593256546280825,0.506154777244149,0.152145783425555,0.131904167721865,6.57809089509358,0.796471248998785,0.0500780286538088,0.0344056337740268,0.173675848403572,0.0866572140649734,0.0946518030900791,0.122299607943711,0.0991613504886666,0.0908641666416484,0.842788279858833,0.618785082437867,13.4642860458477,219.142010660114,0.164025873056295,3.05054094616549,1.73089511582021
"SSA_00088",4.73277323367596,0.0269854839771529,0.116918672673998,0.012073331375317,0.202200230456419,6.30227992692013,0.0608223080921727,0.411575227990337,0.177325164309601,0.146491318256853,5.71205066260544,0.81852767319246,0.0513792638646683,0.03983666050776,0.187418266387166,0.0765573791624449,0.0905840787704534,0.122339338267532,0.0979120469934597,0.0904224737391168,0.838024893588129,0.60747752784887,12.8883032320927,240.870717049071,0.18848655382344,3.00420905339091,1.5025670825874
"SSA_00089",4.03806250479848,0.0251419262018694,0.0778536709933273,0.0131609664894084,0.225644871140126,5.86000521697061,0.0559492201726177,0.482531079283141,0.159408128292551,0.151283175870097,6.98076889409549,0.64724830203973,0.0429375637156627,0.0376283932029831,0.173321457005135,0.0817061577488252,0.0997084543645867,0.122158460233204,0.0984949944780583,0.0900135854306414,0.828798191844415,0.605571420753796,11.8107153871655,245.816874592716,0.151086276710278,2.95989409186129,1.76188064408305
"SSA_00090",4.22665379189185,0.0333802426828485,0.0982690728915483,0.0134759693950695,0.253249951569547,6.58733265791516,0.0549907038386222,0.462332593005965,0.150666601256214,0.17677481332356,6.57738883310555,0.752418822126893,0.0452667355269572,0.0344558501261111,0.158650651960647,0.0843973254024137,0.100174827563415,0.122134632772294,0.099160597375116,0.0911865739226414,0.81575090051954,0.616177967819156,12.5832278392935,257.810950967779,0.171064686818441,3.06756184133285,1.83458975448227
"SSA_00092",4.83508171927972,0.0266090576246342,0.098445790342419,0.015681016423237,0.264839659184568,6.31932745399836,0.0564881919608824,0.347233995721164,0.148831895288807,0.149462613814646,5.98912825774917,0.842007997941192,0.0438489072595548,0.0290628410150095,0.181194086315863,0.0913109378254609,0.0915521124916594,0.122158170676204,0.0986445571436752,0.0915648955731014,0.837901951801901,0.617433729681756,17.1290673678214,242.452821063204,0.201595065778819,2.92360393960128,1.86028328888542
"SSA_00094",4.11929924856449,0.0289759218065133,0.123851113436046,0.0161387361849158,0.252371779766469,6.28995341251639,0.064322905423608,0.521857393937999,0.163051636491304,0.149149923097415,6.69291858290088,0.755059554425643,0.0517977798078486,0.0331064678838168,0.181243060556187,0.0789241579866224,0.0969808488712472,0.122318538673084,0.0979827450510178,0.0908252633391524,0.812010801031762,0.606641241594249,14.2914911550757,219.026519492456,0.137345024946308,3.03458380076206,1.80172506716824
"SSA_00095",6.25945102590348,0.0317741163651506,0.073252447330837,0.0144372722643705,0.230765176347339,8.41263526175731,0.0573290574781228,0.479023978119534,0.159562139790411,0.159640763806686,4.58467257063919,0.829744203851202,0.0534514928994066,0.0322864161220427,0.141114041990027,0.0782172346465531,0.101338327204315,0.122225996044515,0.0995830696894661,0.092523002780934,0.82370766015179,0.602751809869093,11.2283346051207,287.311762854689,0.178099609563193,3.11725535137271,1.65899305751298
"SSA_00098",5.1926063423445,0.0265501283429963,0.111077629017164,0.0125350096853142,0.225953026508566,8.40419791736867,0.0643542433042814,0.503019613762995,0.1837280253867,0.144338140554558,7.17762331351973,0.746822113739634,0.0440860865551657,0.036381118037206,0.178464676825258,0.0901093005202674,0.0891434570121069,0.122259546366821,0.0983773440134237,0.0899413113779393,0.849262541234616,0.586398346014918,14.9958785897096,212.094811114769,0.152428284837859,3.0167351464014,1.49755962816166
"SSA_00100",4.97613508303396,0.0284272159917412,0.11000901615066,0.0147941472132612,0.242487975660675,7.70209026226642,0.0628375085677874,0.483619172606372,0.177894137755061,0.155582018349831,7.5290755103476,0.774764035262224,0.0464232540165595,0.0345661764814506,0.156980098082305,0.0912749785266018,0.094788104605806,0.1222336134873,0.0981550880995445,0.0909006633050456,0.824632475648633,0.59193884546075,14.7978859222407,230.777210883995,0.154195478385169,3.04393250156447,1.82164697775325
"SSA_00101",4.28329338253757,0.0266220344082399,0.123374827715111,0.0180137365570219,0.260791390395942,5.54168035360863,0.060238681703348,0.450234665508514,0.148168854312975,0.198331557517413,7.01061716232088,0.715177400261013,0.0562317142716235,0.0422163496414048,0.163074600774868,0.0681534292626172,0.0964889280541601,0.122199138553348,0.0981006568741546,0.090480472040456,0.810696336289229,0.608927963158054,14.674265498056,189.751451318684,0.156349182913467,3.02798583463736,1.76498568223924
"SSA_00104",5.37522420148045,0.0330275249634399,0.0944464666210343,0.0102413840151249,0.207493725599216,6.74750734120975,0.0586116816075131,0.544104222815009,0.163375967062978,0.134564576463251,4.86139702259139,0.645490642089025,0.0517181762643762,0.0342967815607041,0.142972213403914,0.100773567769192,0.0917801922011704,0.122059682092385,0.0984200500316401,0.0902186196715954,0.818491743326316,0.606136123160538,12.4845800616831,211.027478796942,0.175011103154994,3.04090511494488,1.68960661151345
"SSA_00106",4.85380856014046,0.0309318147966183,0.0946611803809025,0.0152068900493761,0.225135430576178,6.03143665003935,0.0590160716465482,0.426551275924084,0.18076070167519,0.156462227915168,5.46819459107745,0.710445251803304,0.0510932725205907,0.0362788907757161,0.163105566891309,0.0933155508104469,0.0976983463375239,0.122197299832708,0.0982048234723197,0.0915600755388943,0.821452542896614,0.615127174783397,12.2012194565593,267.860917927362,0.163928368454224,3.00533195779065,1.6934381229167
"SSA_00107",5.36308929287515,0.0285650569320777,0.0987687684575425,0.012770613810268,0.232440038542778,6.64281523419132,0.0558783671471728,0.48869343080336,0.158809437081558,0.162107887196318,5.6606310866724,0.827084134031908,0.0486372109635506,0.0361635256090934,0.157706266342685,0.0864468483762191,0.0943718937669135,0.122399727679866,0.0986189195464723,0.0910392333458437,0.829051886829889,0.605750199060821,12.9872367640622,244.627019985676,0.180480943641484,3.11044986924745,1.73028561234181
"SSA_00112",4.53776661387337,0.0306572928650509,0.105782877337799,0.011767852666146,0.192167931349708,7.28053520516819,0.0530006089072075,0.529233428946827,0.182479612557077,0.165956215186036,7.10513559376848,0.782193658182981,0.0469082831339887,0.0337540054954863,0.168571741804798,0.0907891074532952,0.0922763945514321,0.1222861076425,0.0986226626658727,0.0911519028219045,0.835636730962991,0.602472509462355,13.6270076193897,255.512191659001,0.184031295198126,3.01637529261639,1.70871422006692
"SSA_00117",3.73054277464145,0.0281046577356067,0.0909232571263932,0.015344127395057,0.224614013886778,7.25574943933479,0.0606679474175446,0.479921562445906,0.172839010505502,0.179242295778703,8.24059040798662,0.813174175056811,0.0502202125779835,0.0384718203297127,0.18683937484143,0.0719209004321773,0.0905854436674871,0.122174204088858,0.0980821981988273,0.0911577163669045,0.841807453145437,0.599314243271843,13.6769498894666,244.867233095432,0.157169122918828,2.77403532311663,1.73436044745887
"SSA_00118",4.80927366762633,0.0263822816435272,0.106599992092781,0.012409342315207,0.189764843639441,6.01475869812209,0.0628639578800566,0.507290465359758,0.151574662630829,0.149606867715817,6.01709432484468,0.929105112833845,0.0414700558971409,0.0395171782719337,0.192743913509876,0.0936397496784522,0.0952833548690985,0.122073106729693,0.0977863040533202,0.0901534567161898,0.804725402343003,0.588597641509776,13.5705014284005,249.01276901919,0.138419286689674,2.85617796765619,1.8365627090744
"SSA_00120",3.9391224975556,0.0267963803764455,0.0751742381962444,0.0111403062371691,0.202931420185375,5.5172840227744,0.0597483731310255,0.449272883372658,0.154957574593187,0.180830645924687,6.50683961032475,0.753571309278111,0.0562330144513851,0.0419754907668414,0.147341679341544,0.0828706731933967,0.103604863211402,0.122120513235062,0.0987046232151647,0.0910468665957646,0.82017591496493,0.632379386841694,10.5751108481553,274.80202410092,0.155174961473156,2.94841918234315,1.84522389670024
"SSA_00124",3.46956247654791,0.0233817254729626,0.0986837768587765,0.0167976855748916,0.197073685871179,5.26878895514435,0.0755517696544409,0.428450753346564,0.161061418543712,0.174536409936514,15.0200395297173,0.950760613458901,0.0596260701495604,0.0417690313088353,0.281938160036636,0.0817802115127085,0.0895662064048617,0.122452079887785,0.0974007474789028,0.0900916592388386,0.812386818378436,0.602313219921129,12.1543864897869,236.162669842415,0.123908847218726,2.64631889245275,1.46699403675829
"SSA_00125",3.64123994471638,0.0300812954398332,0.0974966139973229,0.0164880706816125,0.219832092784721,6.11878433108459,0.0602341988332714,0.522824088147357,0.155886899428406,0.143170534064504,6.93226893322235,0.771005020584081,0.0543091630219302,0.0369940238020722,0.13805563948621,0.0783838620112332,0.0958201600701188,0.122228528587755,0.0993129054416731,0.0920384651623981,0.817902316548963,0.624571639699236,10.22856850846,233.007377642149,0.18625188572215,2.92053626428,1.71485276690263
"SSA_00127",4.47222484628182,0.0261739293168003,0.0737801002973569,0.0152577630128838,0.248820698152718,4.47679121049354,0.0448753987134253,0.503850503057989,0.159281649358636,0.17092967676692,7.83729415702383,0.953531529537539,0.0482108802347835,0.0364943635195537,0.165688134403862,0.0916057834325104,0.0990864496030216,0.122268681198406,0.098625948307573,0.090860430875785,0.833362298883593,0.619770878202502,16.9886205776287,259.141158610753,0.140324887873697,2.77309911082424,1.74127742814055
"SSA_00129",3.48179618404205,0.0318478038328069,0.105283608002262,0.0168264026884472,0.220683129472426,6.73137347644687,0.0541171891812728,0.462533710954274,0.174702301921427,0.168594184324332,7.4745538119493,0.796432595204709,0.0475720302437563,0.036651999984106,0.173351956700615,0.099903373181543,0.0986218087937937,0.122186867019605,0.0987984570083738,0.089945872351602,0.830975628952612,0.592519354892029,13.755192487445,272.081846303865,0.17872046202136,2.88525247488383,1.52920859307372
"SSA_00131",4.4182416525844,0.0315624995316824,0.105114315571566,0.0116501707504289,0.16759512516222,7.86141491306764,0.0555872194484719,0.481988296517869,0.148972749288548,0.154905457827132,5.65883808743066,0.869621548283803,0.0453479648062375,0.0408968664195944,0.199436767813725,0.088027929024841,0.0925650736562902,0.12209751712477,0.0969394495149631,0.0913565051422085,0.821912478027436,0.596596756180355,13.8379600542975,229.151399024254,0.156544431551546,2.90941635106804,1.64573425088507
"SSA_00133",4.34639706834358,0.0267543450941862,0.0970653013475021,0.0150901493093698,0.213507078907906,7.33973573270257,0.0614962468907642,0.40276118841982,0.135696503459685,0.161379442225773,7.41882236626525,0.866928912402509,0.0464545147578811,0.0306769462237522,0.181435713093571,0.0777158033837738,0.0942616206278552,0.122290140068263,0.0982377053073359,0.0899824488270881,0.827772576753862,0.572856462120187,13.4984418527171,272.61392328663,0.158418333141023,2.88646972074124,1.52498896343057
"SSA_00134",3.87624894690073,0.0293306057535485,0.105534234212284,0.0176789164896753,0.222826838321107,6.76550438518484,0.0518458313860163,0.384412057821129,0.184554333114062,0.210527861879615,9.32578816129623,0.953900800970008,0.0457718736208257,0.0347725053614984,0.184097734429179,0.0798355498156376,0.0985322522217955,0.122378720526199,0.0988514837283381,0.0905860536568781,0.810687277584823,0.596214588715885,14.543831965846,253.974317846935,0.15477133962458,2.87475948808448,1.87117652640373
"SSA_00142",5.29858500341156,0.0281523247367563,0.116530793404123,0.0145053552911404,0.247202304821492,7.41400424465871,0.0487073256079958,0.506152669065437,0.184150154203292,0.218009028406036,6.68644603345939,0.738623090167111,0.0458387307909386,0.0369805653772633,0.146431256722188,0.112752598760187,0.0966132895989531,0.122139569011254,0.0982514784568345,0.0899873175163887,0.817886054440511,0.615867657076257,16.6173107540157,257.922733454833,0.176749230458756,2.80561841514832,1.91036122078199
"SSA_00144",5.0871265163561,0.0273036393348682,0.0769203199880489,0.0171948072522873,0.249469032770978,4.17812133090853,0.0580350660565302,0.521667485047044,0.123947239891058,0.146748747621506,3.99946468859706,0.771664226865431,0.0473993221104435,0.0360411975344165,0.143988755600656,0.0747183967726905,0.0936676250378603,0.122102857396651,0.100292561040148,0.0910467583180667,0.828944877569661,0.630916977426753,12.6854581624868,215.702124827183,0.200139606252214,2.98581450872349,1.54847741345419
"SSA_00147",5.94190087589688,0.0276798231764297,0.0809893505232348,0.0175794786933914,0.249673031936512,5.56773606685466,0.0586516842563954,0.451699303301218,0.147954350821271,0.187917565848611,5.43411311332883,0.789537999347207,0.0587315785173179,0.0384109327133559,0.153434016186117,0.0937220592267027,0.0938003361717408,0.122124163871897,0.0993444332967389,0.0906080289353366,0.814981496646454,0.592977510502209,15.3359305127273,268.914236137589,0.174202330194935,2.91674305648439,1.80585800261183
"SSA_00148",4.13084490080627,0.029159328535067,0.100829704219533,0.0161091881302203,0.260213155536365,7.59411355914968,0.0528588994141092,0.524964223259377,0.190664054579628,0.180132493519333,7.33073146866581,0.796338839662325,0.0436549538378166,0.034812245145302,0.176229045386484,0.0935861051993244,0.0924867511623832,0.122112406678311,0.0980064787200323,0.0905760410659454,0.840814296191109,0.603401302981377,15.4125187323809,242.637098992633,0.171372720699391,2.87750927241551,1.99924947674403
"SSA_00149",4.22369438051639,0.0289030359541577,0.0873621639862874,0.0154938680671479,0.262222904447819,6.38201479724816,0.0462996240212305,0.448367699831379,0.182369162513903,0.183935950049048,6.83854042131044,0.795485742663941,0.0506741617867858,0.0348194098962224,0.145229100505817,0.0856419169645457,0.0943841276959967,0.122080842793015,0.0984457108864325,0.0905993479630171,0.831501788668803,0.609074094806221,15.7163153534405,267.548816019291,0.148620077337563,3.0254610224552,1.78099454023887
"SSA_00154",4.4977403855292,0.0246729904418895,0.118807615185823,0.0176344516876625,0.264128429747039,6.17197979796624,0.0582655330795932,0.466295334044093,0.147030402386478,0.199969052239602,5.95186133683196,0.877236135541779,0.0427989037499944,0.0296466590826786,0.155023448443271,0.0886034731875163,0.0915305636151334,0.122220549683582,0.0983185094804688,0.09133546116758,0.818308502796682,0.609441362894942,16.0522196295061,291.731538234577,0.178310803390913,2.81116669652672,1.9093306982242
"SSA_00155",5.30143819051147,0.0290037599053578,0.079834145881916,0.0138643839797752,0.238699127869123,6.2754979393897,0.0603740569805918,0.472447663331441,0.135071156296953,0.126458933946802,7.69281110286318,0.893618593089702,0.0526170898415284,0.0338817696335008,0.151298563493994,0.0633567328659458,0.10008918285855,0.122269105013179,0.0987423890651523,0.0912582226001611,0.823126649024037,0.596538257072795,11.9048970443575,261.857888206351,0.170970460928897,3.09713598689027,1.67749337652348
"SSA_00157",5.38530935825835,0.030321297866632,0.105722211396981,0.0120747203724512,0.217299576557964,8.35592643440505,0.0553237121008536,0.455463300933376,0.186030920128156,0.169544226529192,7.87199235622814,0.779359995950738,0.0425410277786871,0.035949251023947,0.190321007166278,0.0872908766216755,0.0948064494535797,0.122338007086868,0.0983399959884363,0.0901915774146836,0.825028527913222,0.5820447888716,16.2355394757451,258.311253160336,0.175136438543633,2.91519524919545,1.71524640114843
"SSA_00159",4.33118742140443,0.0320700378665838,0.0850847210714673,0.0169768015251821,0.208570945032534,5.55546243834634,0.0622909423161442,0.468761092671665,0.148797407799526,0.166952642754839,3.98412773339984,0.725808036353532,0.0512278786933094,0.0378307145087507,0.133116889706571,0.0881496954499965,0.101937535900038,0.122180018219168,0.0974495060611007,0.0912948573017472,0.80025862384306,0.619641573070179,11.8424944060113,243.384903918083,0.166536960281787,3.06455129777245,1.8236409283176
"SSA_00161",4.59678176438837,0.0314651977375755,0.0925328930268412,0.014216322340684,0.213538589053328,6.24962013443272,0.0644140750118642,0.525749347607688,0.154997140134316,0.149735203213175,5.43042347907616,0.732556401188358,0.0418066699354887,0.0313730252898389,0.152575479501349,0.0796808779868649,0.0919983557871986,0.12235456466278,0.0991857367900443,0.091571246301693,0.810933826489422,0.597131692492407,10.5829237910906,233.066679983018,0.20092119420464,3.02250151078468,1.68424089830521
"SSA_00162",4.9495026648568,0.0305421074559963,0.0924419626990874,0.0121498479486309,0.22704235776039,6.38088960196177,0.056604433170127,0.502722583521161,0.178870798577131,0.121380965830477,6.08438451766866,0.780788486067011,0.0507994514374118,0.0386030275566015,0.164882471807117,0.0991144063813817,0.0951572664928055,0.122046891825869,0.0988345159513639,0.0908455516252778,0.824568607865245,0.600325363735885,12.3019925117467,260.522870945555,0.171684212239681,2.92558195887807,1.60077289595602
"SSA_00166",5.48970705709283,0.0240158985124166,0.0897915288187645,0.0156289761920004,0.228751595776751,6.20324470958806,0.0697284191665519,0.386137086359876,0.143817023435759,0.180364669143417,8.5165837631112,0.923524530743209,0.0521871467757328,0.036813602920671,0.192741440664828,0.0919956792368877,0.0889209840923729,0.122121246379017,0.0989199406102108,0.0910677090745887,0.8217473973926,0.605481134484969,18.1565988655956,242.046144077158,0.183336291590031,2.77587390127805,1.83252661014601
"SSA_00168",5.66385670308667,0.0226591285576841,0.101875051230892,0.0115184215990565,0.21646068181839,6.76204424758244,0.0489980979730051,0.479112740660276,0.209753160216585,0.182398996600298,8.39040371144358,0.754966008665809,0.0415034778037486,0.0389211320569243,0.178068147004731,0.117984565488872,0.0945303281201192,0.122233538811658,0.0970830888577266,0.089928548101355,0.811986209785472,0.576358491866563,18.1365920563982,238.347204866105,0.161479450260786,2.75455881755166,2.04251428701786
"SSA_00170",3.18678728340356,0.0225834724454319,0.117213745200273,0.0147068931198946,0.226638050178907,8.57835845896334,0.0634442844113035,0.537085827496982,0.174747544328778,0.14829937545435,5.599427682855,0.767187537402438,0.0539292011962903,0.0359159681232002,0.176243746229084,0.0718930512677631,0.0888512667316239,0.122348404070017,0.0985985823745314,0.0917631443152828,0.849742109044133,0.594208567010023,11.6773011875587,232.225332653723,0.157765044082737,2.79992448552882,1.79228251667745
"SSA_00171",4.03708433708842,0.0265072076557022,0.103488725978364,0.0153074315223062,0.228611261367734,5.96558156851583,0.0502177357568653,0.517701751480792,0.164288197829609,0.155850227505481,8.6694606460698,0.791889746327842,0.0424656769559991,0.0381009864367479,0.188816041568015,0.0825476565160353,0.0898933098422153,0.122301071375546,0.098953608707252,0.0904798050927659,0.810380761385105,0.584461296575672,16.4214297640184,259.752843493655,0.157023250364482,2.92003617939372,1.67611823661762
"SSA_00172",4.72645540030672,0.0261974720792987,0.0870126889371639,0.0173059678711199,0.210375976070812,5.79269089202581,0.0603601784849494,0.433478976424666,0.157582893835005,0.156978652863189,6.77475439966504,0.82719244488873,0.0501171333212093,0.0316010983579661,0.1482192068588,0.0759558518205806,0.0986890610378237,0.122093944142266,0.0980225798861778,0.0916672737696161,0.814470693505071,0.623708978683068,11.1945660760348,257.907122190947,0.199177303272205,3.00889375108606,1.93537438848523
"SSA_00174",3.87613579452273,0.0276200822432728,0.10289930402764,0.0146369378404391,0.232990236825849,5.99456786567748,0.0600049030497917,0.461039319451946,0.170231370514792,0.145620408911868,4.99491714005224,0.818782643690781,0.0447303975120063,0.0373563311231229,0.190582977073061,0.0972461562320361,0.0989200155296229,0.122294909703677,0.0977328145379749,0.0914057859884143,0.805463421673623,0.60902508487067,11.5563151966544,253.333823081342,0.180263424692471,2.80595257837331,1.79011735523631
"SSA_00180",3.8758406791537,0.0295345849504757,0.0870019190536792,0.0135085247161695,0.246701539152193,5.72995102431833,0.0578716516133027,0.446504799387092,0.141560308240767,0.161363788496949,5.86126619643812,0.705026976944973,0.0528221334850146,0.0405889006354792,0.149156478698514,0.0758584063002483,0.0963315592253129,0.122129273201728,0.0986232905145213,0.0916295850745835,0.82246199732215,0.612122899869471,15.1945475161687,233.256215825973,0.166314941702617,3.02892456302136,1.84650135958538
"SSA_00184",4.60606003758531,0.0293861978292857,0.105268963562456,0.0158823805526554,0.250176561413378,7.4211894891381,0.0580888798753732,0.473038708833086,0.182826209014654,0.199795553787622,7.99602593902942,0.814811350460695,0.0548505982607282,0.0374763985425089,0.17750649595026,0.0936217302291937,0.0956528914401405,0.122167131952548,0.0992348652195227,0.0911447607533411,0.822960429736847,0.625309568942719,14.3517685024459,255.4915986958,0.171694788082004,2.8935892745175,1.77647925593058
"SSA_00189",4.24435076407053,0.0267757910816387,0.084934384188636,0.0127104968943022,0.182015761154791,7.02601287248899,0.0567124014458543,0.43894960219582,0.183891887783871,0.16475787429584,7.0973347332644,0.723581221393002,0.04759845195482,0.0352344293889746,0.165720649318949,0.0897504079992166,0.0928815159530538,0.122168080958769,0.0974435755730949,0.0905778177826217,0.823900436454522,0.601105615459076,12.0806150742062,252.069165944214,0.170784014678195,2.84848688563026,1.72782915669152
"SSA_00191",3.67815699222461,0.0244301144361535,0.102732728516298,0.015645127225865,0.225961070250831,5.43586744327178,0.0748470907523213,0.399643535825231,0.159778306571619,0.249182424650782,2.97434166892848,0.767710649069203,0.0456005870273546,0.0327786070612298,0.145798348183518,0.0695744369141705,0.0930109065848652,0.122057111885663,0.0977342770180836,0.0897981208315294,0.815999207080559,0.602810564222781,14.6522616951999,204.824407008988,0.164766316580151,2.93034135204542,1.89077395661603
"SSA_00193",3.53137143246634,0.0292987987622993,0.0714154545165559,0.0131336575302155,0.283702889224225,4.35153876256429,0.0617437112528443,0.534110813096938,0.170833914003001,0.158649802141653,6.09723531099495,0.781721686700542,0.0500347790818484,0.0319281285324164,0.149682752311922,0.0890990516805622,0.0985481861360334,0.12188660803057,0.0978372400194592,0.0915038586979177,0.81674372631452,0.636120636001466,11.4401241818929,234.544026824196,0.17457776983439,2.9665153113773,2.2177584496564
"SSA_00194",5.14015134102505,0.0254314072925231,0.0939994491869769,0.0148165736307434,0.213505284274124,8.47255939154687,0.0549860707511321,0.509874989361433,0.16013216994967,0.11742366693403,6.02314602228103,0.783753442256083,0.0551659543215776,0.0379068245078496,0.128612010287501,0.0890575715208041,0.0939606030082843,0.12209093289563,0.098571450534508,0.0906260411421883,0.844482461324867,0.575493667518344,14.1634278810851,242.734090604167,0.138927680977646,3.04587216268476,1.69078350094871
"SSA_00195",5.40640869492063,0.0310810271413072,0.0767622844195939,0.0141059839568913,0.242403165700971,7.87268531415491,0.0588693075828661,0.44649718787804,0.13798044881501,0.15210373343461,5.98828616505523,0.665664716567917,0.0509445703715533,0.0322880664032354,0.14690715526244,0.070545783294582,0.099116496251156,0.122139735631077,0.100853607858015,0.0919532705145681,0.833102413611887,0.626722380140141,11.8833332219545,266.991686182622,0.187903674831806,3.11121544410207,1.69042352571297
"SSA_00199",5.18210805380097,0.0289126060854761,0.0948482622794717,0.0149499473012816,0.212421645326748,5.87084061119631,0.0614107732618883,0.500657108977844,0.178997530245186,0.156952125024087,4.79224921233435,0.713880112051915,0.0417770327141874,0.0367282832542138,0.171184774874085,0.0987356908301429,0.0993371027437562,0.1221893989588,0.0977456506345416,0.0901680466790022,0.826841083219611,0.630967626460708,14.234717815685,205.671423013362,0.171121767431836,2.96566950274446,1.70005415365457
"SSA_00200",5.89454154649804,0.0289190215217357,0.101721437738494,0.0118601242574756,0.231326071831378,7.76710691316317,0.0557107702474061,0.440882027517811,0.186486982198816,0.142116671296104,7.57343344917206,0.745855701914062,0.0420376854185166,0.0335964472921333,0.162345619794804,0.0990968791245581,0.0959645823811847,0.122323641493247,0.0988640194990992,0.0905781815603562,0.828315812968287,0.583293294205701,14.2284162802915,300.854762499883,0.136840435378983,3.04848582671126,1.8174227500193
"SSA_00201",3.48950950813594,0.0285998966025628,0.116575375522205,0.0157992253355296,0.19958916976348,5.8090155283821,0.0535143653444072,0.576047166535905,0.161600691794866,0.207134263505658,6.11755412371969,0.915727085482538,0.0437827218007409,0.0389031260004173,0.14872351803341,0.109457143221136,0.0950117492300527,0.122117155765312,0.0985232513087907,0.0914452452897395,0.817843828415655,0.603029803790842,15.1011719630782,286.696073232748,0.143038372606952,2.79144819265477,1.75482331631913
"SSA_00202",NA,NA,NA,NA,NA,NA,NA,NA,NA,NA,NA,NA,NA,NA,NA,NA,NA,NA,NA,NA,NA,NA,NA,NA,NA,NA,NA
"SSA_00205",5.0532748048455,0.0265430714118543,0.141285176854208,0.0146690120128364,0.255512895808899,7.66052904900783,0.0637921141190414,0.445506259312189,0.191917779196844,0.14387319509956,4.67045345773997,0.823219984756372,0.0483500346284248,0.0389190062928276,0.134405528696126,0.0978648139847506,0.0944627493744234,0.122319140683094,0.0985877182664739,0.0910498474696933,0.834128587563569,0.58661980371619,14.1481666830446,246.441110641784,0.187354046086448,3.01263262230576,1.76121368951073
"SSA_00210",5.19772736360791,0.0264659883563995,0.0853185180433415,0.0205103703867285,0.204812750298679,6.38938699587807,0.0574789728158849,0.461957329548364,0.186636517289907,0.175017002876503,5.92368416081062,0.800781776306837,0.055433658409805,0.0353239313284876,0.157030645958044,0.0987084421527332,0.0962337272464791,0.122228968537769,0.0972034428060595,0.0907054216270069,0.814025116062913,0.616855562791924,12.804821466487,286.617797256634,0.136530609683856,3.03806914937736,1.69442759652072
"SSA_00211",3.70124221121127,0.0283798495702621,0.127092662724423,0.0144070044093503,0.19879456613676,6.51703590626133,0.0606988827327345,0.42005320695628,0.179337633715605,0.172815657217199,4.6656844125545,0.739749780204225,0.0405631760845867,0.0354511446891137,0.196830258731171,0.078058429406645,0.0873978877677647,0.12234052919911,0.0967335772477715,0.0913449831060099,0.818770258953032,0.607986042447148,12.3326211178789,224.025749958789,0.15873593361036,2.92784365612388,1.65892519058601
"SSA_00215",3.51423606836439,0.0283296864121801,0.106307382329413,0.0170543571184598,0.232437704913298,5.90841543763121,0.0564052055292301,0.492105757952181,0.176185506689559,0.172784083267033,4.46083484831908,0.831627779705349,0.0409600558023094,0.0311524721030298,0.170513034291053,0.0864299168766915,0.096225946298092,0.122174049169397,0.0985432293563854,0.0913769130003854,0.832437606013265,0.619109224663673,12.2871749267733,246.659944348868,0.184400654531725,2.9019016283463,1.6315256725423
"SSA_00217",4.3731251009392,0.0282074051300767,0.125157441379654,0.0187669374891417,0.226318091959231,6.11867651144007,0.0572531243483301,0.546154729399754,0.173036142529919,0.162796077673709,6.68229639063894,0.894989671028771,0.0493610704955555,0.0310922983348881,0.135284014548459,0.11873607024255,0.0961484854670871,0.122286023286953,0.0972774811031323,0.090785409642564,0.818497341835825,0.600975481200733,17.7431037773684,250.841927299409,0.147077651418023,2.93230436548946,2.05150587327584
"SSA_00218",4.75644494351313,0.0281067961838191,0.126058500692277,0.0185031979160199,0.226783484334577,6.51360152439743,0.0591832751999556,0.568225721029013,0.166514993151148,0.171171910666809,6.15131622018852,0.905475845779276,0.0498160120989638,0.032474928280037,0.136848548990465,0.116748182418266,0.0970372457411434,0.122251428453946,0.0972308854087779,0.0907936004819475,0.820545875080404,0.600038386142753,18.2490161704736,246.507446202217,0.146946994333476,2.97414898214329,2.09001273172421
"SSA_00219",4.42642235808747,0.0291754360753324,0.106055942380719,0.0139086457334439,0.21754800507451,6.36287471329292,0.0579949075753192,0.565548475105015,0.156905796562792,0.145939596940904,4.59068080659673,0.67678639797696,0.0410475678174637,0.038777712547971,0.139128357231047,0.0868477357538018,0.091592912672915,0.122203230150417,0.0983757327839954,0.0924891740659815,0.811890722778719,0.592315927493192,12.0222348916645,275.349969301726,0.167666126870145,3.05109975283347,1.62989982390724
"SSA_00221",5.26085889495784,0.0272299300600237,0.0915004712069703,0.0147619684135413,0.221863064565277,5.53613656146118,0.0496577452826414,0.459361037982616,0.188256937720433,0.158777365595827,7.07283127372259,0.783927268866332,0.0499679931647017,0.0366952421616217,0.172281644456778,0.0858591937528714,0.0879033729248344,0.122273767001416,0.0975437595737801,0.0901949908715577,0.814118223280728,0.585716821158148,14.4100175977426,264.748334102124,0.137633199974631,3.17822991189839,1.78601484918005
"SSA_00223",4.34942243797836,0.0294610532625016,0.104611203505998,0.0160298908344241,0.238552293362147,6.60882079867115,0.0595452560456197,0.481100482886828,0.171434620079557,0.171279098332404,5.8590821088257,0.88803213497617,0.0448795238526624,0.0321871255653671,0.152506587922745,0.108208984741093,0.0929837356181348,0.122216065280555,0.0980994713300207,0.0906839721278622,0.816099998501287,0.599620844783873,15.4882479500471,247.186506971557,0.172119050308078,2.79080900650394,1.87208881767361
"SSA_00225",4.90750585187157,0.02876735328769,0.101790419441485,0.014839364399847,0.22089506660086,5.85165240033724,0.0573976235533361,0.491256842587998,0.134483458645635,0.187746791045033,5.44858790107271,0.731666185155178,0.056434118895029,0.0438939328565341,0.130249600223608,0.0772195320777994,0.0945197392250044,0.122103554713424,0.0975358673362811,0.0905860197340912,0.824016769901662,0.604306324768936,17.2641569873912,195.939805690217,0.156129604713703,3.27836330213646,1.77516809130711
"SSA_00228",4.01893943052531,0.0255425884649953,0.101057010490857,0.0139930439403829,0.208939529737898,6.15129931369462,0.0594215567607918,0.390510330818391,0.131328984559124,0.188187874243886,7.09906634040917,0.915229321283565,0.0463307391547789,0.0326492515739032,0.152710571225442,0.0726136337032863,0.0986760931940625,0.122329023035832,0.0984947478605363,0.0921641564314636,0.805687994445321,0.612274157836239,13.0303992845112,283.684562370613,0.17983025351846,2.97133894690185,1.86274693497744
"SSA_00233",4.87014564615401,0.0286662958786157,0.0900535808723188,0.0158586714362457,0.203923052428404,7.172405669002,0.0668735708598227,0.451542227887815,0.175432775752525,0.196188369496739,4.7130285528324,0.776776192237318,0.0554392011275765,0.0371523622463336,0.188540590959707,0.0707816226880335,0.0970651410741907,0.122154633436477,0.0977902695293476,0.0920598222053921,0.834266035257425,0.610224977064492,12.8510134800273,230.532646799459,0.161301809055155,3.07906893836683,1.64666518639019
"SSA_00237",4.6968604841516,0.027131805472445,0.0878607477085906,0.0155882280476451,0.253421886120113,7.62222925962531,0.0682252928638388,0.426700554853726,0.17851539587689,0.160206148656296,6.42603750056084,0.837675162792571,0.0544510912920738,0.0368655457321749,0.159370015258563,0.0885211281965747,0.098188046287491,0.12221161361202,0.097726231166552,0.0914826818596435,0.821087789614505,0.604447963938659,11.4524820513585,246.780350401867,0.172768680073435,2.94054144782838,1.74236202994293
"SSA_00242",4.57709962747153,0.0312475636885057,0.105848445857593,0.014709015382258,0.225136055041278,6.76364148884445,0.0569097035981394,0.475151241274767,0.16508039240086,0.133530157397305,3.42949677773295,0.600630562860079,0.0439735652099983,0.0326286288521701,0.145753700334558,0.107346172989786,0.0925540419465233,0.122079388238766,0.0985169558121443,0.0912068107762811,0.806248385108807,0.598537532761316,12.2645039227762,243.314695912221,0.194487463106238,2.99582705304513,1.72081613827257
"SSA_00245",2.8500659882331,0.0261189519213986,0.119817157638417,0.0167205262225624,0.25312933631456,6.80913892500136,0.0463535844875395,0.550379740465383,0.167240263702381,0.114421250239482,5.67536295576075,0.549045098281716,0.0508463442257335,0.0396870600469971,0.138166607513884,0.0833180550594863,0.0859550615915193,0.122162343321477,0.0983636269001057,0.0904498293613919,0.82732807788378,0.590564107385078,11.5954161343853,230.612890616434,0.160777619105168,2.90567958860168,1.63450727578036
"SSA_00248",5.33808529914661,0.029139934532356,0.11553621494896,0.0125986486012788,0.234602790664086,7.6594734903387,0.0587415438496623,0.54666949457346,0.159160217925828,0.187820663222246,6.17334411758973,0.73991541463363,0.0372727411065727,0.0358051718455559,0.169846896109384,0.104017511073523,0.0973942659788088,0.122098342542172,0.0975413406909061,0.0894831828119458,0.826502708061471,0.599194108804021,15.5361462785164,229.928776949024,0.156214601957572,2.87169422854354,1.94830472282382
"SSA_00255",3.75658340438128,0.0350745063653423,0.111290707306854,0.0154691559541402,0.227736915660865,6.37968035548789,0.0607536013402603,0.44166027731873,0.169069547014293,0.17089653313181,6.13327651485033,0.815076481174453,0.0486152846229055,0.0366691245802255,0.169769135004287,0.0768472313007505,0.0926184118185821,0.122245710850532,0.0994070547357395,0.0920624655536801,0.817102237306964,0.613834481576798,10.8916044074407,222.84803338806,0.199238079208162,3.04813204557699,1.66022849919109
"SSA_00258",5.39780653449867,0.0281590270403128,0.0659352931143402,0.0136249105011684,0.264155986766346,7.54950085499089,0.0544307870264671,0.479693996975401,0.186499965387346,0.143301249359301,5.7790398552853,0.732718679090472,0.0533616525701017,0.0307798091487223,0.147616173379746,0.0760071089972591,0.0909347893728859,0.122265616907883,0.0983047055522688,0.091961297698314,0.853678610604066,0.601401398967696,9.69624172282934,246.674162069925,0.171247586083386,3.01416242372933,1.71353716350144
"SSA_00259",5.13731875410465,0.0287938159750805,0.0859294800824456,0.0139205989085632,0.241868658239328,6.09767572348008,0.0508018239011945,0.438704378213603,0.146877470819819,0.17980506807845,7.22051863831388,0.928025675035394,0.0504447899870837,0.0434753081889428,0.170377489203243,0.093923384303736,0.0959073898129218,0.122094205860249,0.0979703511266479,0.0906971020643783,0.821252537351295,0.597152691942162,15.6025356314806,263.660705951799,0.168901898340356,2.92657904511093,1.55534005405822
"SSA_00263",5.07531858537007,0.0315029631529316,0.0936048055237089,0.0149883426453272,0.236813886604277,6.48254387946345,0.0566011947756373,0.470319014986847,0.154086740286965,0.177105405167666,6.64745992359973,0.855430760332088,0.0478693789146037,0.0355649867217876,0.164581480901525,0.0869689583344143,0.0994417393474809,0.122248627030426,0.0988741259915525,0.0913612913725521,0.810799250130419,0.608940732545697,12.4425355187771,261.300757226022,0.165508979062451,3.04762887090503,1.68254639494518
"SSA_00265",4.24879048759356,0.0270304783361441,0.113570445385842,0.0129822516572806,0.228582141003215,6.2761697219309,0.0564140562132079,0.600780387060997,0.146157115425574,0.182850977515715,7.71936749624917,0.860208960778135,0.0472986849726217,0.0420102403441287,0.167186574897562,0.0860258572886196,0.087288341988415,0.122319734582382,0.0995315803798067,0.0909953545679362,0.832812823753668,0.586199859748231,11.8634714651483,235.520247448896,0.181219198425877,2.91470808838402,1.70291289508356
"SSA_00267",4.76475009682497,0.0271197375887153,0.103155220833773,0.0127021929379852,0.218723206641146,7.55227972944111,0.052058630239844,0.43634609809792,0.190028347280278,0.167607978302639,8.3141446362773,0.882080542281808,0.0485668932001324,0.0430779789037692,0.18539157380277,0.0985148813279482,0.0969212017476272,0.122266021278596,0.0986872664940259,0.0912293773689969,0.803493642972986,0.597614274590307,13.4887456485806,254.544806332065,0.163756783726451,2.82674923171979,1.82467894028333
"SSA_00269",3.51303968387289,0.0278387416879828,0.131826407992285,0.0141489026608212,0.194774506559186,6.31500706179406,0.0488127784169623,0.520240260270917,0.167644973051763,0.188721537377494,6.46818421104389,0.801696382583473,0.0361362975459543,0.0352370751359419,0.167332764244735,0.0960552011194302,0.0890795035999306,0.122313721634185,0.0977670125286532,0.0898113878962448,0.818146330513403,0.579343218711508,17.2624825476539,276.405821737885,0.136928415619384,2.82865394435585,1.81470783695523
"SSA_00272",3.8076773456563,0.0272391524141995,0.0945003534826999,0.0142272642013861,0.211697384388045,5.45002991303076,0.060406960813229,0.451219134027551,0.12098242486137,0.157547135006438,7.74348698563163,0.832344288229289,0.055351199445545,0.0354020613567995,0.172659002427256,0.0681864589456467,0.0972061384083139,0.122054006754484,0.0984630059159448,0.0914142380524408,0.801836287913038,0.612802641850453,13.5108918043829,245.381817643127,0.157181067035548,3.0380965551027,1.66540509207463
"SSA_00273",4.51287995043919,0.0271062244885494,0.0950133950633523,0.0104842759194907,0.227916841841232,5.57754042547034,0.049213063839525,0.465974611994593,0.194773295357701,0.126190933742183,6.82951247900543,0.823596846090272,0.0511826476090888,0.0360118888328235,0.17326883814537,0.103600536481037,0.0893330201268597,0.122230097438503,0.0986468354190684,0.0908891946954998,0.835722839366356,0.603855492984386,12.586215261813,267.815944943732,0.192927533053288,2.81781028630072,1.74566301245955
"SSA_00277",5.00716364745806,0.0274112778546536,0.103203239681997,0.0126966715677128,0.233768462987413,5.56414643796748,0.0565130366619216,0.492740653802585,0.166219343985901,0.150106402074994,6.44268497029207,0.749487874245061,0.0440915411887889,0.0417885249121515,0.176492790835048,0.103708772144114,0.0947356968841647,0.12222976525828,0.0982146157413533,0.0910356343094533,0.817664590492933,0.608091524171651,13.0848000300612,253.678206465099,0.169435120132319,2.83716215640049,1.82310282292293
"SSA_00283",5.42902892019866,0.0294964259934897,0.0853149101205709,0.0136963583583007,0.240493164950267,6.38250030669508,0.0568339297428372,0.517947147101673,0.152222000550446,0.140753220212739,6.32558076860678,0.763009447019121,0.0527200577305299,0.0360955571477886,0.154873522497336,0.0827818903850812,0.0961217682356785,0.122153396555761,0.0984911648716468,0.0913124853595638,0.812370437582886,0.607564082507228,13.6062639504755,241.361240019666,0.180236348438427,2.98912975993186,1.70006385396142
"SSA_00284",5.36674357176097,0.0235223679044358,0.125901396838666,0.0129868452323179,0.294846418680888,6.38689389765076,0.0451711320353643,0.493185222880931,0.182924847792272,0.174325058390721,7.64506783217952,0.720985436327924,0.0302484994193343,0.0390594846435412,0.184559360826363,0.0975047730811853,0.0897794191963081,0.122435052372463,0.0985043643917907,0.0909300868650344,0.828227188088535,0.600229136508956,16.4966885538393,245.709437931623,0.190819726666995,2.84474532201808,1.75435858325809
"SSA_00287",4.77513797071067,0.0269287166710831,0.105570554969917,0.018164755186039,0.242647104062067,6.63297911807188,0.0628613441724395,0.464427795108169,0.174233837252643,0.165795280868352,3.89398779995853,0.738627811072794,0.043723093636212,0.028164095177907,0.150842507160375,0.105434324067855,0.0946759595716471,0.122214684129641,0.0973081039736074,0.0910278982292765,0.828102151907959,0.605647376448489,13.5102230191867,275.325045065235,0.183965774588148,2.92086390037808,1.91586729026279
"SSA_00290",3.72979341169572,0.0304898900568215,0.112684987759113,0.0180072599263425,0.251189092577487,7.41092951734389,0.0635621576486967,0.477264616327723,0.163211046643452,0.195342432162227,5.59650807990822,0.873988179401562,0.0420284348385328,0.0338141958232315,0.189500915734226,0.0770293016917268,0.0946169149871815,0.122095600953605,0.0984104591196976,0.0909206884382284,0.820552698377434,0.58359298108055,13.1596136266515,249.839681550013,0.164819066924499,2.85656530255848,1.66916361622455
"SSA_00291",4.65457717300127,0.0290908480056881,0.105852079355494,0.0134019171447508,0.258453442479181,6.79736148855154,0.0621692790367415,0.486180346953016,0.151022469907119,0.161281899134443,4.76657443957913,0.725325304525321,0.0532161269701662,0.033526728270614,0.147579944529693,0.0716409015387847,0.0933728019079713,0.122207208697193,0.0987814870165026,0.0913084742823434,0.831287301945372,0.600503694186153,9.68252189931939,225.299247043562,0.169897920806571,3.19182035123759,1.73923977316443
"SSA_00292",5.29137575378422,0.0282141205869077,0.120612027563975,0.0151548809219191,0.238365393077571,7.43352534006179,0.0582685580949185,0.465464545625211,0.154829316468117,0.196308286221104,7.7221344487158,0.939053221464055,0.0404075749715709,0.0341397186170051,0.148587338587368,0.0969311608816396,0.0919054740021506,0.122235819445765,0.0988368486009422,0.0912976884971318,0.822679284055562,0.587827533767068,17.1865004523118,270.223248715551,0.18653493896913,2.88758355975928,1.94118603604252
"SSA_00296",4.40088064084235,0.0293562448761565,0.106992028402933,0.0178810156110456,0.251967460571229,6.21187960831167,0.057012159193755,0.502771912515924,0.156559364964993,0.148958314486015,7.11406868978037,0.785053165878401,0.0476261762600964,0.0351865864900114,0.151125790727402,0.0838458306869436,0.0955317114422644,0.122249827176552,0.0978505757406201,0.0914310008971644,0.812444709258324,0.601603138198322,14.5030949947216,237.762809138216,0.162103296564722,3.10160767575942,1.74045964949147
"SSA_00297",4.81844323348475,0.0257081567130107,0.104440888153265,0.0121989893698888,0.230123006602767,7.63181095720638,0.0594578174068088,0.371766105602493,0.17879709996509,0.130965314477737,6.93112928571578,0.776359367730209,0.0494246315451334,0.0345404195287888,0.168753328232416,0.100381012994915,0.096433102593238,0.122377041859859,0.098287106488569,0.0910634383770397,0.803816435489046,0.584583185155339,12.2725900101512,301.790919717431,0.164026572063784,3.04127712668879,1.81437191065646
"SSA_00298",4.93011397149079,0.0229682910292896,0.0756090756507338,0.012413018493829,0.27059420447579,5.4152745976274,0.057255487305162,0.387765883496106,0.150893424352858,0.158844799149233,7.64867776198566,0.844559561463535,0.0542018060787543,0.0412231781511812,0.205362219987602,0.0898898533097426,0.0941940601041049,0.122205222033195,0.0982893791290287,0.093719159387583,0.829982207743145,0.632639471801625,14.0127092273928,263.071979627009,0.164862060887315,2.87614953140007,1.75377753446178
"SSA_00300",4.77429426955257,0.0263949369854579,0.102387500205426,0.0122868647802103,0.262325302938917,6.33806064754668,0.0617097277485892,0.451659805027941,0.158343803605424,0.154785853002516,5.83603396978444,0.852459953583412,0.0525743428621828,0.0378895651181965,0.170654361169361,0.0867771750631171,0.0963757298086892,0.122162954702271,0.0986152988635801,0.0910176041979706,0.822472080860397,0.604671699610811,12.9515231868783,286.192891285295,0.155667361217065,2.9265929247508,1.61644595930803
"SSA_00301",5.35354750799435,0.0344614857218268,0.0982445939291514,0.0149903261681974,0.20841997038967,6.71764352981593,0.0615111410309244,0.531205015149682,0.1479994173254,0.173052973540781,6.88952170107325,0.798686179067805,0.0455101919934117,0.0414697730049333,0.172107330464228,0.0842195132619041,0.096823237108062,0.122196082532606,0.09962190430218,0.0908693226836206,0.835884777222773,0.604637808537151,14.1598482429298,233.436472562366,0.178370964495524,2.97787115773938,1.62735933279787
"SSA_00302",5.01896815338288,0.024425093482176,0.113552994109894,0.011902804889739,0.24309484404506,6.66953168893947,0.0582982549349707,0.482552138187896,0.189107949293633,0.150789359733038,6.1532247858339,0.730069105071715,0.0374516355522384,0.0403990184604835,0.163849435187853,0.102556631393818,0.0948082896652473,0.122161316461749,0.0982552091896181,0.0911309072510934,0.818504393333524,0.591611619490977,14.3455778987334,293.328596806602,0.146330915486475,2.7911655371388,1.88650155336033
"SSA_00305",3.67342373281822,0.0283831539398811,0.115877432193628,0.0135820339441182,0.202924868169017,7.40614801516122,0.0587558542880847,0.473612096051989,0.184372559422091,0.15917857389026,5.06444448302769,0.673393638268521,0.0383543892122872,0.0367820164072811,0.184731643308623,0.0975918108750937,0.0880424823376842,0.122277062709084,0.0986971264297037,0.0918044958291615,0.813303284412741,0.578914422839064,13.0871243844971,285.653530748812,0.175991003906852,2.67935040832535,1.46822870234008
"SSA_00306",4.72088749375986,0.0280410574148123,0.102546855320682,0.0163098705254427,0.220996290263371,5.58858223334569,0.0543725049916203,0.50590351400603,0.145647095515411,0.194493071170899,8.52010506974235,0.841158089935227,0.0445293014364856,0.0373602486906179,0.157642850475911,0.0845965021738922,0.0907829886697512,0.122265855538914,0.0978371258437791,0.0907331218580027,0.808797387073042,0.583023781958735,17.0845306294985,266.003317095975,0.166688451109267,2.85582322488621,1.8340176258621
"SSA_00307",3.94458248061454,0.0254079434895076,0.0938693312873657,0.0162008490585968,0.215969520238035,5.45932113248268,0.0548325244122951,0.513446489372515,0.170235668723066,0.163627141215779,7.93811760364121,0.803179862555096,0.0534992142004951,0.0385918658287724,0.200029550090233,0.0709859588191137,0.0878789703115302,0.122109267298941,0.0970600263113085,0.0910451911078054,0.834335971313117,0.610778017389342,11.7833572409008,220.996972844723,0.173414828246982,2.87880086137726,1.68703292112305
"SSA_00313",4.20237815135691,0.0311914264228435,0.0953465556256144,0.0147405170553409,0.197586270670667,6.08980095078739,0.0541136153002217,0.531026051979429,0.174507786096693,0.144249130524869,5.06425395371052,0.670006741448384,0.051077262043435,0.0415054965309386,0.114845015928241,0.0946159752914522,0.0954516552880478,0.122180169417544,0.0973493888285521,0.0919125837033886,0.81271572488927,0.597095788233767,11.5656385499009,277.607212375336,0.157678042049789,3.09565100279627,1.73649550801781
"SSA_00314",3.90815862352503,0.0289539906308005,0.109111549458774,0.0148658091496544,0.235526892843564,5.80046721551418,0.065356225898734,0.510967003165349,0.154304322839642,0.187563661485765,6.62546941300137,0.785234011167907,0.0398970582712104,0.0357013613329418,0.144755075681681,0.102425033206471,0.0951194930986072,0.122297496452877,0.0980507439730054,0.090351581724194,0.805103596992527,0.605291279032957,15.1396780703574,228.003139016025,0.174924856620454,2.79298360986149,1.70685312830403
"SSA_00316",4.85163738169306,0.0288337899580823,0.12380180072971,0.0130749636236267,0.213527790468998,6.86373106589171,0.0670258785319801,0.463395729449398,0.174765031712819,0.183558156269425,6.01131767104034,0.630112985882521,0.0540101693094566,0.0377030224583266,0.167259604569398,0.0703237111691382,0.0968128291141054,0.122125769199913,0.0977457654812093,0.0913132224392162,0.804996957782661,0.593472424172678,12.6444132829998,220.691748341551,0.157933250804329,2.94446899093878,1.74987817838312
"SSA_00317",4.4150478127051,0.0330070285162311,0.0911896723308771,0.0146856459395171,0.221173483973308,6.42606719496366,0.0593710461103187,0.484474296629244,0.160959071812953,0.150231969191376,6.02702724389896,0.891525806596246,0.0449461405392539,0.0363093466736766,0.177691028044064,0.0892331702659663,0.0938188078663829,0.122353814205793,0.0982261729916336,0.0912846933327016,0.825600576763933,0.618449366325527,13.7835592132525,219.04538804079,0.179359691981874,3.15105553056314,1.68984646528306
"SSA_00318",4.68236715098546,0.026758131815541,0.0992414954671568,0.0151920237533171,0.218684867812133,5.55438781361401,0.0540991169184789,0.48842188856488,0.158549457779,0.148993432500457,8.71321857959239,0.924656141270975,0.0597113976075463,0.0381482438416092,0.170227114837791,0.113215411881141,0.096650565443722,0.122085122989843,0.0979421718749749,0.0905409487989772,0.831320164675139,0.614370009054273,16.7213025973277,257.844365378719,0.17970825723402,2.7145356226521,1.71133653141084
