"","Km2_HCO3","Km2_PEP","Km6_CO2","Km6_O2","Km7_PGA","Km10_GAP","Km12_DHAP","Km12_E4P","Km14_GAP","Km18_Ru5P","Ki57","Vm6y22","Jmaxy22","KaRac","tao_ActRubisco","Perm_CO2","BBslope","MRd","Vm6y23","Jmaxy23"
"SSA_00002",0.0409378559702504,0.257876424016932,0.0228106529075977,0.280779578582031,4.40628044037057,0.0599306677519655,0.72955105254954,0.18685640723112,0.111916997571219,0.0404921947039702,0.150674926160842,0.0654396608107726,1.01106520182939,17.6290544467922,206.427615205024,0.103455476841504,3.06099142249028,1.22245802872734,0.0783827353714733,0.549452607274605
"SSA_00011",0.0465087851483472,0.111559919327093,0.0261803311275623,0.263724911408147,5.20495706412549,0.0613102492400133,0.510439547350052,0.274845343114139,0.112641300172353,0.058687774420491,0.247415990168285,0.074514923851222,0.826041803900011,15.6037613848823,256.270612509712,0.104857749943118,2.69738412814483,1.20687523046813,0.076174598125021,0.645764034269291
"SSA_00012",0.0521605896564753,0.191284038354727,0.0232336629461521,0.219563121595391,4.95580761587918,0.056839173938043,0.656481560581486,0.192603558442761,0.126987310924786,0.051097344401011,0.208960874661224,0.0673565279630156,0.665131728728271,20.5735401776909,185.488253399189,0.138200635615556,2.84612544159274,1.29873714117746,0.0607911699569366,0.612013875581248
"SSA_00014",0.0521490885460644,0.19477819957366,0.0254425923578143,0.280061318297241,5.6779125688794,0.0586642910629568,0.454101566016898,0.240730847806649,0.157093710449202,0.061310596688177,0.192940665975215,0.0653496030647472,0.777488264245443,18.1915120918054,202.210412681786,0.107636597879843,2.87065235893057,1.30999508612286,0.061643578430036,0.563627428233062
"SSA_00015",NA,NA,NA,NA,NA,NA,NA,NA,NA,NA,NA,NA,NA,NA,NA,NA,NA,NA,NA,NA
"SSA_00016",0.0506657710729736,0.162368229384343,0.0246023053379466,0.20711446741445,4.17887057229299,0.0535445893170103,0.503506776649007,0.252447527202562,0.148252912988172,0.0610744400629896,0.246290483613854,0.0724368287210313,0.85890636891219,20.1651180706756,235.692442010755,0.117418577136199,2.76961219227083,1.28941546226526,0.0715314645910261,0.746923386800921
"SSA_00017",0.0540984669174991,0.159751442880482,0.0246104597631429,0.259227558180498,5.16521803961082,0.0743224812850461,0.658544498769484,0.258115899328242,0.121122382685512,0.0541062290746267,0.222758137482521,0.0659479371741154,0.832539918037419,16.9539078774157,226.418912425872,0.119836986444477,2.96158333711766,1.20500178167158,0.0700398634365201,0.577967810287468
"SSA_00019",0.0454351320918555,0.189013995667938,0.0236622854988865,0.227447865118927,4.64012877007384,0.0455308206121025,0.373133673843271,0.302302731339142,0.0760934503112006,0.0559526008450022,0.235337888744194,0.0646846903288897,0.944756988332026,16.3162636162414,190.196147265305,0.146741743076747,2.82540708871692,1.00844320886831,0.0536249393232233,0.676945991258993
"SSA_00020",0.0522202361626396,0.158934369698263,0.0230360462495774,0.225817819652135,4.75921664380338,0.0479920247015402,0.34791818876494,0.258871017788076,0.10325811468157,0.0618319638669269,0.152354331303517,0.0759780517581422,0.864610068089093,15.6865746897064,255.517222311682,0.12674642555421,2.88454877673862,1.35313378734944,0.0633897783096504,0.627822971292971
"SSA_00021",0.052654637824941,0.147833557136261,0.0275160867791201,0.283884101663252,4.75419833584801,0.0710942728669337,0.589134688865951,0.318297507295779,0.127648484864579,0.0576673399151378,0.207307148655354,0.0576907218850087,0.83432345476957,16.5315927879713,234.339069049698,0.131452072400031,2.91605415446224,1.05685512831908,0.067286446128989,0.647930974762233
"SSA_00022",0.0522006923202398,0.151558959679641,0.0256414789382518,0.221419842303059,4.86080517285719,0.0491368735647771,0.420193581778877,0.254754996057647,0.138873867090696,0.0535999820748558,0.187868194616631,0.0637119224255228,0.828290553459376,17.27894514493,246.108906082289,0.125622495897396,2.80431417250639,1.19700057538805,0.0640721597619543,0.534231351004153
"SSA_00023",0.0429003415023671,0.180774314242463,0.0256501240163827,0.195412312021906,4.08594009561279,0.0646965746954596,0.54012801145308,0.273989871878983,0.119212872809509,0.0508404849674699,0.214427146785875,0.0722351530059511,0.678593444822778,19.197730822016,193.006753285615,0.160621284879431,2.80384810377483,1.2179281280023,0.0650146083521008,0.707964914376848
"SSA_00025",0.0490618706639454,0.165843199111824,0.0254670467592457,0.218693942963978,4.92036213438204,0.0588293412705016,0.385515889021796,0.248701005784335,0.12569962035336,0.053608014052941,0.197809324735001,0.0687604751134409,0.82618318953217,16.7404083037388,265.83386967021,0.127614271326051,2.90862036670815,1.3024964419999,0.0665854782765259,0.549729649524873
"SSA_00026",0.049721331760022,0.182730128712995,0.0240077557720091,0.201256650614341,4.67630684549955,0.0503484013588476,0.525692954247197,0.214487397481732,0.118163838706983,0.0662971333413301,0.213854039726439,0.0792779846374729,0.645109557472063,19.8316849783219,216.466489103322,0.119581899655662,2.65171621306528,1.16507951282933,0.0656769204026578,0.666936355797795
"SSA_00027",0.0599636581239405,0.138933816490142,0.0245938797790008,0.184617538413451,4.98051912614385,0.0424224116459665,0.448606842051715,0.25654101122093,0.139246697957034,0.047721291295334,0.227465058341798,0.069318184424493,0.757395026436834,19.709602809668,248.00620047463,0.132857555242724,2.74637331745017,1.40553476935645,0.0695706524415673,0.579938272533707
"SSA_00028",0.0538698261659678,0.15738879501008,0.0241458694710132,0.218078063329081,4.89785378628861,0.0558189222950998,0.579537278880081,0.27016038731034,0.105632504972744,0.0577822121318788,0.268593702080554,0.0714919228317878,0.640205807441672,16.5439159835016,218.09658367823,0.137429780787335,2.70756081298663,1.14531368903622,0.062254412382919,0.703270107343003
"SSA_00029",0.0450783944411958,0.17802359342586,0.0237672946462986,0.263367643434209,4.92469934786383,0.0675465696731719,0.557218516363666,0.25865483124343,0.131689501264582,0.0592137118333117,0.233675045550217,0.0669620525775844,0.840851277338991,15.1662846049107,251.605970424213,0.122143645097436,2.73990075340111,1.2297974069175,0.0767687688696268,0.625043068886097
"SSA_00030",0.0553496209757034,0.160199375899668,0.0216050924627979,0.24740648073318,5.36465288979747,0.0583890326837329,0.660135169639427,0.236351120875438,0.117222440407453,0.0561141182528673,0.227490162535768,0.064412328172813,0.882927830088062,19.4937935822794,211.233113388493,0.110046604162671,2.84006471544683,1.44982647922713,0.0694640178196236,0.418032161669656
"SSA_00031",0.0508974059754956,0.167458613897921,0.020942381425483,0.202702240285742,4.59259482477106,0.0590695323838854,0.548787135767016,0.242301083675911,0.0841192917417488,0.0586334855200288,0.204357791087035,0.0751413244437029,0.720508152538251,16.2414595524242,197.813250746761,0.123488188611102,2.83411876659692,1.30047615930034,0.0751377688864692,0.557766442244212
"SSA_00034",0.0462588350026303,0.167085844450093,0.0217063449822916,0.213392658877689,4.65806631437871,0.0535335347590845,0.463512886665723,0.27800290632314,0.0813247989123295,0.0526070733739149,0.216158975694616,0.0690432479035569,0.973695681544512,14.9453268701127,241.83388279547,0.139171824530892,2.79029290414761,1.09686887237885,0.0729130503028989,0.678234323671237
"SSA_00035",0.0542623251263668,0.185832113840401,0.0196919141464705,0.204657178663407,3.89273701953544,0.0376037127573892,0.511248481156478,0.25289015618994,0.0520099344956746,0.0512981042555019,0.28087052804857,0.0692170647969633,0.739444679351274,17.0845652825771,226.722057015751,0.143578361683065,2.94721856964606,1.2296386454375,0.0575637433022071,0.784095620681546
"SSA_00036",0.0533475156479836,0.123102042190345,0.0242379671060123,0.278825216022571,4.29524198057307,0.070301672176962,0.59416255975903,0.199938030590892,0.127766574093597,0.0564849995671574,0.218363367582329,0.0701278559267921,1.08150113555126,15.2749913605634,209.373173402159,0.133345326508592,2.67369124185902,1.35910486357878,0.0742651425647584,0.590370219528946
"SSA_00037",0.0514392499313912,0.177748846574615,0.0255042444548595,0.297219699790153,4.67251246064348,0.0621963617451516,0.557194228294216,0.307153294185536,0.117653469035577,0.042001474357452,0.191627578643717,0.0711012106494443,0.774763776508748,16.5356928133232,212.833622935483,0.127420043475364,2.88566646624584,1.05246672174009,0.0800943997562649,0.541426786367068
"SSA_00039",0.0540824257817685,0.174897768315399,0.0251928491417563,0.293150407386329,4.30014222809519,0.0572704637670843,0.608717715524676,0.261718783868718,0.0827546799850431,0.0560459987518058,0.183969767521119,0.0668624491798859,0.848566129663138,17.8370479354865,215.028174407477,0.116638202952856,2.95907770590067,1.09812697647826,0.083141400448332,0.574052356731347
"SSA_00040",0.0594778077249859,0.195798601377296,0.022581183715604,0.260697334611773,5.42680246471572,0.063051276701874,0.670752706039569,0.148466596699965,0.0898078878353275,0.0587433095416195,0.209875954136871,0.0692714922594903,0.960524741343671,14.587591520388,238.454503159194,0.0962600379631781,3.03887028461906,0.994824617441023,0.0731690235733696,0.547970607850993
"SSA_00042",0.0512950216601297,0.190509115257133,0.0240724035049708,0.256598364497454,4.6060106130339,0.0612862730877044,0.577201963463864,0.336697945438017,0.122388177370514,0.0480555144656598,0.251731089372884,0.0641542836093227,0.8316550188825,19.103777133555,196.567944782504,0.119711132953401,2.84627505483132,1.30992351900621,0.0727084768396114,0.673548885171542
"SSA_00043",0.0481659258131014,0.22196161537563,0.0213676546008377,0.251475173453888,4.96532521981538,0.0567981044952822,0.518022709129513,0.265076110602769,0.134325449274302,0.044231311276971,0.232569026024952,0.0622345734362273,0.852780722351984,18.3741116972463,230.537825012974,0.124219089599095,2.85688725187902,1.19894661889532,0.0647826185980813,0.508078764711309
"SSA_00044",0.0518858336444373,0.181350283457536,0.0251894719460208,0.257603178258138,5.21511835294483,0.0512669107992201,0.56564364068291,0.199667103839543,0.101243134593859,0.0552231239452318,0.194949785860646,0.0784246559191009,0.912740845243203,16.7151972668525,206.102322971309,0.110458193566267,2.73658977999247,1.15914016277845,0.0825729667252668,0.650794940721632
"SSA_00045",0.0453524760780141,0.176094732905086,0.0217409607511923,0.230728651383316,4.81779668591328,0.0638763299232938,0.611136132056843,0.268678439820836,0.141244314907866,0.0404147108572007,0.226975139279368,0.0591957869964622,0.730110123862657,18.0940425906055,236.707214242269,0.118326812791378,2.81174210254015,1.22221605767874,0.0611735308404384,0.664793698485324
"SSA_00046",0.0511570711323499,0.192533548253162,0.0211992010136444,0.277306492839413,5.22243926971358,0.0571502875793878,0.617541373419648,0.247044336015235,0.136264177613095,0.0476308142013839,0.199743884822321,0.0654664308156577,0.938197190345096,16.7549509882326,206.228590901642,0.126406701873968,2.86517593513003,1.16208815473378,0.0750356756785613,0.641901712283395
"SSA_00047",0.0541497099068685,0.189490254865891,0.0250734325642004,0.247009934113545,5.71333083357821,0.0507344773160136,0.478602472061396,0.192363404039711,0.128724753813089,0.0678480106275565,0.193426620594596,0.0755794011639422,0.769156528222911,13.4035216521555,260.550658444347,0.0962045540580212,2.9090239772954,1.11612285087469,0.0717838263096793,0.572201989227779
"SSA_00048",0.0602222798479985,0.168033033920164,0.0256070029050719,0.296937594127598,5.6564511545974,0.0534060140045516,0.515474432307721,0.232975789992592,0.13176561468571,0.0576306842591088,0.240026218345349,0.0697813428443292,0.837383199988946,16.8936385724406,255.492915703141,0.103414633317706,2.87300775610696,1.12010651930538,0.0661350063060765,0.561450136590609
"SSA_00049",0.0627683500848359,0.177974847348322,0.019812949000517,0.221950053863769,5.40100972622389,0.0534449594587038,0.497070412580669,0.217437553136546,0.117264726750594,0.0606803187791547,0.19775004974935,0.0532898550095407,0.673207653540913,13.0244496298478,227.964363635203,0.14869564591391,2.99706089923725,1.08025728378766,0.0714268922508234,0.381969031190758
"SSA_00051",0.0434099870144448,0.186180925193075,0.0275418360750611,0.275556797182106,4.25435805868885,0.0793257754978979,0.495339225832697,0.324769982274023,0.123230361832842,0.0554595508448535,0.248643770244878,0.066805974452307,0.936291902756075,17.17358848341,234.900073857103,0.139644585843931,2.89012695968935,1.22466026925735,0.072572880875824,0.673647213565152
"SSA_00052",0.0489763486169833,0.170912752143065,0.0242701028022046,0.301359375261764,4.93754608377303,0.0627565274539101,0.592253050904713,0.266137515167881,0.0898145958563758,0.0464672583532201,0.191178420212754,0.0695742220229795,0.774190599721006,18.2386200096419,207.214397596336,0.131805587784499,2.90560141356171,1.10212867178219,0.0682747700925149,0.51512505325524
"SSA_00053",0.0494208079445008,0.172481580073123,0.023050118295956,0.236506973296167,4.72416890172908,0.0464728914942461,0.499922203732516,0.243292207419621,0.144056179912374,0.0533043070838632,0.197805530117677,0.067134865598028,0.847810335013137,16.9771410969359,247.738923677525,0.133915478264442,2.89322207324076,1.24889986699304,0.0658513231778687,0.584226468545553
"SSA_00054",0.0567851379770127,0.193697095415804,0.0243911999693783,0.215722209834232,4.47832840342055,0.0653310118318164,0.609739450205169,0.20474361511804,0.155220754321531,0.0584699970071448,0.189015974771905,0.0757578309263707,0.832124623736794,19.4050058261596,217.113746782776,0.101128757419454,2.88362290179388,1.45487336974545,0.0727817971929395,0.792060061641774
"SSA_00055",0.0477217642473465,0.162405611046879,0.0302924974440812,0.240698415064575,4.28761997816445,0.065500558328153,0.530202377421111,0.299128169666588,0.136784986501024,0.0578687124041158,0.15646624772291,0.0795603255507515,0.778871015199404,17.3874496493196,243.069260607982,0.141182932944475,2.9133354949434,1.46196299263219,0.0761857034687901,0.768786855747275
"SSA_00056",0.062394441682308,0.159220928859276,0.025163851505265,0.180300098520869,5.38678981599478,0.0540822750830578,0.41159580007587,0.223922259863809,0.103550833302085,0.0581120883800313,0.158435471609902,0.0688515062164905,0.895284115645488,18.8896326824009,207.650085176597,0.0780621754641374,3.06639299996056,1.40758585657321,0.0777379528106883,0.534492040005396
"SSA_00057",0.0515049478893691,0.156255225068775,0.0226150376618895,0.228947802013988,4.42293797536598,0.0489442101455721,0.665891311482266,0.276130613998152,0.0750435135729032,0.0648541386360249,0.243722622860799,0.0720015479625383,0.677201353362872,17.0698282241912,176.634138185975,0.162518323211025,2.77589016243451,1.10191685969612,0.0606026052873707,0.816022132851933
"SSA_00058",0.0403283719002098,0.160332268157185,0.018504902915252,0.151853027985604,3.76489286229129,0.0384603595189439,0.34394861267499,0.231022853233437,0.0780819889624686,0.0489873036995788,0.230348679679232,0.0685348880905262,0.548306532123199,12.7237952054841,284.254935504906,0.12791751396665,2.87936471673108,1.21243347641251,0.0593460582516641,0.654399189116221
"SSA_00059",0.0490461715136716,0.175985457468559,0.0200502407795166,0.233231659291279,4.35103741998312,0.0539504822991934,0.488528492520529,0.260598184379342,0.119483133459508,0.0544628101895938,0.256035963974631,0.0531302619123016,0.96394067022823,16.1365191203793,237.580388391767,0.154243268537852,2.80625482995581,1.43628021843154,0.0820640800556256,0.569042947066993
"SSA_00060",0.0502887747443744,0.201214964194037,0.0261519065056125,0.189136532775496,2.94405262569339,0.0504393307511144,0.523137591740352,0.25808692834854,0.072818827644464,0.0442254467483715,0.271962771810617,0.0619168340131001,0.819102389338921,14.3067046535977,283.78535833531,0.117610900705137,2.94143971198048,1.15196876355797,0.0582750056181583,0.546821526597588
"SSA_00061",0.0475034287100011,0.199396666595375,0.0279335845540403,0.231616776471203,4.57898214278704,0.0546718407300043,0.596740553551717,0.185285325000294,0.127645862571197,0.0522530722865348,0.211664721905545,0.0801620129834173,0.642298666316845,16.7320936790672,191.58226794496,0.119651669981346,2.65092836700973,1.06217078958345,0.0695539382770448,0.54160946366015
"SSA_00063",0.0467446156298509,0.171333840793062,0.0252728491301389,0.224823918312303,5.38000185677169,0.0487449652011584,0.514916149993986,0.248826717621963,0.131624848828671,0.0572244578182788,0.180319102617032,0.0773221627315374,0.817753377110678,18.890151275069,233.232483980274,0.101161118583912,2.7907754194852,1.23465890392143,0.0731680541897105,0.584849972555191
"SSA_00064",0.0516441000221977,0.218310187882319,0.0230005405183515,0.176624516106322,4.20586447846893,0.0577899940591267,0.613517909259535,0.229630422436104,0.0946503691072318,0.063417540750276,0.252827883683111,0.0680269586174183,0.758412951821536,14.2936222874321,215.140155505314,0.12807335848095,3.0239527939216,1.27245531456696,0.0670308472694296,0.750059478121257
"SSA_00065",0.052471270067917,0.166304320618835,0.0265483606058205,0.251369968746708,4.08376178234082,0.0420890067989668,0.36134573790278,0.252310836738319,0.0874756589186693,0.0538545116210619,0.139674112879506,0.0739578342950065,0.73954278571629,15.6533192340698,239.357744339248,0.119391468597455,2.90976335932833,1.15187031872788,0.0636198959134095,0.47258108235503
"SSA_00066",0.0459187212885163,0.134725709480407,0.0210799866410596,0.235486604809276,5.55123353773343,0.0566646558585682,0.503987882343248,0.487019665055971,0.116562548348287,0.0418584910391357,0.197173234524407,0.0631520462755145,0.943721945029173,23.7748761557348,231.067195839679,0.115966847916734,2.75375561848432,1.17247072926527,0.0799254805562726,0.372300945314103
"SSA_00071",0.0559908291249176,0.158566884986492,0.0199342145527252,0.199549422962397,4.65249051986321,0.0549212679111736,0.53480135989394,0.261424931149441,0.102163078051216,0.0595903683586955,0.229428283700037,0.0738913750809835,0.700522824847201,18.3228523836663,226.090754483389,0.113982138266523,2.8058497074899,1.30818687515633,0.0671603991396416,0.57054306390952
"SSA_00072",0.0548478831939093,0.140281978266598,0.0207238330093834,0.17717324888209,4.72763710492618,0.0496597484976327,0.431831177695835,0.238909649118281,0.115988271257025,0.0588152428585509,0.184984477643388,0.0724538659417038,0.894317581876642,16.4982316879667,188.739856184514,0.114657807152315,2.76797152813276,0.952954649838854,0.0699916911572966,0.657958655532073
"SSA_00073",0.0548952393905211,0.162056382541214,0.0234002028424248,0.233048680237082,4.66941121454234,0.0546450779815526,0.448178700195724,0.297124535198747,0.137949413129989,0.057836673878161,0.176159652403082,0.061153995802045,0.812642539237506,15.8049212009796,214.077171004898,0.107706725754446,2.79582130948147,1.37368364893897,0.0613884214531317,0.631134406813004
"SSA_00076",0.0595592007810564,0.123016428374296,0.0221089040500645,0.298147127768308,4.17609043739308,0.0602121780403146,0.483808745974288,0.320412301246879,0.125910997209587,0.0631780487883595,0.173735802149778,0.062342176612661,0.802038118854494,15.7201560843332,218.362461811885,0.134526862887073,2.83280561740734,1.19174057993987,0.0728909052461501,0.616113095167402
"SSA_00077",0.0472609262426894,0.199704408222738,0.0207417754868733,0.253911521814202,4.96876490290686,0.0633332608643165,0.523358960326182,0.229074044100482,0.123509306372372,0.0565261550969826,0.21922834611748,0.0658366732581145,0.870965484017398,19.2774203241041,226.155860801328,0.121447875323979,2.83908362155934,1.30661986808931,0.0681487344266271,0.592437846358849
"SSA_00078",0.0524318502979605,0.157734780179339,0.0273919966864044,0.319165132615109,5.44824722538705,0.0493612034324218,0.744289001165768,0.234594245150392,0.165357000729117,0.0510195507600167,0.1848847969856,0.0648735383711916,0.76592228602239,20.2480718946301,232.608280997868,0.148469695871202,2.62912091854848,1.37536260486301,0.0671350725121401,0.74745971333074
"SSA_00081",0.0397906481083537,0.209695795096006,0.0238738753139749,0.252639412195335,5.37181860155042,0.0723208154122965,0.532016301570111,0.302620393778821,0.109375422370134,0.0493089843789499,0.180383488423646,0.0707065581513348,0.72065332306771,19.3517775118454,218.429934529411,0.113872539055875,2.8518716432711,1.19248652017033,0.0723872504688837,0.535576895340845
"SSA_00082",0.0604206082352629,0.145596430033824,0.0233926542647552,0.250897061363527,3.96923747667882,0.0717028189513275,0.661786697370484,0.229952953597636,0.136203747531276,0.0509800399525782,0.246558410955107,0.0605432323307299,1.01405179214777,15.8119988881435,206.036532005804,0.117159555683909,2.90380462663514,1.24657318834203,0.0668627493921659,0.776236972107138
"SSA_00083",0.0563243913615661,0.159033665269928,0.0222117960159179,0.262390330371836,6.01828277371098,0.0631990359518763,0.794996726222228,0.209488573205754,0.134014198223012,0.0611372726337147,0.213316479082923,0.0657881214159347,0.848212162732693,13.3939745991427,212.051457899499,0.118907590887786,2.9196210335357,1.12014354360059,0.0646401839964409,0.704395026052188
"SSA_00084",0.057585685749313,0.151313633152054,0.021435294100489,0.227204444276308,4.08491863119834,0.0555331754006204,0.564982415377911,0.291192633684021,0.108871690550664,0.0488652432049653,0.186558786821376,0.0636577968636137,0.830715984079971,16.7255676408325,182.708491469492,0.126880897747989,2.74935901865906,1.13869606576891,0.0568363852387199,0.631280441959388
"SSA_00085",0.0494484071612083,0.217380617523321,0.0249806896151118,0.259321801816255,3.41433836201686,0.0580439163898683,0.496090034842317,0.26552148098606,0.113692691853501,0.0570198158671353,0.205095029121688,0.0702242403735269,0.84711922742194,14.3987254632268,238.54609952955,0.136061272816494,3.00576569261278,1.27880432611134,0.0643257560547367,0.68650293562116
"SSA_00086",0.0515761768845689,0.188881721936853,0.0291468847022095,0.334514189515331,4.99890183551405,0.0594475481828622,0.5487461518496,0.263848961271083,0.137010617620933,0.0426866992458,0.205480396932549,0.0577278163115975,0.908694770893227,15.7142376030011,216.86161891748,0.121417254353713,2.95294028713119,1.10623154228121,0.0568435918042631,0.578215656969641
"SSA_00087",0.0422889536879959,0.23827315567302,0.0208409280589752,0.212879431062965,5.2685678284394,0.0638340726374062,0.511962864920578,0.225045185349839,0.120190734157932,0.0459331246389816,0.209772550386227,0.0761709866270801,0.91264173875293,16.5224366347338,238.757693631199,0.119281242270763,2.82366093205049,1.1105868836622,0.0817543800768022,0.611162882310938
"SSA_00088",0.0493456881253292,0.175482109808596,0.0247813288792248,0.235727112201421,4.86147721514483,0.0757691925062491,0.47461929243441,0.32833003273956,0.0958574685970206,0.0577139989914395,0.22555352290025,0.0660740175362478,0.754102931093621,18.1389758946482,213.226184547217,0.139585596711327,2.99779711104844,1.18729092200707,0.0665042227598858,0.47828045140309
"SSA_00089",0.053224685129311,0.137249456628354,0.0234370922453298,0.277393059301395,4.64796883204002,0.0481228796228329,0.487081304638918,0.243365888668405,0.142074471978874,0.0454035535241435,0.16890164775847,0.062797138134625,0.821572388375917,16.9073451023464,225.859845482716,0.139790677658204,2.76849077049991,1.02093581179166,0.052277688700029,0.555721306902315
"SSA_00090",0.0491152547891246,0.172234736746799,0.0234798426691726,0.258664117707418,4.75492805018218,0.0485614347211568,0.561218829131438,0.247771492894166,0.0995594385703638,0.0527502852566347,0.196805406477714,0.0683215466431645,0.866509828412516,17.4401330333728,219.712995985226,0.13343080735938,2.8821817692075,1.21322742316035,0.0761886225157181,0.556196682185736
"SSA_00092",0.0476895819955045,0.179007038833848,0.0257990570414272,0.200254987460675,5.48807393291417,0.0533032711732503,0.578843244456884,0.191115855887336,0.137446947057778,0.0432149722893698,0.204910117116645,0.0675499887596792,0.771277033129893,18.7505647998551,176.25088211014,0.152129448088967,2.68010788005388,1.05581303704154,0.0596662397891678,0.638393633814467
"SSA_00093",0.0505571331481286,0.185768493612309,0.0192514542132108,0.183033217857272,4.81913798196941,0.0433662668426107,0.507311266373588,0.223004885511994,0.0968595801721876,0.048095585648725,0.263143941600605,0.0614223840413107,0.745583208825839,17.3640315659718,240.651182045941,0.141088809778154,2.73824275058499,1.26500794939318,0.0561811205381626,0.55423040278812
"SSA_00094",0.0540861480917608,0.110797705030122,0.0249811870344436,0.274384155512306,3.98477812340053,0.0523828712743808,0.517791259574472,0.313868412067805,0.134470612802407,0.0504220892030969,0.22145373164908,0.0630002906940502,0.748213759440228,16.6095501646709,212.952097350384,0.160813823911712,2.90181405243637,1.2719884807613,0.0705227928184399,0.664407989950393
"SSA_00095",0.0559710452546364,0.176664730333116,0.0232873136147791,0.28785053189479,4.6892366685596,0.0595088361682759,0.560594450947623,0.188089554716212,0.114375193673654,0.0671492532666855,0.196619761143752,0.0737665539771871,1.08957915841675,16.2075177616627,265.844339846016,0.105216559947566,2.86694114847536,1.13036834736251,0.0863345017109997,0.632946301432699
"SSA_00098",0.0509033372944282,0.134930632832209,0.0269506010585834,0.289383249606961,5.03631050268389,0.0691554373377623,0.601206015363689,0.258899929674486,0.109120980360377,0.0504781602471033,0.257096891081412,0.0666478712289186,0.79978862293935,17.4663729080401,203.108663509126,0.134702868988225,2.80709216572352,1.10114346132876,0.070721267621733,0.682861201529664
"SSA_00099",0.0451678839201202,0.1254780581694,0.0242613961379684,0.336002326465422,5.73314322960321,0.0595629895461356,0.813733813922932,0.298920706116156,0.115934022763534,0.0535280203468288,0.253024764801209,0.0555023998201504,0.645702573955794,19.5725250295912,164.293342582627,0.153725857274995,2.56065269280404,1.05021670608911,0.0698361519432996,0.548174199054158
"SSA_00100",0.0479028752839814,0.156337040327085,0.0251709668283079,0.244645834461222,4.537158142035,0.0586622348348472,0.556356166498567,0.278644054787025,0.126809198100457,0.0500464688209955,0.222343013696375,0.0683266406111075,0.806068893840382,17.4876057899953,213.2497836545,0.129713731438042,2.77053456502123,1.17282914811379,0.068623951065884,0.675877644338442
"SSA_00101",0.0525057988672347,0.165719892460185,0.0202900957394032,0.202388718608553,3.90593904455811,0.0383947338389772,0.415933911813688,0.296069180091466,0.0690300618321718,0.0518564108807637,0.259069949541613,0.0618652204400433,0.714614991805542,16.7348822553701,245.118962381058,0.163390267037075,2.83206834507308,1.34540229874143,0.0619173366404384,0.635559829029354
"SSA_00102",0.0506953430013095,0.1859742559825,0.0233378965000458,0.276967450057365,5.8829077405525,0.0781230739780225,0.730629448412004,0.18280272001293,0.110982539904683,0.0520626730291635,0.164597461545791,0.0739578485023707,0.743568945375586,14.4733551165739,215.916046172259,0.132607485227836,2.82895212428696,1.30150973053295,0.0635586272119486,0.696858749604094
"SSA_00103",0.0596107905815441,0.1313872117027,0.0260119466918344,0.212586621057345,3.82502572729925,0.0649819167104316,0.569777674981596,0.293690174267954,0.10368913566818,0.0528320317814936,0.23324040175595,0.0726247512094794,0.623130141564188,15.2098391340221,187.667962410138,0.138916108828504,2.81071567427834,1.43214879668286,0.0843256096361637,0.603725496329523
"SSA_00104",0.0552449415329562,0.171063857968511,0.0276048336111202,0.254074310860119,5.02207814010627,0.0802144410137062,0.607006091045795,0.230064117029961,0.121918875192915,0.0590822036077423,0.231492893700761,0.0722660781813289,0.820593828067563,17.8474016598475,226.632431440596,0.11251406753641,2.84614105441549,1.52547476375922,0.079918841612617,0.590743584168894
"SSA_00106",0.0505094521764094,0.18315918290738,0.0243157908609688,0.236076138502407,4.81684436410315,0.053387771374524,0.478932967809095,0.230265397624454,0.129983718449281,0.0560781869922662,0.17750144659258,0.0737236841706029,0.727857006424615,17.4393212780363,212.444579476801,0.128705528896612,2.8456918174913,1.22322910784279,0.0715184286170676,0.522029910173148
"SSA_00107",0.049312769123468,0.201726742166948,0.021708066279526,0.258046339716808,4.78715849335873,0.0720045636431267,0.724858742565554,0.242342814933394,0.132430190960688,0.0459187537804656,0.224698545295764,0.0727851750770696,0.828202085326427,17.4100875200257,222.509215667362,0.143022865793846,2.85903788632286,1.28155648162797,0.0688566568337181,0.670750411206281
"SSA_00109",0.0464293703359111,0.138459398544643,0.029206529463411,0.279577895847886,4.10795894238542,0.048546655010886,0.690578940901225,0.321358884249667,0.144034417927008,0.0458532779568379,0.240120463766031,0.0538915003968997,0.724363007656595,15.6791184894408,214.498879702179,0.138583313842564,2.77973160259391,1.17252875573785,0.0567990576138033,0.542696199010111
"SSA_00111",0.048174675434844,0.164790360208167,0.0282002172946308,0.259796298919477,4.08285008940369,0.0660945517413765,0.612522077254551,0.215108783832651,0.0991708065859235,0.0597440091148716,0.199095352926696,0.0694534801201017,0.902406226452544,19.5300116297243,255.270352829743,0.128551479934102,2.82707853264273,1.21836094670127,0.0757646659263359,0.62642045857158
"SSA_00112",0.0487740755095352,0.165667004715524,0.0243045254172253,0.228727463865404,5.22711610642007,0.0715730278060053,0.633962392857208,0.267040728224654,0.125733037306053,0.0468829926018483,0.230257648489368,0.064764611984384,0.748634772094519,16.7457516207493,208.865596695965,0.124016586732113,2.74136036699757,1.22943853938428,0.0690042255710298,0.583548659533543
"SSA_00114",0.0528122492095815,0.145579809384407,0.0279670718107865,0.291697798959679,4.78189582556943,0.09091979399138,0.557672436356296,0.322563357268243,0.108811988987101,0.0672697646965039,0.190922691908139,0.0645425340387636,0.767036125657852,17.1242208903947,228.325808640564,0.127905202457894,2.89265354167423,1.38737775272948,0.0631436803649921,0.450548532678323
"SSA_00115",0.0559159368165408,0.158410887636596,0.0217599040816259,0.215481770773275,4.55457388875562,0.0536337450263727,0.44160089328898,0.249797135431729,0.136985708487058,0.0539061513819747,0.23121005826641,0.062989565989893,0.804211624593649,18.3604990631563,246.850393462177,0.132267579436526,2.84086060252915,1.54127008904666,0.0643742183360502,0.72324162859691
"SSA_00116",0.0460374962158173,0.201226499981379,0.0202069522224889,0.208877376102506,5.6506675464678,0.0523633177268109,0.500441721699347,0.285757466755006,0.131513237427397,0.0502934800124843,0.220508633132497,0.0706592892796687,0.917446833551184,20.1767424225323,217.8684060326,0.136955661281887,2.70539183952401,1.1399771617554,0.0732975404587367,0.621521145615964
"SSA_00118",0.0459473416264731,0.170026317877916,0.0273506548488848,0.329455217612763,5.29574184492968,0.0731804661225345,0.736188183887769,0.255145742533348,0.101982796151563,0.0605454795859626,0.19058989569037,0.0750615234306195,0.826914421036734,15.4823009225926,223.11437015349,0.132306698699709,2.69437750848165,1.34110641942722,0.0798856521151839,0.672718804186358
"SSA_00120",0.0522423170510135,0.170737380375441,0.0227485952685613,0.213532363003128,4.09077381810744,0.0632801138041771,0.681156310863133,0.24082866404953,0.0986314091737022,0.0636789812293082,0.206835984304819,0.0754954877878612,0.730772174392784,13.5598365764528,224.480405906175,0.0930847504771199,2.76583169768781,1.25049397005087,0.0773215411139285,0.505383481310434
"SSA_00122",0.0448931203907057,0.174925388225315,0.0222557465251253,0.261412360497817,5.02181594963749,0.0664773980765623,0.56052549421362,0.251180983901458,0.129211349930465,0.0445620526404617,0.201552220485057,0.0647727071255695,0.891153322268749,18.3783923679377,280.141337203974,0.111144785899258,2.88464995625906,1.34152520924209,0.0714615869366627,0.599948893346579
"SSA_00124",0.0462135636494804,0.0800125020378768,0.0289004261810739,0.253328314938283,5.09313253027147,0.102650293621908,0.457481254510593,0.465232498889764,0.126811492437325,0.0470973045411806,0.17535794010116,0.0608496994644096,0.654895402266792,16.5853864480329,204.525187592193,0.182626740116861,2.8347145099866,1.65314289171744,0.0541896151011855,0.878072833601157
"SSA_00125",0.0510284760663345,0.153118258554619,0.0216265671644548,0.268055051892867,5.07265028306014,0.0450273955155977,0.560991248482464,0.264491062867767,0.117071477244017,0.0464153224804494,0.18028351445389,0.0681902731878458,0.798909156534906,18.8674286073162,241.106638773426,0.133142556643157,2.67968601599979,1.23984327515466,0.0587844746190001,0.58134358730907
"SSA_00127",0.0564983443417915,0.15496752207398,0.0227763041625832,0.261932280774206,4.32555342638635,0.0387878124094383,0.145151398500268,0.297336014948176,0.140023924899694,0.0614724729481931,0.214177177588512,0.0837563160277528,0.936986247694387,12.2577890965698,198.062469695834,0.127048871932946,2.76041235900509,1.15543585989096,0.0823513928837609,0.668435127448917
"SSA_00129",0.0472859351989104,0.185483174845686,0.0252292733391439,0.255888915278649,4.31872875724988,0.0634674489531962,0.525839832866799,0.270256985501574,0.153153864535068,0.0437690163939703,0.194125539827369,0.0751989198666636,0.774935383684046,17.7269156232159,208.597822705067,0.140696502341321,2.93373163488048,1.39096600775196,0.0693324998760074,0.706829125490431
"SSA_00130",0.0523518778128618,0.180958671472462,0.0210829159259086,0.171988197685794,4.62169084019453,0.0590959276232297,0.472627958992333,0.256121465231629,0.113318305741616,0.0507056750958331,0.196678628109306,0.0845154916390855,0.684305371705522,15.3312697044499,239.974074527933,0.117505302178762,2.75489770071874,1.42916462856995,0.0641606523297531,0.808815837782978
"SSA_00131",0.0446650778177455,0.148175130746948,0.0304423886491456,0.284598742402225,4.96348003491091,0.0630186676895638,0.586039229968126,0.281556584623676,0.0746490382128698,0.0605846387373231,0.232516831422855,0.0840748617518767,0.744653810153612,18.3459895433106,238.521241347621,0.1296316289633,2.66143239675132,1.08559268007565,0.0834252958135882,0.536694956007438
"SSA_00132",0.0464773143718954,0.168425704685413,0.021874645281909,0.248515287753193,4.10001838586464,0.0534331615617618,0.452383225794785,0.340047033209908,0.111074553616341,0.0508882117083721,0.279700041727284,0.0643802692674412,0.861639405858065,15.0062299382835,246.109742267199,0.154125089292733,2.7164631654944,1.1258957732267,0.0667308365582121,0.589863256980367
"SSA_00133",0.0473527304182378,0.14723560925318,0.0267656747369784,0.211658046889023,4.75218244905631,0.0711228247196906,0.451135662762253,0.2303163841771,0.0800260614261344,0.054424998729856,0.232729791423825,0.0827379111611377,0.86535396985458,15.6245314996561,211.549534232072,0.0992102973568071,2.86776907713855,1.08634859598065,0.0713734830635505,0.686665729676105
"SSA_00134",0.0467396853001918,0.180795355555233,0.0233750958011624,0.299827532632944,4.84497092983784,0.0579587864794648,0.511541497776186,0.240885616372713,0.0978972213605867,0.0593587295752068,0.190748472316177,0.0822016233716138,0.814235827683156,14.0934348637951,223.329605785224,0.135363298464247,2.9628189572108,1.33378198828822,0.055500991465008,0.670444563758513
"SSA_00136",0.0468415182366459,0.203655243142979,0.0217334636660323,0.290377947271076,5.46289022593903,0.0514892404374012,0.622044006179173,0.212047744846987,0.130961553930735,0.058123730823506,0.196763931471592,0.067628471340013,0.803293165216114,17.8433275774051,205.479457044632,0.133282074249308,2.85410093193948,1.15479292428011,0.0557192948297416,0.773298477882951
"SSA_00137",0.0495442924848259,0.181522523233036,0.0235669832577862,0.252270707898306,4.53570336492507,0.0432447282386224,0.52187922682936,0.202096245510816,0.124236122365266,0.0434297638423128,0.223804346601638,0.066701554799221,0.7610066834934,14.1108195779835,247.010409658547,0.15808136775839,2.87728253929225,1.09819978123983,0.0529189779396142,0.634259723284908
"SSA_00140",0.0532514174449959,0.157548610859346,0.0243247712733474,0.205605407595097,3.09070370685279,0.0721942127924896,0.289430815205137,0.312662123702117,0.103482110243753,0.0528740343670191,0.224646734769678,0.084514816919179,0.9436001223723,16.533701583765,227.748952463012,0.129922897418525,2.86368373405443,1.42021480544738,0.0664382515357093,0.589458769305434
"SSA_00141",0.0464512286699804,0.182482684256736,0.0219029655340078,0.233069750229184,4.84434125766963,0.0515582925779058,0.380045377622186,0.254443868739609,0.104523536506658,0.0604490053555433,0.212886516491413,0.0817992558465743,0.752811030519802,18.8271848205542,245.574830286767,0.104590897934767,2.54565541856427,1.38057689166275,0.068696598767693,0.513000564693292
"SSA_00142",0.0549449359608658,0.158764806493397,0.0245424000554312,0.178976018764292,5.39175899054707,0.0572378196314153,0.421520610442369,0.284140059383608,0.160458829526457,0.0634472472733024,0.199528244193468,0.0709180183745157,0.793870826904493,16.9952197232929,199.589238518588,0.120461710268127,2.68627535746791,1.51462625541969,0.0702608349506227,0.568289804771151
"SSA_00143",0.0486046378550174,0.19649154219478,0.0236988871229666,0.211206132683099,5.16713474231182,0.0553406426050681,0.503955049709881,0.254242944147389,0.1427047492301,0.0579900368885185,0.185433584328781,0.0735866697561435,0.844830926586272,18.0638669194484,222.453250053285,0.103563456191511,2.81040929130389,1.33679179818741,0.077678482390707,0.517400797648712
"SSA_00144",0.0533241163700685,0.190425228297265,0.0183278119367913,0.24594364958375,5.44117950175893,0.0409007765836865,0.296730725284301,0.214632376201765,0.124704437022094,0.0529915835251484,0.222753199131771,0.0706577402430867,0.964446461693349,15.2301526952207,246.44889289463,0.12851177469788,2.93421711489814,1.19745512585484,0.0649574204665939,0.539378012088544
"SSA_00145",0.0613948136109018,0.146582649270255,0.022882501197812,0.301338426645843,4.84991070262993,0.066035720596464,0.652594237097924,0.284489028541229,0.155775896008604,0.0586576994355074,0.248995987226256,0.0670448698194654,0.854534028369129,15.4450354334619,248.103411547495,0.180275326111075,2.96685149008662,1.32106046151937,0.0685382896460424,0.711218752670034
"SSA_00146",0.0495759420705199,0.174896568362316,0.0257291539375343,0.247167581370736,3.46003542722392,0.0594583718064291,0.458384611376447,0.280660362263019,0.0870003802037022,0.0527314581031663,0.206907663353949,0.0817873536896067,0.759122734909515,16.6353732201029,228.22846720434,0.102464188663845,2.82231238481346,1.24018678937713,0.0685503308383812,0.741798995836775
"SSA_00147",0.0522689154674619,0.164209902311517,0.0250626226416685,0.192194561968304,4.45795946132735,0.0772112532931708,0.513879373673474,0.227097838776706,0.118961314622334,0.0713193202905739,0.240005118483799,0.0728431879905867,0.839852609357072,16.9444300426825,239.946230301168,0.136731260992241,3.0201931945046,1.51444770614468,0.0640403772065842,0.814600113921273
"SSA_00148",0.0549995570804875,0.138181450673432,0.0291039437248375,0.277708570307357,4.64164644604815,0.0548073603164544,0.591403346625545,0.254882298998344,0.113109734956277,0.0587187697375123,0.248412159054717,0.0629660242973843,0.824358826051632,17.4599255608454,245.201125153332,0.127633606682702,2.68291933958771,1.28414094407161,0.0504291326724276,0.698404768844824
"SSA_00149",0.0545242528030545,0.192859867366146,0.0228424331165288,0.217006167134603,5.27116808911369,0.0455498158800644,0.557001036448183,0.187540711111296,0.0947061139776526,0.0641723603135001,0.260354087198911,0.0714940612318469,0.823749217583904,15.5412458694524,184.50064323307,0.119293182564358,2.79695988467256,1.18604713927968,0.0577553479625111,0.685198135618438
"SSA_00150",0.0533435798159435,0.190785016090596,0.0216769240451015,0.27131118234978,5.28211606841394,0.0539960274582971,0.590138374127966,0.209833311535257,0.14960730704995,0.0528467324031356,0.239565724893803,0.0667467625186204,0.662869444557109,15.0310288747656,217.080455475956,0.143851750132772,2.56612487797469,1.14791771967694,0.0692128289373151,0.757762599482354
"SSA_00152",0.0492590642400352,0.172556134390226,0.0305453271603174,0.307559553956007,4.2201616139817,0.0760919350258469,0.462933144692932,0.265786611157853,0.126203039659902,0.0517811186699258,0.167117621866719,0.0644361304395973,0.890517098825075,14.1072702185191,224.584650704767,0.134809755530106,2.96034250004439,1.45622742000697,0.0741704022188576,0.704057443966065
"SSA_00153",0.0474354274184662,0.185803486073931,0.0233047304524895,0.249493338549777,4.42626014037802,0.0557671287276154,0.550509374946015,0.204101868187158,0.133024696173261,0.0440458068412536,0.204112385838744,0.0702471685955826,0.940917361884896,13.9901576433818,244.221139213496,0.128524434381379,2.79842536003329,1.22272451912634,0.0596618700031407,0.780704473622706
"SSA_00154",0.0485877219567648,0.178477187557216,0.0195967160599037,0.231912070198384,5.15989079181868,0.0459150238437108,0.497241166457775,0.242208132121914,0.131232070944222,0.0442732977011466,0.226710214605458,0.0678722795781418,0.706022431425635,15.8632270509085,191.191779405487,0.146344224397731,2.60537376497342,1.00634930731235,0.0652130032506889,0.690324518346001
"SSA_00155",0.0549737089846058,0.165323167937508,0.0257133159496308,0.264700886103766,4.47034928691971,0.0588623013169252,0.663938296048034,0.245844855045954,0.0844659030089506,0.0492158586505833,0.20319818328091,0.0716868968100293,0.966780909518443,18.5357361099957,236.448906961924,0.113469112451521,2.87691026824635,1.07703764944101,0.079247716266816,0.775431104060266
"SSA_00157",0.0476433072425415,0.161990986701006,0.0287757496884249,0.268879663378977,5.01542774341025,0.0718381013819428,0.602350348588574,0.221912918862257,0.141084158080173,0.0521023790235544,0.217942237885432,0.0822066479391173,0.683346528228347,19.1527901307787,193.144274608984,0.125792838420238,2.67411441659881,1.32072042177209,0.0773389349720684,0.652916193825006
"SSA_00158",0.0466207452727112,0.184656571638427,0.0203877263547432,0.178780336785744,4.54416507864525,0.0773442432338992,0.653794993009964,0.210916433992733,0.115590926651479,0.0467111043787015,0.244626542100212,0.0699480919198427,0.677196697376405,14.3039521557169,226.286615550524,0.127140630868166,2.85509062680615,1.35189727987469,0.0545452603250778,0.653808620686033
"SSA_00159",0.0614663514468452,0.202582035813568,0.0246069608253922,0.230403419418031,5.77103832101058,0.0562408699249523,0.463027682157642,0.238061019795582,0.10461899791384,0.0662740307498572,0.139413144641768,0.0794056149959191,0.737082264197344,14.8130568326759,265.337371441629,0.113433891466967,3.01947854805031,1.37768545624397,0.0716503168849907,0.636224577493231
"SSA_00161",0.0501061637912851,0.158302804990271,0.0192766229397316,0.294518971723875,4.37728572330255,0.0693505938204125,0.606931813459187,0.26898178884699,0.113357463997966,0.0476693580388036,0.289404549406054,0.0669415857006919,0.862997714966418,17.9539153598562,279.453764122941,0.124285017286091,2.79977415500889,1.13487682676306,0.0642709539673796,0.569981451297485
"SSA_00162",0.04904526987676,0.175231570643664,0.0271947110521621,0.261977574367654,5.69663814025381,0.0652400548821039,0.672479145130477,0.248846761953582,0.130570052049085,0.060499848419079,0.233408624427207,0.060994709378211,0.821750120842583,17.783851046001,253.720027436432,0.114970589245919,2.73033727483618,1.17788992610737,0.0729735049276112,0.583834193578764
"SSA_00163",0.0507717263523544,0.102127011685167,0.0233257087967775,0.265781538936748,5.30509584425968,0.0770741018562826,0.456819558132188,0.262147117015859,0.16966833966192,0.0513934107461242,0.15007724780139,0.0647477587562526,0.594170839906344,15.7297733627662,167.514185799702,0.174899261374156,2.84136659709999,1.33220414330714,0.0560672682593737,0.687016754820318
"SSA_00164",0.0570794719039276,0.151441480449507,0.0226845577001094,0.229608787671589,4.63237933845817,0.0398301750331566,0.566001568294778,0.237323723738011,0.110388103290819,0.0570924825563891,0.254026819247299,0.063764462487163,0.802754853497771,16.2445652805269,256.084891813911,0.150498867659971,2.89438821262771,1.15220218815576,0.0589606823537408,0.66114175836645
"SSA_00166",0.0516825092355008,0.160927067210788,0.0193431511078723,0.134114362801241,5.01227887559177,0.0677223156827206,0.438528577111364,0.234359156268664,0.0921010964695632,0.0486733478517043,0.253313900395313,0.0713520284797088,0.778782296506106,17.3386084653654,227.690026516817,0.150575095081739,2.75918251000383,1.23849622108492,0.054900055300789,0.75322256103078
"SSA_00167",0.041786616766334,0.197961224682524,0.0233307124264902,0.157381847137055,4.84784825776495,0.0565288275144362,0.428297962395884,0.282050653024953,0.0730355918326452,0.0378440224677904,0.242030288150881,0.0695798573662932,0.710216226124285,18.4697202052112,199.377116216299,0.110916721691483,2.76113070033997,1.19233078742012,0.0738924240786263,0.544707988413976
"SSA_00168",0.0489417926955816,0.142359370225243,0.02842449715985,0.320530370232734,4.69094672561541,0.0626913948590563,0.561848902235429,0.311249339348979,0.175945841839301,0.0611975318456915,0.245360255244374,0.0639759112607683,0.953832348222357,18.4584383858613,258.949868902405,0.116954176671589,2.6045480601916,1.27538688447561,0.0669614828277543,0.633818376415072
"SSA_00169",0.0535615276247723,0.17477267794523,0.0208733603774666,0.303353319252302,5.5901820063778,0.0364227807972496,0.54999800390854,0.213878700736648,0.108506081144683,0.047607046161759,0.118945542180031,0.0576296334063257,0.867208143965517,17.0232183667011,246.920327332233,0.137085268345708,2.94307581998578,0.998704689087745,0.071432490864352,0.552255782997201
"SSA_00170",0.0582911613615488,0.0933187316437482,0.0252674841524988,0.275754815816978,4.29850712739631,0.0545239330940761,0.64015764810798,0.313420476377261,0.0730429345800725,0.0569002421162525,0.249207727901219,0.0682010523227558,0.927527275352715,15.576539841739,180.257494336161,0.138734439524651,2.62304329003483,1.02684570678121,0.0851690547215365,0.825634145723428
"SSA_00171",0.0507493137834847,0.143462613854537,0.0272308527816346,0.265647580667183,4.54182941684265,0.0666129431267661,0.652905310187161,0.278587702570857,0.11989045912093,0.0595821368643304,0.24686125637003,0.0745937292144246,0.78787535115612,16.57628057019,200.948189269731,0.142162532721165,2.74435902901064,1.14804981752997,0.0724585382972724,0.76658386203118
"SSA_00172",0.0563766486899757,0.145957781101771,0.023652874528741,0.25156508509291,4.31609427139445,0.0607686779170355,0.522780699573547,0.21019642650699,0.143312532078252,0.0611667395738498,0.185271416209543,0.0599875969633491,0.808441752503649,17.965069771975,250.010215256845,0.120222220911349,2.66535612826057,1.34825387992824,0.0606057953777063,0.571402846453124
"SSA_00174",0.0466080311975845,0.147641436037077,0.0244304776158664,0.292934246382899,4.53414900532649,0.0541816236986212,0.585555519556295,0.292181862561221,0.130228369235389,0.0526337438830762,0.227121344367824,0.0666893096763357,0.94024563432791,20.5462981242348,222.161969334605,0.126220425853743,2.69358818678572,1.22399399725675,0.10046478422186,0.527566055227426
"SSA_00175",0.047559325109433,0.152399507988567,0.0219686741658181,0.237783096899655,3.99547476394141,0.0562059687515321,0.266977470449001,0.281109670754555,0.115739974632744,0.0582652819377351,0.237800196917278,0.0695862409253964,0.962239423227977,16.1355865556039,252.951835157173,0.102770500185556,2.78134865822715,1.32685929449318,0.0750081449654092,0.608681840172122
"SSA_00176",0.068455480137679,0.157845060752502,0.0274691957544644,0.587111781349562,3.93401255663589,0.0839511771257292,0.536234849600113,0.391054107009129,0.175419154088062,0.0520863626975865,0.264522797467149,0.066786201756508,1.41053522345303,17.7600456423485,264.106914399763,0.157820012636443,2.9889610797662,1.34194499674902,0.0692290284344807,0.426325187799853
"SSA_00177",0.0554814331887133,0.183379547467771,0.0222644338673238,0.216968275870885,5.41383975963984,0.0516603355958325,0.567838768506629,0.208297480350909,0.125158585501388,0.0451347813930135,0.22374373724703,0.066353469301944,0.809451799131397,17.2692832548858,228.700188406536,0.105615463614718,2.82242584822947,1.15797130321146,0.0651925020105478,0.484726744331457
"SSA_00180",0.0514440641580807,0.182685180814637,0.0233044300528327,0.240816882161009,4.69864987444436,0.0453385519155444,0.578593916199512,0.222273733301412,0.111452281651347,0.0496103214703362,0.241342055680213,0.0759635098623863,0.785106424705601,18.7840874377857,195.759448108548,0.108897893192387,2.88999061336307,1.05915184191677,0.0680541851171157,0.552025286471379
"SSA_00181",0.0498420613068451,0.179848767884082,0.0199482503193673,0.322185796882786,4.55949107924741,0.0556724522313024,0.565170753029267,0.37638827277941,0.129183992810936,0.0501128900891785,0.24476563072995,0.0704973931858175,0.769153198123542,17.1700040446513,240.759053395666,0.161452794649088,2.84014489403396,1.23857245840775,0.0595767202287277,0.575927806618324
"SSA_00182",0.0537535255589962,0.139696628377059,0.0241396978022597,0.265329551269874,4.48127564630775,0.0521994786964801,0.422587807761892,0.190656893597369,0.0664004620108794,0.0635229485881485,0.179918587848365,0.0828053035453278,0.865771692743244,13.8221903691797,194.383873641702,0.110032596757942,2.81249812771595,1.01378872218618,0.0788580491832868,0.814828446563343
"SSA_00183",0.0574044214047639,0.151811360938316,0.0239195424425732,0.303110647375619,4.46245795388073,0.0564396088726599,0.500664193926522,0.230239508265275,0.123626913002445,0.0462783916704938,0.151173056913559,0.0658795529371106,0.812919170459623,14.7627488507194,250.443679237108,0.149888118793547,2.8940075689499,1.10091682757754,0.0471719654867694,0.70515483230133
"SSA_00184",0.0487231270260773,0.183065378987156,0.0220622698838971,0.224459474046937,4.87395042414372,0.0566202707867307,0.414375168432295,0.299830706224361,0.142111805312972,0.0627041784912422,0.206036764908201,0.0728003633689784,0.826680766519745,18.7247611726568,226.428928586039,0.141609222165428,2.8483483268207,1.4445877039621,0.0748147980491516,0.614999050343013
"SSA_00185",0.0492955594400815,0.150086490528205,0.0223297275305404,0.211339413575396,5.32861692278555,0.0694438305528064,0.351864757916286,0.300469300630969,0.16025081457885,0.0600669254801736,0.186075630751404,0.0720587264918952,0.933563416003289,21.020396324999,244.841570968214,0.118111285686757,2.69745239876815,1.62725336538019,0.0805389266420375,0.630916754667357
"SSA_00188",0.0432504819274929,0.193082180653499,0.0275283814849266,0.216101465166951,4.60302423704842,0.0470410661316381,0.374268844022018,0.260986726014156,0.118634553373704,0.0574043179479251,0.259014769205207,0.0777345026705344,0.762691662877806,17.1078904245826,240.502023747707,0.121364891799545,2.78173487854111,1.18158643771945,0.0684555618500366,0.542746116189104
"SSA_00189",0.047354990644237,0.159840204999057,0.026919282451743,0.21984208709443,5.20383224396266,0.0743907541101015,0.544855960940614,0.242844475565399,0.115432431190021,0.0467327501532482,0.189532036030866,0.080803416313685,0.672565367109997,15.6907090823808,196.209455946858,0.110884727154184,2.73470047444209,1.20116505707081,0.0648166743791666,0.683664002888252
"SSA_00190",0.0504743226033612,0.222953503740691,0.0242139677591278,0.263820708254178,5.06452470840733,0.0515595854253717,0.485937957116936,0.169459293532881,0.107042729978316,0.0589404446900227,0.209741013226888,0.0721385809516862,0.758418910129611,14.893002502972,250.228663886203,0.124857959030916,2.96269818436686,1.19007238873982,0.0684958290342963,0.492014389134828
"SSA_00191",0.0491353014608584,0.165952155853972,0.0216299708659942,0.196034167495844,4.99577595035453,0.0387185961578419,0.498716830374427,0.178853837867582,0.0988991428496728,0.0539476545495391,0.224150366014084,0.0705968807401612,0.588484666969589,16.2481792150008,204.374950363802,0.135603813673358,2.74755084700335,1.13869287379463,0.0506266539278571,0.556025895960625
"SSA_00193",0.0506324166759746,0.168836671465341,0.0181131880936649,0.175167442067179,4.83045346515155,0.0324475423641256,0.390014673939556,0.257225903843569,0.11952798050651,0.0412435975712535,0.17406946964598,0.0519954837435754,0.854770992745969,16.4093646390127,242.824785603781,0.131536885642868,2.67853737575761,1.18095420027582,0.0562300105424174,0.611125419360148
"SSA_00194",0.0504005322716253,0.157713443753751,0.0289122201154211,0.274927705380352,4.23710687966465,0.0511562916325441,0.566918776697844,0.250823043318279,0.104859718240904,0.0690224925992484,0.199992100643683,0.0784322341370894,0.827563389914502,20.753120286974,231.42575572433,0.12907589808374,2.68631662884174,1.17240130215586,0.0650521504558508,0.540466470604936
"SSA_00195",0.0561364175463335,0.238330238736478,0.0234849564248276,0.232863418267726,5.10550488910145,0.0537858212681176,0.650759490243347,0.146041201346644,0.100635831780413,0.0540009182895447,0.164903599333006,0.0760505089213056,1.00528860451062,15.7080511195511,210.972869941146,0.100486849729829,2.95000327748737,1.07984071822103,0.0828776181241319,0.689728935473374
"SSA_00196",0.044738612971766,0.183216597790922,0.0230267204180496,0.219266549727239,4.18998954678548,0.0548848914769821,0.708893931555812,0.249725196721392,0.13647896789508,0.0497336626724629,0.246144573141594,0.0714508551048365,0.741945274198877,16.697839889549,224.286635407395,0.135986861044548,2.72404441151492,0.939924131050985,0.0640125264240508,0.716277336769848
"SSA_00198",0.0550836475044799,0.124874415810547,0.0268756738827413,0.208810742489102,4.29681544050345,0.0609744201603436,0.42312799371692,0.240141141447346,0.155941988433654,0.0612691859624878,0.250840190308979,0.0618722721649066,0.812984307452322,17.1657674164057,187.993166996828,0.141319328210401,2.83801844508635,1.40980831063628,0.0644041156182515,0.671675067199299
"SSA_00199",0.0526567260308583,0.201688910263534,0.0225583972781599,0.362732837815228,5.52155658941131,0.0470803048437283,0.639319262230706,0.233003219003588,0.183819488308923,0.0388806158813343,0.168308571458258,0.0692859406983003,0.904328648431996,21.3187411094886,227.478796307888,0.13446655594973,2.94854025792427,1.39947016721996,0.0711585846600158,0.42216644564098
"SSA_00200",0.0421175536226844,0.195556934071855,0.0241114693530975,0.31058039715262,4.7993588072111,0.0713274550156906,0.74131797030263,0.240161704745838,0.140229155831566,0.0498389685496877,0.226148459842731,0.0704117567608907,0.897253556264845,16.1996498691022,207.795630205473,0.145190608497876,2.81650165776441,1.07478556543872,0.079691602301589,0.736009419151928
"SSA_00201",0.0545069089078156,0.143916756224284,0.0247921712481629,0.284730100618367,4.67309900482173,0.0498344647288426,0.523677837014472,0.325488215474681,0.16711973343191,0.0475634098139589,0.216766742832229,0.069732527530043,0.692195718859987,12.0831926626627,206.650971919326,0.189706247051259,2.62565610882445,1.02990510956984,0.0727735858020155,0.710369870494924
"SSA_00202",NA,NA,NA,NA,NA,NA,NA,NA,NA,NA,NA,NA,NA,NA,NA,NA,NA,NA,NA,NA
"SSA_00203",0.0381970211987633,0.195334813893795,0.025312257655629,0.273333913189205,5.61677011522626,0.0542321394798144,0.528892704561006,0.22957797307866,0.165782778052181,0.0474753439569601,0.193450790582913,0.0722113872790629,0.885977008269467,19.5133435182362,228.712283988651,0.132007359618462,2.60714735513265,1.22679442338661,0.0683885765186472,0.696224350801716
"SSA_00205",0.0364504915210501,0.202121660441614,0.0256650205569307,0.207357471906148,4.12626684430831,0.0529343024040191,0.471408741734096,0.27931205933501,0.0982934989006919,0.0334281027048877,0.26061050807788,0.0795489112395864,0.719013857299137,17.3238706478558,229.384410238826,0.140910895105071,2.77660071975002,1.11738588522126,0.0693931019034375,0.740934302216304
"SSA_00207",0.0462525798647976,0.191712279139705,0.0260370265489654,0.234689970041689,4.62859001196988,0.0523711541798562,0.488507921928125,0.212604454173523,0.167308630149039,0.0515456223597629,0.263140299186012,0.0699333532804958,0.677826978939318,17.5607000905698,221.676988619576,0.149692079114319,2.53161125417802,1.18517664479421,0.0527233134029613,0.815926359698845
"SSA_00208",NA,NA,NA,NA,NA,NA,NA,NA,NA,NA,NA,NA,NA,NA,NA,NA,NA,NA,NA,NA
"SSA_00210",0.0536003867533329,0.166449498274657,0.0218768648720678,0.185317048088394,4.6326794255019,0.0533540841923767,0.49535199105998,0.27403018556587,0.140195064768013,0.0610476946785708,0.214918273046066,0.0687601576725728,0.7805353217265,15.4517237038131,247.196516145083,0.137778628885646,2.89038227502965,1.29223619918283,0.0606911057759603,0.687075550686046
"SSA_00211",0.0612405103918623,0.110151525307395,0.0249076974913893,0.288992063896648,4.98236878562339,0.0590231057129784,0.54449844290907,0.261534981050265,0.108653958230498,0.0490917948329797,0.179243780570566,0.0669100934719556,0.755151310698003,15.0408139266903,214.475654833681,0.151937905001973,2.82791777324388,1.34377998111617,0.0705249481415759,0.567511577330737
"SSA_00212",0.0462581175356698,0.175182620365878,0.0301302913229923,0.347891393281009,5.94165952748057,0.0829764513527336,0.699444192304153,0.277631451455106,0.117335586253979,0.0612593926098937,0.181320396337807,0.0732873892878536,0.808736607601813,17.9358652287928,217.310495956002,0.139945601561594,2.7588926732195,1.28329950450882,0.0643674460890305,0.701408110188428
"SSA_00213",0.0541009237800339,0.204133335192432,0.0210701722827917,0.189521711663962,3.79202421204239,0.0499498783122513,0.574696775680859,0.17471503056819,0.121619442817901,0.0507804949780851,0.22119118235056,0.0742461759567543,0.806130124984338,15.4270853971965,232.095768810297,0.132019463912538,2.99537565249827,1.17620372230443,0.0569128021622574,0.850263855679982
"SSA_00215",0.0501732852958896,0.157160397853816,0.0253983758945758,0.226087643068679,5.29500480346559,0.0551833276024555,0.588861438471683,0.248894896356218,0.113010614852092,0.0582974192417099,0.184516190284706,0.0694825345465364,0.868319095160836,15.6024012702751,241.382371471862,0.124110685451023,2.87586307419663,1.27282101030542,0.0790723124214853,0.834814204832911
"SSA_00217",0.0400337270209345,0.180924963022894,0.0234757494450581,0.238468648245451,4.53685049436171,0.0637925101297036,0.570385328303808,0.329073007236745,0.177345009930635,0.0476237951555272,0.239121020701406,0.0673997294446639,0.805188721049681,16.1389730205382,223.589744098561,0.157988314560581,2.63792627577012,1.31985254255065,0.0676244475326096,0.717495960810176
"SSA_00218",0.0398636386886618,0.182768924383087,0.0243871155136922,0.232889077901998,4.46253361631038,0.0632140751189708,0.576721574685692,0.332298598962342,0.165398531465963,0.0498203642949033,0.237970745329332,0.0694537039568373,0.81915278263592,16.3025440597582,235.200650876793,0.143690369326263,2.64400080635224,1.29818967618144,0.0704412142148782,0.702321374871185
"SSA_00219",0.0538780528723962,0.138324000636663,0.0261057632742645,0.245407312501054,4.33688221660701,0.0425467173101523,0.637746182100685,0.293159381205511,0.118097481943147,0.0517067451142793,0.232259240732321,0.0633994154964089,0.730453222696566,16.7861959670023,240.296619664328,0.142373813977334,2.8572634791149,1.04986872899857,0.0649201005628823,0.544461713229281
"SSA_00220",0.0426428884384592,0.188927304390465,0.0239531349206065,0.258049363860324,5.62276081175753,0.0765327417661308,0.479846233489211,0.276217826229541,0.108458595638751,0.0549273648419195,0.235090090358262,0.0760210359195843,0.905545794097895,18.4285408903997,236.730916882784,0.116907382177218,2.8160602479893,1.23931427104921,0.077753374201425,0.594932023892048
"SSA_00221",0.0519054565547941,0.169192471241924,0.0260547733588894,0.296095242579201,4.37157106535973,0.0779163480459173,0.572149272601898,0.200059320961771,0.154796093719543,0.0622321946052815,0.167454278767371,0.0574630596192075,0.693825773739359,16.6519052760033,223.634673022827,0.142629712966549,2.82074519120474,1.46522686183196,0.0633815036600638,0.750944544079514
"SSA_00223",0.0449842057370125,0.137612198907199,0.0201965088617587,0.230482776485647,5.03166097456303,0.0580057027875156,0.281732644906908,0.323276244899798,0.131803324510275,0.0553385966943554,0.232563631791544,0.0758198119977213,0.866600669313046,15.6558729537847,258.661520888229,0.123518450464615,2.69924294706429,1.17708444502016,0.0761095558491236,0.603122573400651
"SSA_00224",0.0617484079470544,0.112095122091174,0.0256057283476135,0.234326933341592,5.02816809516008,0.0527840261311944,0.64384767469143,0.204186482398398,0.140228736120545,0.043338885628209,0.266778767289543,0.0757072735029,0.550052085081885,11.7759227377487,235.677924929848,0.193815176591346,2.78995315083948,1.49146158527354,0.066582107753056,0.64865414645157
"SSA_00226",0.0620696828851027,0.168304325331305,0.0243781293827082,0.242975814011788,4.41068186286746,0.0509292457792659,0.558880685782517,0.183238243305058,0.100850447214468,0.0539064272547629,0.182398996190505,0.0633452435638381,1.04283752077602,13.1953700561915,254.592920604849,0.0958377731236685,2.94054232322357,1.1722388800328,0.0798094036611622,0.700802461793006
"SSA_00228",0.0440222253495728,0.156693475492993,0.0221103873854474,0.26996424305191,5.34249255799801,0.0548866409536522,0.477171295051244,0.241247489306386,0.10787967302877,0.0508330096851298,0.167683506694418,0.0804828486792017,0.771654182376176,17.2338699886337,225.907094145564,0.11685441382564,2.70785307781597,1.2643421681425,0.0779113788399273,0.619876560927024
"SSA_00230",0.0450979927478786,0.161675015327349,0.023096861367902,0.244065586400528,4.83230722667086,0.0499502795186803,0.473338383950484,0.260583279119466,0.134684460720939,0.0551044706292466,0.190522682146379,0.0718787982369424,0.807403002931348,18.6202973986468,231.908870846081,0.127316578214213,2.80130077898248,1.29204418606314,0.0691950561501305,0.585908896329506
"SSA_00231",0.0495094568755107,0.212417148510753,0.0226551147831573,0.285023212660941,5.55943240434309,0.062916392555897,0.633506695445351,0.235731420225645,0.123775223179747,0.060972921056821,0.205560459359902,0.076658779499213,0.895995895794153,17.216475354571,202.566166850642,0.134315370520238,2.93373533784345,1.1428347505301,0.0723547168512041,0.581395071548005
"SSA_00232",0.0483356361958251,0.212957032485551,0.0221430853038891,0.237293376475056,5.85039424750789,0.0652836095512061,0.54370015944554,0.265271099865577,0.137345599938024,0.0544024281432602,0.199150348941892,0.0724392726347941,0.878447765866259,19.6111709010572,227.247194602834,0.123680016299509,2.83610449806908,1.45373296433906,0.0699437005654558,0.641522479220511
"SSA_00233",0.0549403911872121,0.145085402051479,0.0266739396275958,0.200272366136702,5.22288840216432,0.0555009536600507,0.510164393668673,0.182034387736854,0.0963774126870727,0.0621915347677447,0.197137405692123,0.0630159300762925,0.674433551409325,14.7055714152136,233.195056332292,0.0979051595897418,2.79910356087032,1.12912203721085,0.0547383833193917,0.517337348690018
"SSA_00234",0.0528147195438902,0.202783331557586,0.0204381281418703,0.265881405897571,5.33294473690656,0.063552353523828,0.422993003265713,0.21265763166509,0.122848292259436,0.064564513047115,0.244841213129349,0.0811230780811236,0.895044117757222,15.527625867998,253.655337034323,0.111070559228922,2.86658583450355,1.12504469335569,0.0744965869098174,0.622599854399199
"SSA_00236",0.0506379993641742,0.218659812691983,0.02120746798048,0.219166107078904,4.01389127810768,0.0283509197029674,0.342403035033888,0.218502771650092,0.139007024751325,0.0562850371021595,0.182004279079716,0.0731106573592763,0.649421616884593,18.0134166226833,227.945395193181,0.122024661592616,2.85815541331112,1.40629146195251,0.0607277882922148,0.502655945158101
"SSA_00237",0.0587357251465445,0.160059401441525,0.0199053904504853,0.250984292071711,4.82309058069652,0.0572109493079601,0.585559531887496,0.241336319419408,0.146019310575588,0.059449676813316,0.206871833257815,0.0659038843972884,0.890023394076846,17.7452979548395,245.222504206423,0.100481610272574,2.8115834602271,1.23271610364436,0.0708908983040809,0.60905615284639
"SSA_00242",0.0551905976316156,0.176191785087514,0.0238974741245096,0.280676147203025,5.4434029593119,0.0625856631478588,0.489354614341953,0.236171265759048,0.132184248948074,0.0499573518062854,0.193571475676674,0.0665855960733256,0.752994696632171,14.7477855782076,258.236015794159,0.118042058211754,2.8886036504596,1.34069362231286,0.0653014268799751,0.495033787902057
"SSA_00243",0.0555756172715021,0.15041511200522,0.0221932855075342,0.222566939953051,5.35822092382983,0.0580596787404061,0.490073327782455,0.241320895006251,0.153532853746588,0.0582451544967548,0.167418072289481,0.0697790009229729,0.721501296145784,17.1514079130917,231.76647367756,0.130259406344156,2.86067101331176,1.37917905021725,0.071926539786455,0.594050178943889
"SSA_00244",0.0570872874981493,0.125914334281235,0.0226087514954684,0.209851187586393,4.44134220403383,0.0655617463254044,0.545139620721581,0.215497203989029,0.142456508888359,0.0591832387756373,0.195350899015156,0.0658690384691683,0.841656251396607,14.8845823989274,216.196565209708,0.107601760473236,2.913117482467,1.43810167686602,0.0688966727995788,0.673113151104656
"SSA_00245",0.0529987187380296,0.135889502433835,0.0257149543393766,0.319076332099853,3.38363052897987,0.0674707223692974,0.561380930106072,0.283990335923237,0.130216378957183,0.0617720936826605,0.25439832322816,0.0740660440964775,0.737087143653894,19.460321710387,196.135483797871,0.146135024208227,2.61137639790867,1.26688367681367,0.070689590928516,0.567980153470588
"SSA_00246",0.0521969803184884,0.201672944621334,0.0245905216481763,0.288340530512393,4.31001085767554,0.059130279771764,0.615536433577028,0.277212849685521,0.0928441839288392,0.0450902453931628,0.230053778833652,0.0663324285636841,0.749531478601917,15.740927571693,223.995324055961,0.101262991159038,2.94215674507631,1.17123073758268,0.0583383802116897,0.43473673047236
"SSA_00247",0.0530021963253451,0.146475652557958,0.0237634928900975,0.181147369186833,3.97362963107592,0.0526048814903149,0.484484352989535,0.223120068497175,0.119828747659049,0.0575262356695936,0.207293254219747,0.0658898986424353,0.808762698122222,18.3585348034813,220.694017569739,0.109102404353343,2.97658012773151,1.44907383408869,0.072144826355459,0.619694747748475
"SSA_00248",0.0496031518585625,0.127281788036564,0.0260943335716639,0.307105758046575,4.89146264903191,0.0574193291494454,0.425032255938801,0.320304309739277,0.118512549860374,0.0563146856083656,0.258334749369529,0.062937252020659,1.01869112037442,14.0043227867778,283.430724526136,0.14161082227705,2.72241171401587,1.23841607223481,0.0709608927913491,0.605465284695465
"SSA_00249",0.0581873137631756,0.105326332556364,0.0244060128934942,0.181386910998035,3.94387361395637,0.0545654494390848,0.456314566619486,0.197192928502304,0.129153724347157,0.0601929809294881,0.201498304900001,0.0622469889483176,0.799301954774349,14.8362305741878,220.530677955218,0.0965448275431895,2.91892777254875,1.68897370348274,0.0664311663888528,0.673744165534051
"SSA_00250",0.0573197080350901,0.119374907999763,0.0244655198435227,0.299895805247523,4.37975640708876,0.0474674428730363,0.497723584643143,0.325796048098788,0.123848896579967,0.0553727759740481,0.239000458533077,0.0542371279940585,0.949042342284544,19.0799570408205,234.605190072171,0.118404395209721,2.71210562609356,1.2655024412556,0.0642859482377268,0.52408214411185
"SSA_00252",0.053484760030342,0.171119070481941,0.0310158292657226,0.292225058070668,3.31072983036794,0.0624497326616066,0.554333774165573,0.255584625870008,0.114092321278181,0.0405072482908924,0.256598459049685,0.060658765749152,0.836967145569576,14.0563504488938,225.781998900809,0.128835090330798,2.94941410935721,1.22078406069265,0.0589129002655138,0.747152612708623
"SSA_00253",0.0491860195956956,0.157315255007137,0.0227955865210768,0.270630716998217,5.09577812842374,0.0520327420592752,0.422705109944592,0.289681915303505,0.142583747932989,0.0540497575170053,0.225409080732056,0.0714328317307687,0.93731362396028,17.6678419290619,235.146100136713,0.121751870411849,2.7247085612317,1.31445246026615,0.0704632181766259,0.539078047738076
"SSA_00255",0.0663233947671223,0.147805353200483,0.0252684898192347,0.221689893754234,4.45711013893804,0.0487589406662903,0.492130289071293,0.224186804818234,0.114618472999067,0.0550808347212167,0.258934266855832,0.0651364062825119,0.830945233186174,13.1547557008178,219.865270393593,0.121036000686246,3.02677603652296,1.41803211795013,0.066262526435584,0.445990317440745
"SSA_00256",0.0558127109827992,0.158047162225059,0.0256345757070916,0.281163960593226,5.07134510504566,0.0534710258164901,0.608372147714131,0.236189289913693,0.129712817437788,0.0595137379251856,0.192021934479838,0.0701205967481921,0.850242310028817,18.656015277095,246.31389234853,0.1225077616836,2.94656103567855,1.20542142785343,0.0748953665824007,0.65608185226451
"SSA_00257",0.0539663834958476,0.171840549097199,0.0275917112798496,0.277993971215335,5.08831119480269,0.0602259202027423,0.602210205863177,0.216211830921821,0.10771543533691,0.0597017200801358,0.173906326668616,0.0723189864810518,1.06147125614904,18.3140240268188,227.796599235472,0.138324876985047,3.04189876492117,1.17481820047391,0.0907364498054905,0.82991680643963
"SSA_00258",0.0622128429803898,0.136983014971852,0.0231285313462822,0.225262530316139,4.42432433191987,0.0583286434046269,0.576610704915558,0.225284765850485,0.0677551381235869,0.0608530774934518,0.22213252465342,0.078268592298714,1.25903168745624,17.0848689996344,196.536839376258,0.117911822500513,2.7490116529069,1.0639975185779,0.0969680151348274,0.833012532694933
"SSA_00259",0.0533273104698254,0.181812241788074,0.0265283591654218,0.220231447410915,4.80084682847035,0.0567568812150782,0.468692653245322,0.219995350233856,0.124761812292766,0.0580382568931359,0.192748757332396,0.0716004434202535,0.77624724717528,14.9782232548595,242.107998094161,0.114968744874829,3.02297077369447,1.30077486577586,0.063057719306211,0.665664738611099
"SSA_00261",0.0587866919077776,0.163570224210055,0.0247478416235323,0.384615909533459,4.71835967046826,0.0558211717222183,0.585499983862921,0.249076879492415,0.120926672294689,0.0450200412084837,0.174015057843602,0.0609652370572303,0.975398294784539,16.9670070382374,233.356248788877,0.146824750368181,3.11588330308085,1.18942913976936,0.0638650307265413,0.510587365611151
"SSA_00263",0.0470986267229834,0.189295349510744,0.0235863099227352,0.266194806634562,4.81729486047036,0.0560937982196903,0.506763198291655,0.277815539524943,0.11781005939038,0.0537298727871933,0.200856396396703,0.0770462841151056,0.837614527637673,16.9941788966792,228.858057540449,0.109054736313687,2.92744486066688,1.24316954334165,0.0716504199128752,0.599959695589555
"SSA_00264",0.0628441752971828,0.183613639347469,0.0218951950751515,0.143993782390918,3.96608925254397,0.0448835194277488,0.506929768975093,0.226299595114043,0.0813032755942856,0.0570313940775909,0.256896192595031,0.061307436981439,0.76430886201345,12.3600107097301,297.941006060791,0.102603343032866,3.05774716162097,1.10259820969569,0.0527686120638774,0.513307720443745
"SSA_00265",0.0399647701421997,0.122759413634657,0.0233845925084448,0.281319004341687,4.13947006648279,0.067543246713207,0.70011956913857,0.345067909869578,0.0888757541548025,0.0344237586880936,0.275413467393059,0.0536903438834512,0.596858488319612,18.4666029658476,210.791595356457,0.150148322506747,2.58551517742944,1.15238688599047,0.0596126694423025,0.616621084296868
"SSA_00266",0.0449738225811853,0.182269373809821,0.0225747462575567,0.224378863862264,4.68587958087173,0.054595662916544,0.466899614940682,0.289828746166131,0.121443698133534,0.0475106407386498,0.232497333295961,0.0690351285631815,0.813613377187938,16.9544066089463,236.837131894269,0.123649098028745,2.86018286679736,1.18583488850005,0.0747701809168602,0.523199377045158
"SSA_00267",0.0534100246181362,0.160886377734765,0.0276963738683476,0.269329444171276,4.03460145734142,0.0703356508460481,0.471867226551223,0.297260528060453,0.13322840935734,0.0590426090611659,0.194024849584624,0.07413136660494,0.858409882546533,15.6885484680803,211.653086470959,0.12963474855173,2.7753765626017,1.48636059779011,0.079024090357884,0.552130076353785
"SSA_00268",0.0476179244758598,0.228035448279685,0.0218171572166858,0.184234640403168,4.75611001949246,0.0525666611217971,0.609964371700664,0.203507679448565,0.127441314972535,0.0520954451805778,0.241587920912778,0.0685843394487588,0.888788244969288,16.4825150477086,233.960381546852,0.131956655196864,2.80763109870761,1.25078912829761,0.064598420017829,0.661535705516519
"SSA_00269",0.0514755273402138,0.17013808605734,0.0264138571671136,0.285199410293029,4.65843353023454,0.0612441414499639,0.498436883256786,0.305714809138939,0.146813041192424,0.0571655781914347,0.234473697762749,0.0685837202122992,0.740109615871991,12.919303766207,206.085810269224,0.157467169405362,2.68696336245509,1.19366767643083,0.0674814979152609,0.524619797212554
"SSA_00272",0.0568421931458838,0.139089705780898,0.0194868390989359,0.147521257747687,5.05820347574703,0.0498639130378888,0.483758023633395,0.19358346861436,0.103637804602145,0.0618746850718064,0.222057447569622,0.0754191359180416,0.656960879665938,16.0144481434117,215.438861428577,0.11030462764518,2.91947844597697,1.29456045545132,0.0783472400809118,0.644643600535667
"SSA_00273",0.0453249749348949,0.138148651289325,0.0246769758018304,0.265104209474979,5.43677591040141,0.0700362959306994,0.501431004267433,0.310233733369075,0.110467795995164,0.0464454538939534,0.17838139313114,0.0723724475444152,0.847407599963913,16.6344266058716,197.931732099079,0.118502245471684,2.58112336578328,1.19174970028954,0.0852433166730604,0.511567632837809
"SSA_00274",0.0602087305980891,0.119534864790734,0.0217236373619655,0.288678770283506,4.26918309750894,0.052279308478064,0.504152728864679,0.319550612736818,0.120456021750846,0.0616356094801302,0.168535324282662,0.0664720764621847,0.759918592282645,16.3782004877619,219.904842162913,0.131031868447391,2.81838167660406,1.16296877372669,0.0718034746966282,0.577844670633713
"SSA_00276",0.0499922827595539,0.127513056370715,0.0234228479289664,0.252242366264717,4.24115404588265,0.0441662418638495,0.365085136443034,0.409643212539015,0.117364593006229,0.0505077304497421,0.207515276499409,0.0631890495151424,0.761156918451497,14.9286741973585,242.546671387677,0.132335922834171,3.02519929601176,1.23610467605997,0.0750050619288132,0.41392098726836
"SSA_00277",0.0475826489124959,0.168266022010743,0.0270639410914484,0.27383604539065,4.4059436678208,0.0523845481825308,0.618870662448177,0.286043151060726,0.148380113115238,0.0560490170565905,0.249976298044217,0.0596946551082641,0.882427272549266,16.8926151136965,232.558050812478,0.141096223153021,2.74676613133374,1.32390348169186,0.0689455410654253,0.579810664250321
"SSA_00278",0.053754137871731,0.137705251819654,0.0234244660386622,0.23360955984148,5.12898414623658,0.0837048966058909,0.560572355616878,0.274508103495325,0.122633471483681,0.0691887754623163,0.229217293753091,0.0725156547340656,0.667928002118242,19.4719086570905,205.634692686895,0.126718725653007,2.82859863999308,1.23828083528504,0.0646823093224461,0.627316804966051
"SSA_00280",0.0520897488875274,0.208029389696415,0.0217300990852141,0.227517030920574,5.48877231790235,0.0467131895345159,0.479299064377289,0.293122323165976,0.133454524327081,0.0382069817497321,0.18549594932171,0.0657850189790033,0.796167036902747,18.3076968866639,196.038063106407,0.108128436401017,2.82992413436283,0.982189653094873,0.0743019527677471,0.550047301457973
"SSA_00281",0.0475530961229456,0.216716593311655,0.0219638492577151,0.224035905660847,4.68551984239644,0.0474290022541005,0.490286950512508,0.248241465186985,0.122378695174803,0.0542155394622428,0.192422279088464,0.0790130589204278,0.861881596991956,18.8811083777527,229.953145286991,0.118342661843481,2.76528953625192,1.11045433199005,0.0766669094347614,0.621540297966074
"SSA_00282",0.0628110250574589,0.177559223211522,0.0237264806536518,0.194369124880637,4.10860993903579,0.0511193237587035,0.247555053050964,0.217069902948598,0.129272589351171,0.0536560090045212,0.240314230021814,0.0749084314575579,0.885880205567179,16.9406032617652,226.356207726996,0.124118228554214,2.96633554212186,1.37722350313364,0.0560540559100545,0.592657120573479
"SSA_00283",0.0536636841550629,0.183171384289445,0.0243648829270421,0.247023153359396,4.81747007448342,0.0601342292148561,0.592178765609949,0.221797569417834,0.120664689262181,0.0602598340180329,0.198420802031561,0.0784983228684131,0.890048968425379,20.8059295408932,243.944508558874,0.0992054630624758,2.92223664217646,1.2480990918587,0.0753261247446155,0.600670439035394
"SSA_00284",0.0476558932378303,0.21766421374373,0.0193842609425593,0.272306629561349,3.7500596749607,0.0518267907572417,0.487816363905209,0.312809252302477,0.153158442683924,0.0381594744356324,0.28365778719002,0.0653648740631842,0.911427581745776,19.7915224128316,214.876029615475,0.162316746843458,2.61645902477955,1.23773216901891,0.0654905654210055,0.720231103416144
"SSA_00285",0.0462198106196261,0.164913256548645,0.023313059318828,0.246248335611959,4.71726116283255,0.0534782185992515,0.520888961330305,0.277156618609861,0.114855846880379,0.0523699665370151,0.219055087493734,0.0735883660068446,0.841522373005568,18.3459074524415,226.693095880557,0.138754130311864,2.85337389115052,1.20789226834058,0.0735130361926733,0.639183399531568
"SSA_00287",0.0442563719655125,0.182226860309639,0.0262603183267166,0.216560250073919,5.07716008085181,0.0559196699840309,0.44228577431515,0.261840417099617,0.138430105399341,0.0419793536995599,0.207659624846442,0.0778496617108794,0.800701714150645,17.0603090682571,210.042435320688,0.153152357064825,2.73140794318444,1.1546911759278,0.0614636953929461,0.708471703719419
"SSA_00288",0.0580356530949604,0.145380778111032,0.022877896673309,0.274555733496386,4.15051538520073,0.034943283796826,0.553156966635178,0.282451884476939,0.0567498957236392,0.0662555534252498,0.333061120319383,0.0597547359231103,0.742435302082994,12.3756730022076,230.004020932509,0.150843416393882,2.81856853569091,1.23020625618184,0.0606636990058452,0.521988318400226
"SSA_00289",0.0501876630825987,0.169045657783948,0.0265533395392262,0.252226180260424,4.82023893751314,0.0376986193632172,0.41670601847415,0.311522710731333,0.174004757655828,0.0388915024403303,0.21294470258701,0.0756827458412905,0.758530134417117,19.4866297995742,201.933936459388,0.178383455283065,2.66089324992313,1.06952775534461,0.0595065431238444,0.64800173794886
"SSA_00290",0.0539606361930325,0.161328796180793,0.0220238347844909,0.276994653500029,5.74298943283776,0.0581610349076968,0.429939566536391,0.253121305745646,0.0863443841392469,0.0567360283202534,0.208762412090482,0.064835669163053,0.811858734358425,17.8660898660914,237.36460806763,0.152811702641656,2.94515154244083,1.20224145404919,0.055191607398007,0.677107736886159
"SSA_00291",0.0564818448409262,0.181591448403423,0.0219482580978332,0.27869102571047,3.98961834769004,0.0464042578464746,0.600984305355606,0.226051823455498,0.0892657112132371,0.0521930383741377,0.24425554626564,0.0574907614595856,0.997944736824855,14.0239730356822,186.161356965985,0.144085843010189,2.89465611511434,1.03830006044659,0.0870917686448527,0.687930324858427
"SSA_00292",0.0476855456037888,0.198867166563728,0.0266970394692209,0.23044257481521,4.95177577985484,0.0614560259310149,0.577277465509526,0.268776389208573,0.150358518881964,0.0456088188438177,0.249295571242085,0.0765256962802192,0.743738218650752,18.2831532059771,215.402823364689,0.126404704092299,2.65560302475507,1.31423527121244,0.0707351021226573,0.683415072896817
"SSA_00293",0.0522314455832981,0.141586876480366,0.0260444176103717,0.264539846344901,4.88605399557816,0.07394323692719,0.553826626154925,0.271939981111097,0.126230076044826,0.0529032285360674,0.237389721572243,0.0648531076522824,0.872806851477281,19.8304019588103,202.509623966208,0.140824040593271,2.71672999676672,1.45577489413934,0.0690371548708016,0.568954526084754
"SSA_00294",0.0513040912981579,0.131886885631204,0.0238841273569489,0.273308383252529,5.33194531417466,0.076954649815919,0.613778704965671,0.257275901283902,0.103622148561526,0.0518453318907348,0.22975225022605,0.0700681661045185,0.76361067620407,18.3263685817425,233.049906651471,0.0991961365347287,2.67955399454878,1.33347535400486,0.0786580771214082,0.498903331470176
"SSA_00295",0.0497374482399708,0.136512987235821,0.0239661450925667,0.241347479454118,4.41377119021565,0.0523994562795956,0.380543795234039,0.25378243191697,0.157888042936314,0.0644259522971622,0.183142273261615,0.0721026244827455,0.752236601550831,17.2098985490177,239.265865200435,0.12559941530136,2.76677743006866,1.32497671918711,0.0703540026983755,0.580836036868228
"SSA_00296",0.0527701008341702,0.17347229118957,0.0224361271732176,0.29927094824917,3.95053443807357,0.0545107625287162,0.570133749869562,0.260119121026142,0.131984936229468,0.052086558776655,0.223495042346585,0.0749614606994589,0.766296964517969,17.8029186055372,245.845231637656,0.126546816080997,2.82335348257727,1.28493794508548,0.0605118684570594,0.722122038087617
"SSA_00297",0.0473489738928722,0.17018099866429,0.0283734341033418,0.264925294335499,4.17027747749056,0.0580935724109661,0.532375581325886,0.238447113840546,0.136653341504148,0.0559024338386642,0.204283650099555,0.0629809997139554,0.820536026903661,18.0161197653805,240.758677058653,0.103396070892625,2.81727288435212,1.15986894461168,0.0790809348409989,0.528892123497745
"SSA_00298",0.060643178574611,0.145878611125584,0.02018917761321,0.244490450707212,5.5774932991193,0.0593656996013396,0.665667440093606,0.251027484824862,0.154221948238442,0.0514661955093992,0.257512720284783,0.0726998431154154,0.819987790209852,21.143710794341,168.517202519016,0.122787329720835,2.77218827459644,1.10293800982444,0.0704844422810483,0.605189424776444
"SSA_00300",0.0421885435673869,0.191788306781013,0.0234913099015183,0.232304071493272,5.43875713313822,0.0714150442017258,0.533085008048315,0.270783526223083,0.125431256059227,0.0557471430298481,0.192078773292285,0.0678317125204209,0.710376813352809,15.8488969727768,204.944131951949,0.122694443382874,2.68634421221706,1.1085109181243,0.0787042554855908,0.628830557577559
"SSA_00301",0.0481062921938838,0.208852652412714,0.0284838109479363,0.27037872374217,4.78761782618244,0.0639169917527204,0.607422539273147,0.242213347017296,0.112213206536495,0.0464112164115357,0.253432836709587,0.0761496121630871,0.808661297103939,15.9947575621659,242.548068234887,0.146288454589431,2.86669252377071,1.17272601752059,0.0569655655762687,0.621757997597377
"SSA_00302",0.0474933755654418,0.15135960954559,0.0221553797083828,0.281697640354562,4.79168327096928,0.0573693960309922,0.688012922667244,0.317189365973136,0.15795660488566,0.0405255955018674,0.243030733341015,0.0579403360893676,0.662028723588786,15.0719376406427,187.145646550196,0.150261041432782,2.56354794688752,1.12092150865209,0.0720948532066,0.726702323253474
"SSA_00303",0.0487690077629542,0.184833800854823,0.0225294057443234,0.252849431458321,5.02373494330017,0.0624795411010434,0.579898047045138,0.28502200108757,0.145426900675138,0.0453175595314737,0.239878854923946,0.0654547646370333,0.837618709984477,19.6663341307268,210.933227686527,0.126221283804836,2.74746799507874,1.20088082245295,0.0728094967120089,0.703825891116431
"SSA_00305",0.0404196123300646,0.18539160280755,0.0239519192559415,0.262155629670908,4.41590965029045,0.0575807665281415,0.479262577208906,0.248223426223978,0.143405857615517,0.0538226166956248,0.23954565232573,0.0787911569298764,0.582957964189476,16.8408367496942,215.511391857849,0.149015729334451,2.55469866247167,1.11625349428644,0.0719049305186883,0.697236563522511
"SSA_00306",0.0518073941640923,0.144455714189023,0.0243288763898657,0.241743957194971,5.11272315375499,0.063393043053345,0.523302711234515,0.294762842634256,0.131838793085925,0.0554154887416769,0.20912928506817,0.0762358051765571,0.584102916412798,17.5021319034038,234.99392322252,0.126469461479087,2.59712782825326,1.36942718387389,0.0672469189530846,0.603334809667605
"SSA_00307",0.0481184304907232,0.122992681054551,0.0249850851716266,0.256415443888292,4.90101073626739,0.0675735892575459,0.519393182484038,0.306847091991084,0.107509674449974,0.0556007344791674,0.217025687362171,0.0664431085120091,0.753485538326247,20.3737402973283,215.257855277753,0.120263708941819,2.73010691783226,1.30214662597026,0.0693142777974682,0.719200500957538
"SSA_00308",0.0437750364531781,0.115906592442247,0.027662773882322,0.232088268745711,4.8098833753789,0.108935495501163,0.507880211340529,0.373551078233667,0.160171937713681,0.0344303006826978,0.168953840329832,0.0608100809976341,0.707401331503798,17.9737670313094,179.550760301552,0.157922054122366,2.81343136612441,1.63860938441426,0.0548752622507005,0.948952485202865
"SSA_00309",0.0569055244668484,0.171030338053504,0.0264103093261907,0.29290476622103,5.55134047246988,0.0405527353019832,0.482222306740095,0.22361444624835,0.101529900474959,0.0547456348054091,0.232549220886084,0.067671755247096,0.866913356673205,17.9001997817357,226.905396893879,0.122267564993193,2.8619506998799,1.14323254383872,0.0665737425143555,0.495509517916081
"SSA_00310",0.0643320960777794,0.147205973760044,0.0251409303971914,0.311515774771694,4.26747153445853,0.0486613725377266,0.554942901713849,0.235693152084478,0.139342549819395,0.0394783034897247,0.219759151285643,0.0537863019366889,0.753597906256745,17.1436671823593,276.932039343046,0.124586441290759,3.05574178964516,1.20777686439827,0.0579249399480498,0.491684799488724
"SSA_00311",0.0583699286491295,0.171109963701716,0.0214365474757702,0.272240725295864,5.53756182852926,0.0807307408697986,0.426258092254066,0.273013714027863,0.154168945254796,0.062008071306673,0.195371684712189,0.0713533716215132,0.798978253601685,15.4966143697334,225.497124323511,0.114509758577101,2.76044286766397,1.50719448015893,0.0634217736393388,0.563799420202333
"SSA_00313",0.0541034339526483,0.15467220049043,0.0238133512465497,0.23421726898433,3.54314911972206,0.0570616356979418,0.562581418937148,0.186542198506769,0.107306458524544,0.0626705291128883,0.213050536307457,0.087562259358835,0.756808074711402,13.0661438522308,237.469241864007,0.13959989658907,2.84736988400408,1.17588779148898,0.0704093831856452,0.81134312125067
"SSA_00314",0.0559839918449394,0.145826077948571,0.0242024039310483,0.293840734386892,3.9150817012405,0.0474084376495632,0.38307180686952,0.274755991135268,0.145141723558471,0.0460334002649745,0.250256284607778,0.068115054081098,0.868400887465671,16.1191562766629,243.295935770138,0.154423022675213,2.80208419337584,1.23985528368584,0.0603397885604753,0.754106278106868
"SSA_00316",0.0600461594361955,0.156745269716728,0.0223093540306869,0.228879985191796,3.52085109389573,0.0472235229449616,0.449774742878644,0.242395850509638,0.0828332748766319,0.0595544905421554,0.231296445393821,0.0630490253599471,0.79881004219569,13.6677186829125,256.103868474957,0.149984405658781,2.89963946645773,1.3208298566335,0.0698776381044468,0.660607709879157
"SSA_00317",0.0621133490609978,0.175333621198301,0.0194656863597666,0.329117077834741,4.93248446654566,0.0526491725072508,0.615601639668228,0.293968732816458,0.131135653403474,0.0528809623099304,0.190146454819353,0.0619366246395123,0.942022095268388,16.4970953171497,236.058913400212,0.146911572278831,3.02890555759643,1.06543732406903,0.0732141915844131,0.558537837439387
"SSA_00318",0.0526961431883773,0.158342315634192,0.0275993016643779,0.248239024179434,5.78513985993772,0.0586713208356751,0.412276654188767,0.275126254971361,0.157701771708163,0.0626060486100214,0.206686214748822,0.0787203285673757,0.7441680925714,15.4614540384401,228.757532951699,0.137620111599719,2.81403399411929,1.51657398698428,0.0860644369445642,0.77385239204102
"SSA_00337",0.0465256654306314,0.202633086197303,0.0254618870110032,0.245265526972945,5.23350122812689,0.0551597704523731,0.464183418216618,0.148650940531694,0.110647899885421,0.067857668454214,0.198351621012206,0.0768650893198807,0.7871799574149,15.0439883949205,234.21030320485,0.1216801079601,2.89890834093624,1.31703386705817,0.0728888871468205,0.59025196998557
"SSA_00339",0.0493430599746417,0.211896435695088,0.0263484936843917,0.216956348239742,4.33935233117777,0.0564010465346049,0.411501648216877,0.217578513734963,0.133885999407098,0.0627531714930711,0.166376782561884,0.0778649343545685,0.893717406079602,16.2051127948144,213.781287342814,0.0911040760205947,2.76762475617338,1.35281138288856,0.0748128924559813,0.588536993715232
"SSA_00341",0.0555406655249476,0.179674520530568,0.023677229435764,0.286389403032874,4.69466954912208,0.0580252710639876,0.564784395937149,0.187073517009369,0.111739002616547,0.0676122436900633,0.201924581038917,0.0746938156756272,1.10447482036932,16.1299653911786,264.684973780271,0.10562427418387,2.86996835564843,1.13598175659967,0.0864098292424457,0.624254121695052
"SSA_00343",0.0484450751701901,0.212181045834557,0.0230282040834258,0.257852126426943,4.71036514345416,0.0466618481046252,0.486085775406145,0.197556714499279,0.12057323918114,0.0390023469230341,0.170414834078436,0.0678987748957592,0.856963982053184,18.1465378879378,257.288852362549,0.106565486494336,2.79403301132234,1.25301272515078,0.0743278977190146,0.482402584637797
"SSA_00346",0.0523124193910431,0.215526146838999,0.0224347991571878,0.226460890619324,5.03672397888202,0.0505526044062036,0.744286567889772,0.107972542059018,0.101160057042466,0.0602592305939775,0.215177365519697,0.0678816822499462,1.07774173538877,13.9082102318276,234.201018474232,0.133814367114897,2.85698145729323,1.09097131247407,0.0751542721643291,0.715801163705816
"SSA_00353",0.0314111963415221,0.200466542487341,0.0285374287856856,0.283923313231699,4.79877850463664,0.0870483170465431,0.553989639104634,0.236554996338803,0.132582950230398,0.0559754588421129,0.11655957742659,0.120061727940061,0.741374029470207,18.763722076649,186.59048265832,0.120480804720199,2.49184812100349,1.0920650067859,0.0927061298000557,0.70246793064515
"SSA_00354",0.0568744831587462,0.182829923759587,0.0204290069729294,0.207430244775297,4.71307512704874,0.0709371438577971,0.563585806562992,0.242882552613129,0.127271206579002,0.0594420015846567,0.191836062934189,0.0825193004804407,0.758586721580617,15.6740970153621,202.311366459165,0.10982545694793,2.72121330517674,1.24960286789462,0.0793260711233792,0.702444285127034
"SSA_00366",0.0547428907697296,0.165786378409687,0.027014186017099,0.247513200402029,4.93974449893087,0.0494522193915345,0.588894893269966,0.264428676972041,0.0917277495340087,0.0589120423656466,0.191560908206443,0.067997575724298,0.864142371808975,20.132017106122,204.071708420757,0.103293350960451,2.88909191897484,1.13565947791346,0.0714221726126919,0.601456768541933
"SSA_00369",0.0528500983386184,0.139869043296096,0.0244697415057901,0.219112960558039,4.11814853948936,0.0482585338197581,0.427073706438295,0.230631740500676,0.0771410637672109,0.0436885043051024,0.233065706984122,0.0708072770901582,0.815801872253734,13.3054126893798,207.478842263189,0.13060021085228,2.73622015833431,1.1993056029616,0.062520228595887,0.518304827622477
"SSA_00376",NA,NA,NA,NA,NA,NA,NA,NA,NA,NA,NA,NA,NA,NA,NA,NA,NA,NA,NA,NA
"SSA_00380",0.0533863194960566,0.205348647956416,0.0227205032914471,0.212717261608552,5.1982341586643,0.0498647795801416,0.55747439034117,0.198848929252049,0.138078167404481,0.0508870857073524,0.206378378619635,0.0721642414285086,0.746859981766765,19.2094779050781,216.750609474926,0.13385260796291,2.99383540729221,1.14578201086862,0.0690631948603066,0.683027474692398
"SSA_00386",0.0499031438814562,0.190101760275538,0.0234123011660037,0.222084228310839,3.98165655930751,0.05685106880413,0.598764466123859,0.204643994967542,0.106584681581573,0.0530277500665368,0.198337629814082,0.0685582126466103,1.12500364155292,16.1327239714867,199.445899421132,0.123504802258372,2.98177441966679,1.09114574039376,0.0817188100817482,0.935656937875403
"SSA_00395",0.0537870972573097,0.172851103461363,0.0265628141104696,0.240970567431917,4.58034069629796,0.0634115168518217,0.567583360162896,0.241550732140268,0.120855133857339,0.0703237271153513,0.214704879515721,0.0734956521439697,1.02548127011905,15.8681503147723,238.015828665266,0.109526454841795,2.85450151243444,1.22763947680328,0.0850527307203685,0.838273583044247
"SSA_00403",0.047582942010443,0.232368327481815,0.0194858367159525,0.194194082202976,4.0211613232271,0.0674153434845705,0.560962496510537,0.295969718173663,0.127379657788119,0.0456061012807924,0.240034067465488,0.0681476706053683,0.861496648839578,18.2570629640665,222.179525659057,0.124150696234099,2.88158327060996,1.17984997014827,0.0748609636719627,0.682898082508261
"SSA_00032",0.051735295209333,0.159937793944089,0.0268669861414311,0.349468327529148,4.22833804991318,0.0698634082703334,0.744900824108508,0.233605941637511,0.0965699352450734,0.0638271406455863,0.182992086365776,0.0752830890534397,0.763181696812555,15.8388547237032,239.745808015695,0.131102044888519,2.78921686954141,0.962740914325412,0.0812620155062869,0.606907413077025
"SSA_00069",0.0489910341339344,0.18039874313914,0.0249922551370832,0.247289988936038,5.04716186227776,0.0555025695878007,0.521582094334781,0.260020515941067,0.139382197119572,0.0481746478672509,0.190372519958366,0.0577125249202688,0.866724222230846,14.6965223543754,199.990039747702,0.13917800501617,2.8819783174194,1.13970675211924,0.0719691999219939,0.5121214386406
"SSA_00117",0.0592289868089418,0.142590897346476,0.0287144868198529,0.25162590362616,4.15148787620412,0.0536186267259331,0.583081122515013,0.268905407157044,0.0824693729763124,0.0537655317772845,0.19596214428431,0.0825583750132091,0.85848094648245,17.6851916844821,181.034861643233,0.133923231438667,2.73160478621728,1.14617564144244,0.0782662434709718,0.928469755449372
"SSA_00225",0.0505161446508934,0.195073428746029,0.0262618803239388,0.288368976234547,3.99222226209296,0.0523033195741682,0.821162608559468,0.201425352026805,0.100041449313739,0.0568339771462339,0.254726924541617,0.0696382100154462,0.633184066363597,18.3497143674089,220.19749065615,0.137033138871313,2.89239117067965,1.10000092429745,0.0601851209467654,0.59034596842525
"SSA_00315",0.0464501622556777,0.211074944149288,0.02357570399381,0.238943588637597,4.67198915821079,0.0613851959822091,0.522701450223501,0.259086300797689,0.0978657733208997,0.047019987994556,0.20643016331636,0.062794736601141,0.839207361601881,15.9054959988476,218.962328925419,0.13661330843525,3.01688093963739,1.20769474159781,0.067252859717045,0.660705616399029
"SSA_00338",0.0564631411018172,0.178526309331406,0.0186635422721588,0.214326400203811,4.60834272366476,0.0557484856136583,0.590815978455396,0.217234459113836,0.14477747186309,0.0576157277264594,0.187353293857534,0.0754813727454811,0.888696022355104,16.3088809323503,250.939112356937,0.140494705101849,2.87456276440503,1.11918616351752,0.0781238171669209,0.651426813588025
"SSA_00344",0.0603232999640423,0.150313701656474,0.0192520585442236,0.259529204666239,4.08123443618054,0.057906741800881,0.742541556321328,0.240863330283927,0.117877247856497,0.0497153872532371,0.24361097743575,0.0529429694177804,0.734415669500694,13.7580376011323,248.380270287046,0.152561963669632,2.96372627470354,1.32240798421196,0.0568080624086979,0.527135109500153
