"","Km1_CO2","Km2_HCO3","Km2_PEP","Km6_CO2","Km6_O2","Km6_RuBP","Km7_PGA","Km10_DHAP","Km10_GAP","Km12_DHAP","Km12_E4P","Km14_GAP","Km15_GAP","Ki18_Pi","Km18_ATP","Km18_Ru5P","Km33_NADP","Ki57","Vm2y22","Vm3y22","Vm4y22","Vm5y22","Vm6y22","Vm7_8y22","Vm12y22","Jmaxy22","Vm33y22","Vm35Mc_OAAy22","KaRac","tao_ActRubisco","Perm_CO2","gm","BBslope","MRd"
"SSA_00001",3.25583302771582,0.0196128601134368,0.0957621583899837,0.00920050056315591,0.351387804078591,0.0253482502018175,4.10898075445713,0.590729478405813,0.0425874187874698,0.355809552292362,0.187450739850103,0.0872320092974706,0.100258294023177,2.71623711970112,0.918843581004453,0.0392256908703358,0.0806561767793655,0.113431538328124,0.0576684927295611,0.0603858031474955,0.0579502947780775,0.0869275128649538,0.136207841744688,0.76543694251565,0.113969739363542,1.07248108442508,0.26783184571109,0.094502742501204,15.0204430878699,253.231768312755,0.120820268534006,3.52257681520257,3.42477045737751,1.53263368743754
"SSA_00003",3.42879305130036,0.0240290235840255,0.27514687699372,0.0270466745167328,0.250635633114605,0.0194739734533633,3.16250574575264,0.601339265953582,0.0584211891051095,0.541237839451446,0.228158852127363,0.0993893598469978,0.0771463794953913,10.4796840010522,0.799983986757542,0.0446814929744999,0.0296082600669175,0.143613727509211,0.113010204558168,0.0524241034978994,0.0593059895131285,0.0841233571651898,0.137086946745039,0.767805380261429,0.114749766264119,1.07248108442508,0.268020177672874,0.094502742501204,8.16145689405858,212.033776656502,0.141520319604827,4.89915002691828,2.29171209919771,2.15986581844081
"SSA_00004",3.86173696849959,0.0218451024555926,0.0909498816447552,0.00857256006675102,0.313436051199284,0.0240344213288008,5.41751272496139,0.569849152281194,0.0376296498886158,0.51069667803986,0.1496677860256,0.151347689420519,0.0916632595052133,3.28706912414584,0.886353538630208,0.0438156978588778,0.0329129363557704,0.136274677837262,0.0825992034863053,0.0546987621819443,0.0594453516934412,0.0934883695496858,0.136558717277703,0.773702719740999,0.114641053457217,1.07248108442508,0.251530248169814,0.094502742501204,8.09865418032108,383.455369655918,0.163504009228531,2.07885386819444,3.06782157165338,1.71488270411264
"SSA_00005",6.05443616991126,0.0271380640247409,0.169021558178673,0.00843070460974329,0.21012955947669,0.0168225225745145,4.65522505934977,0.711393200547759,0.054201361885948,0.76631625698823,0.180054144198821,0.0796254817121152,0.0876854865111352,3.59611402107021,0.713234116577074,0.036938176718815,0.0357098922838105,0.185496135798942,0.0638126688059957,0.0527744065429328,0.0571119124539284,0.0820367514300336,0.137052149365215,0.762261654706635,0.114173297438935,1.07248108442508,0.251807057089569,0.094502742501204,14.6283217330876,415.122011652549,0.0551479532297469,3.39371943648214,2.88445375768705,1.20915629566699
"SSA_00006",2.10846356097176,0.0392152381516568,0.246067968948367,0.0233573323124296,0.212033584593902,0.0246038480448128,3.75577721847938,0.588185678592686,0.0552593323168854,0.226596549830504,0.269249795498101,0.264797766136388,0.0971458061601345,3.8729460212062,0.366418653394539,0.0341357574071625,0.0327516394698983,0.205937543429141,0.0948637540765842,0.0496849717025232,0.0574349497749334,0.0893757078336026,0.136321852264,0.785463152848581,0.114775209945659,1.07248108442508,0.261337959960819,0.094502742501204,16.3833312648361,214.208142156059,0.11201064233712,3.06298124375038,2.53250432990741,1.8241865969779
"SSA_00007",2.77390661117969,0.0198055869127962,0.0884011103423221,0.0237290992052372,0.208796876397591,0.0151029570907318,3.41726543892174,0.839528076505818,0.0606754662678637,0.418255417377825,0.239183592923952,0.0770007331513531,0.0529298137031717,11.8499373075513,0.568471804845062,0.0962772387424944,0.0323824441613177,0.208988690399112,0.116687687372984,0.0610349399714579,0.0640449322264569,0.0922864330393969,0.137159823276867,0.757110654080455,0.11598004322682,1.07248108442508,0.260596417860432,0.094502742501204,7.21953683489195,131.611329161179,0.1938546148026,4.60875760179594,2.57272187437506,2.65035330392789
"SSA_00008",3.31449220160233,0.0484923790487193,0.0694605459307317,0.00815356331771355,0.19805708630284,0.0218926228573371,5.94441833791571,0.557014510841435,0.0469995861807878,0.534165349399151,0.195915937588459,0.112126953328276,0.118567368191738,6.85049665462066,0.692993298481175,0.0350499586909393,0.037992658450237,0.158215125957126,0.10399742410353,0.0610450687121055,0.0587894375755415,0.0873399057498468,0.136424422051116,0.784999548276811,0.113661153892155,1.07248108442508,0.258818423298872,0.094502742501204,13.4211877918786,207.184478144403,0.110205055552261,1.8422982484434,3.33962936315825,1.18877149983261
"SSA_00009",2.65226033902417,0.0244934057381605,0.0813259695621981,0.0155918060534633,0.302108085917701,0.0203951166775894,4.17357985769131,0.787199800037371,0.0317611750581261,0.426797573847486,0.14762715585198,0.0661994969506346,0.0695248576458786,3.47146319357041,0.494066960817637,0.040022740508641,0.0570457419661363,0.190772004360339,0.0696496195212616,0.0512719631286676,0.0676124767575332,0.0812165389369439,0.136238758039868,0.775029865849871,0.113987815513369,1.07248108442508,0.292865252651094,0.094502742501204,9.93346193623454,258.78403915676,0.0783723514913482,1.75089915181162,2.87434690740828,1.49405789588886
"SSA_00010",5.89282966555796,0.0239735929330864,0.0907914528906383,0.0132438642188524,0.286071519796557,0.0134929195577342,4.31363950244538,0.826336674707792,0.0540471832689988,0.341982050808184,0.227876085355004,0.296732058013748,0.230747316836082,7.01258763876967,1.17638657414496,0.0328223929187883,0.0523205655213795,0.131437827900502,0.0937024859637595,0.0534245724899004,0.0619666702802316,0.0962137038811131,0.136723854170317,0.787601721037763,0.113093342439944,1.07248108442508,0.270725754866109,0.094502742501204,14.1432458517178,252.511141355227,0.0629776500400831,2.08003547870165,2.95899828175241,1.87742684447988
"SSA_00013",2.59104038926871,0.0282517857980037,0.16930658571649,0.010095732917251,0.245359351171391,0.0239641928635832,4.6488588634087,0.889715740889994,0.0330246877763053,0.359450898951119,0.336496522216192,0.0740613164680966,0.0721763199864773,8.08264614475095,0.510779848059635,0.0389444224999556,0.0487956643573603,0.13086532202843,0.0836331867283396,0.0610811594705543,0.0583944870953891,0.0888656123990847,0.136277638540993,0.782178416866003,0.11437405045126,1.07248108442508,0.267974287783183,0.094502742501204,9.42707682537076,257.611121339065,0.126432278010867,3.40271179706556,2.99352498662963,1.46147957212015
"SSA_00018",3.47977960837987,0.0258361968436045,0.163944113052193,0.0149026031403347,0.207900260837155,0.0144169775642608,5.4181471681573,0.915062221780611,0.0746758132656314,0.474030742578204,0.293984281106205,0.132312337269308,0.0520145201712965,10.0186100452944,1.00328155413916,0.0545917052291293,0.0370181622372115,0.119633929524291,0.074046366670175,0.0524022354870165,0.0597033579462304,0.086785993126585,0.137643973191135,0.764846383023584,0.11448438659077,1.07248108442508,0.265240204496061,0.094502742501204,8.67643264858788,246.744241882737,0.105971767664463,1.8136750217832,2.8920381246786,2.21225708055111
"SSA_00024",4.00695057823319,0.0293669938674515,0.0824073091090461,0.0148851009739811,0.247290750961074,0.0260357074217434,6.86021810284901,1.02448982077259,0.0437076470272241,0.454516107781662,0.222214081131084,0.105156691585284,0.0710982863812423,5.96383503437766,0.970882345037999,0.0326015592996199,0.0488513969965518,0.172446354271803,0.0697197351749809,0.0535379554028488,0.0652819638124846,0.0971589324430742,0.136504745945618,0.813158508975131,0.114146646681413,1.07248108442508,0.306109778790347,0.094502742501204,10.4359602764682,242.456741198465,0.0807803224087916,2.94083541965036,2.62456781868913,1.64754650419029
"SSA_00033",2.84864525897797,0.0274105799497103,0.1268836975644,0.0136871168522963,0.269854642387288,0.0223398881551012,5.16969103717075,0.611607994840133,0.0370156948644617,0.573987145753751,0.151246482028913,0.167733671268241,0.0999853945845843,6.41301741797225,0.594243832399669,0.0329058001685962,0.0427128370664186,0.171213329496956,0.0719354238945344,0.0562714103699756,0.058583482211192,0.0845263242018814,0.136383902631604,0.763830787661967,0.113824062618854,1.07248108442508,0.258967731719933,0.094502742501204,17.0585576936199,200.523567529636,0.109036168816288,4.06183672260995,2.87266670191306,1.97947002640061
"SSA_00041",1.84453394615627,0.0265150724955575,0.103954866741416,0.0189951753591463,0.331666439072982,0.0185416262256498,3.74656107876934,0.88076009932511,0.0414562080223483,0.370143711924983,0.142979226649169,0.139358644945076,0.0576046995016155,3.77620933650102,0.715066161606114,0.0719238686172418,0.0395208944481991,0.117245390834707,0.0729520556054074,0.0531820895422083,0.0628869923221618,0.0877561105621431,0.136530059880004,0.76539490967723,0.113635578227721,1.07248108442508,0.256466562642859,0.094502742501204,8.92943883896723,290.837645358623,0.0781253526469827,1.99363146206232,3.67669314367362,1.27105036377468
"SSA_00050",3.39447972698961,0.0222599151498453,0.107235609161343,0.0164850118607265,0.236407989373892,0.0195703616795187,4.04812053917687,0.784598135111814,0.0552418170732056,0.575392126296759,0.162783113564759,0.127096670881591,0.0876084847587313,4.8231715901623,0.700531842051882,0.0469683913935948,0.0382581743163459,0.174286085032646,0.0721833752769659,0.050278659168802,0.0596627881240565,0.0873187242454861,0.136442827787547,0.7709534726217,0.11411220262296,1.07248108442508,0.259829417167332,0.094502742501204,8.65512804448493,269.425954926291,0.0867291478848285,2.77506268153673,2.91187701731082,1.56800755719454
"SSA_00062",3.20833165740849,0.0290305438368516,0.108218598142472,0.0133948446023827,0.295527659087008,0.0204370824007314,4.01584459076907,0.615226345814565,0.0566550148564708,0.42377643913996,0.211454413224403,0.0835223340898221,0.0759511866977062,6.14570514383615,0.621780341836187,0.0395443098242277,0.0460988292201076,0.184445376221352,0.078305623507947,0.0617411025867187,0.0597710530441039,0.0836158804850998,0.136606975249196,0.761995721724273,0.114563239919929,1.07248108442508,0.251813037610708,0.094502742501204,18.7865240557631,211.741311778392,0.109604971481502,2.30380648797802,2.9605462271544,2.23090781620153
"SSA_00067",4.53191708203493,0.0209567499017067,0.112829795948463,0.00912745633471028,0.184563525765611,0.0230306236343339,7.41466354544584,0.458098261085363,0.0369665354330711,0.329913120814928,0.195245667959809,0.124325830735493,0.0742222997955624,11.3144746320744,1.22342009232091,0.0386957020083342,0.0681134217995814,0.153114807294623,0.0642782011479031,0.0578067117245786,0.0642369018502293,0.0870206054831096,0.137001655546794,0.770452974703302,0.114429800131762,1.07248108442508,0.261972416460771,0.094502742501204,7.28278634365639,271.377424010574,0.109206440197872,2.15574216341986,3.29490796860495,1.29970231178492
"SSA_00068",3.72551246474287,0.0185106464889076,0.125855004105638,0.00936752592109033,0.247557269213986,0.0170572158065798,6.40338745683553,0.870175368580726,0.0345917523499801,0.316162960142013,0.251124836028997,0.104435696698955,0.0562387098380968,5.02324192859362,0.714414651673556,0.0469248050563999,0.0663701014804857,0.107993170433828,0.0536535709583749,0.0532142104382441,0.0619477387981272,0.0840983442652245,0.136821989311676,0.764574753724968,0.114534965105413,1.07248108442508,0.265088351436023,0.094502742501204,7.12842678876365,330.423826392891,0.10575164580468,2.19165872176354,3.51785057909568,1.74514838021773
"SSA_00070",2.62320386101074,0.0280664761712405,0.0969903172557091,0.0132803149613634,0.231458503038501,0.0199977071740988,3.37123690624067,0.600084472189745,0.0556458308601377,0.50636753885758,0.14924370288519,0.0691044469658992,0.100197910683334,3.45399487357319,1.58155920367015,0.0484536491464259,0.0590777945095892,0.134707185893736,0.0783916000998051,0.0616959641917801,0.0605515331886526,0.0802571424405,0.136418555872143,0.767993333419455,0.114875999520321,1.07248108442508,0.25590577666973,0.094502742501204,9.66826051775083,197.761421657176,0.154992432956132,2.28882072988299,3.35063139991192,1.2249639330032
"SSA_00075",4.09254468910366,0.0212376220655704,0.16490419150232,0.0127782581926031,0.193071154214845,0.0212564059129591,4.48721971220972,0.465395161148106,0.0519010855115488,0.353413681035104,0.189839820515163,0.0692217921419916,0.0722126117935645,5.93729639847148,0.626550423509173,0.0545053245180681,0.0312671187772814,0.159472345784395,0.126332497140964,0.0585591424776123,0.0583728948581919,0.0871879351394963,0.136409448569567,0.767488032242405,0.114328478614983,1.07248108442508,0.259047058705376,0.094502742501204,8.63651926786333,291.309639373966,0.125547277232906,2.80031581930527,2.6943890947174,2.01152705211457
"SSA_00079",4.63182020975576,0.0237529363566973,0.130839008120583,0.0121068780277496,0.179254751276421,0.0240230400299095,2.82569074385158,0.923126499599786,0.0553307070594818,0.304663225963025,0.188717441967088,0.0968487214781075,0.0710749644065817,8.13226744499396,0.506092892892641,0.0340221034503703,0.0404903497878127,0.144220378147543,0.0750708756140794,0.0747238309635484,0.0580637112641408,0.0869942242146673,0.136500864828636,0.768958258731999,0.114273475991483,1.07248108442508,0.253131663481527,0.094502742501204,14.3546646669595,241.827918530723,0.0798545836904661,2.05560310151988,3.02354070405533,1.79812322931126
"SSA_00080",3.18811289652638,0.0235757321550665,0.116951887536253,0.0182037988285738,0.176101492424037,0.0185272910354841,2.41491687029468,0.67308448263355,0.0738494544271684,0.464286539777649,0.11507220069366,0.120683956094868,0.092036191716982,11.0860812897621,0.423052045154187,0.0480144290580124,0.0320071380616898,0.197686702864703,0.0909650140436475,0.0548153520358512,0.0598011927122484,0.0800075581516183,0.136749135954283,0.772952356290301,0.116099096320679,1.07248108442508,0.257189815359779,0.094502742501204,13.221933861744,326.930015309453,0.130137022835739,1.91689574560603,3.17103062568113,1.92618249597159
"SSA_00091",4.74484548883422,0.0171608688496856,0.119136487776458,0.01496836544839,0.467616991358865,0.0271676507879995,3.4810473556509,0.802234012185517,0.022016382621974,0.430503962003137,0.394852641582521,0.191696580711059,0.0518242843127493,23.0399034956756,0.428646084354337,0.0258546235558834,0.0388524662310623,0.114420893173542,0.108302344464099,0.0744493070280835,0.0568579790508343,0.110272462799935,0.136572367630078,0.771143922612166,0.115475841627872,1.07248108442508,0.26584714770334,0.094502742501204,6.41276337719819,258.410091434189,0.0906215976053022,2.20350091099418,3.66960847005824,1.53987312892044
"SSA_00096",3.57506428585192,0.0273728121334089,0.0796565134715453,0.0119535745330619,0.283915289270473,0.0247951208171053,4.64586581999607,0.709501281016495,0.0372061416868725,0.473275022966809,0.169775955791483,0.0888514539649596,0.0644619913051644,4.3813591459076,0.507811198354666,0.0473091431170389,0.0434676636508563,0.205526484361687,0.0694433170884491,0.0553072305747971,0.060396238056878,0.0856589106391023,0.13650953436244,0.780371083254609,0.115277164049985,1.07248108442508,0.256022488254432,0.094502742501204,10.6416290068325,363.410118447428,0.0897480040153011,2.54822891032329,3.20614058025321,1.50205434862046
"SSA_00097",2.51694339377741,0.0312087434340856,0.115633929347627,0.0126470410722724,0.259984212959291,0.0196541330155943,5.17502278715464,0.437614946088823,0.0645852381248083,0.300719402677104,0.188116494984334,0.100221673484955,0.199882543363114,5.62631733646863,1.37830312866542,0.041116384289382,0.0389881005243874,0.267567100240496,0.124920861771689,0.0594180218620487,0.0622609078068926,0.0880712118159452,0.136984322374959,0.770001422526474,0.113264538815337,1.07248108442508,0.279764865022556,0.094502742501204,37.701657857078,276.830295962227,0.161419333992522,1.77452078380057,3.06010346951179,1.13625107332747
"SSA_00105",2.9002233076611,0.0250553966340942,0.119760217778083,0.0117177518279039,0.174901117016138,0.0170464001352794,6.68038157577744,0.976177169980653,0.0444380948641157,0.508259302895884,0.155318205304918,0.0981347499623464,0.071030488457555,3.91826346270029,0.672970190962365,0.0505951465918276,0.0576770500455923,0.141681737948094,0.0664402694727957,0.0538736374773643,0.0596324470657837,0.0845668145843384,0.136438359689048,0.767781611862158,0.114191220084772,1.07248108442508,0.262774625850444,0.094502742501204,9.07798411050029,396.197919383913,0.0638112209712977,1.87218850943354,3.34833792937123,2.40566191247005
"SSA_00108",3.33090517102936,0.0343681301209904,0.111750484750741,0.0253144227995729,0.223380938855709,0.0200347331187474,2.60145210539085,0.557398848500159,0.052059674341632,0.579775519002939,0.207169651437384,0.172016408495913,0.0943421429972035,5.67482837679249,0.472880235050426,0.0375915223700559,0.0404401232938274,0.139228604704331,0.0909904732861139,0.0534480642565375,0.0583295431252722,0.087592118694593,0.136498868142052,0.766967832133189,0.113868110253022,1.07248108442508,0.305909170253287,0.094502742501204,15.2805229684854,171.536469491735,0.0925633675638367,5.16474412911936,3.29920684898758,2.02926566092371
"SSA_00110",2.55230936895687,0.0369608209641763,0.130709646935974,0.0109137097788048,0.185083719809738,0.0181706138742255,5.38312207573569,0.567178220673335,0.0291018902697766,0.405007262168992,0.221904138929801,0.0798652556878249,0.0567960194315815,9.16878032365234,0.564186920939216,0.0439727439190601,0.0347269983070937,0.115690354025338,0.0796586563776768,0.054677712220716,0.0593714260861556,0.0824027531111735,0.136441660159226,0.774358281993104,0.11429204229224,1.07248108442508,0.272555825431785,0.094502742501204,6.92196832494993,186.418315769256,0.162003308845482,3.00979055503349,3.87206079026144,1.88629772639803
"SSA_00113",2.20273464403668,0.0193171180947791,0.202671001847963,0.0162052933447936,0.373117636011873,0.0176190816421062,6.19745170704456,0.474480416089039,0.05806348810563,0.41702428624232,0.154870740605758,0.0972041450498797,0.0831749599950249,3.57127905477153,0.667658957842062,0.048650428933272,0.0482773505801184,0.13938163207906,0.0687142821742406,0.0707723892981219,0.0631730846805089,0.0791021578375831,0.137262482457561,0.781545045303908,0.116025841818322,1.07248108442508,0.260876282669656,0.094502742501204,13.6493228746917,711.675891321548,0.340292982902731,2.86849267966248,2.92242701073758,1.74984197451748
"SSA_00119",3.42319698211591,0.0175555602665731,0.089823888070691,0.0169931290214485,0.26799061947074,0.0193662913740176,4.23164472136234,0.853848386559017,0.031676037158139,0.456324237539398,0.18151789228268,0.104645077974443,0.0604725595240664,5.16848450893259,0.817259901029984,0.0531161079668879,0.046563064397616,0.130497666591507,0.0632227278058548,0.0545256992007767,0.0614914833930841,0.0857208893639765,0.136518222774898,0.767436328963213,0.113590145523071,1.07248108442508,0.260819634646347,0.094502742501204,7.81758501754874,252.496699539823,0.0761418511030743,2.36944971708579,2.74974835548216,1.25155667127894
"SSA_00121",3.06882685941752,0.0398119053572635,0.154747736689635,0.0139087363397597,0.195032099206419,0.0238621412020606,4.1241378640834,0.462028536983769,0.0570677616535135,0.413050371363504,0.280506582653666,0.0957394493825487,0.0851000981605678,5.01768899687603,0.58971225712592,0.0424807170538595,0.0480394035207733,0.131775758229845,0.0675415496685269,0.0511113667875086,0.0573520249765419,0.0819266383731183,0.136573050412479,0.774573949143109,0.114354702358904,1.07248108442508,0.257247236136491,0.094502742501204,11.8432016422225,239.927866777996,0.108235207476552,3.80727704652462,2.43717643285705,1.55713062758169
"SSA_00123",2.53971249674839,0.0254145252626932,0.0889147315321079,0.0151550762085779,0.229565335642565,0.0235497700017667,2.78823385724805,0.555624642018049,0.102115320173676,0.431836856079417,0.172537627834814,0.125682394136438,0.0943220480724989,5.27796642772435,0.527281921601848,0.0638114305935731,0.0563053522528668,0.314850738107725,0.0732901704022556,0.054618021987442,0.0611461066796537,0.0806786452649409,0.136984275152189,0.765772390488608,0.115577956432016,1.07248108442508,0.245934143306939,0.094502742501204,14.3783864498334,204.202648694813,0.100583555939418,4.01002475352709,2.55967974449261,1.98866326346944
"SSA_00126",4.3861509138951,0.0195885372645803,0.143555239728564,0.0220324884408327,0.191076089742663,0.0185561025764679,2.70403064712345,0.528551613380777,0.0380439670418538,0.477834690446273,0.151662432330473,0.0862173524184816,0.0601038202868894,4.62046691488244,0.573068356298869,0.0306363971776627,0.043461316278514,0.128313491390786,0.0712993179556512,0.0562607927109934,0.0582766338672655,0.084146879349636,0.136549943653699,0.766494739523018,0.114524291366442,1.07248108442508,0.253240236021974,0.094502742501204,9.0576590930794,273.394030538257,0.094434912176943,1.7018817191579,3.25984917167163,1.67994456620076
"SSA_00128",2.78057038576745,0.0225055772918425,0.0888870438603343,0.0113385193334096,0.281282715081113,0.0207821824956335,4.03358899948056,0.674451529516444,0.045036557936151,0.426599676933836,0.143607749489571,0.0965984796409626,0.0802750677460004,3.06009869644708,0.978986379177979,0.0527035959382257,0.0416827001946864,0.183437751696768,0.0621235389469198,0.0525176089159805,0.0588592113159715,0.0843499677962765,0.13639080132493,0.760925417058837,0.113905220213272,1.07248108442508,0.249649709507101,0.094502742501204,10.9242246575635,216.888405080557,0.102126059529298,2.42516790470357,2.89700723877545,1.38459926011157
"SSA_00135",2.74942372614969,0.0364493766853652,0.0970995075716837,0.0113260059318094,0.227434202712781,0.0240919319973774,3.79648065783904,0.553132380769336,0.0400610124071044,0.470639867857976,0.203952379586378,0.102824737328662,0.0813383882173251,4.66720404504942,1.12689692979488,0.0306741630114591,0.0299697757334531,0.131272063489203,0.0877442429119799,0.053331244719386,0.0573197520743321,0.0887013833482445,0.136467326193622,0.770803210302312,0.11423849089256,1.07248108442508,0.27475016164112,0.094502742501204,14.733707982368,248.413456489911,0.149525799330266,8.67799613957793,2.97869602506428,2.02268041049885
"SSA_00138",4.18033317657379,0.0343590046216139,0.115075343218486,0.018005676446888,0.392727423864761,0.0217119882047431,4.01700642513084,0.479114934705396,0.0436577594571731,0.959523748815951,0.180201384801061,0.0935333993223202,0.0937196994340307,7.5651860596623,1.10283768173757,0.0313345185295103,0.0325303215424282,0.171072011796113,0.0865459726979311,0.0696103736611519,0.0606245032888719,0.0857088924996102,0.136717373387517,0.766981746438106,0.113900320440238,1.07248108442508,0.25973432947114,0.094502742501204,13.0168019027276,242.274068622985,0.122065768271777,4.28796206637082,2.86668769017044,1.1385361699477
"SSA_00139",4.01715766842621,0.0260408213164397,0.108930272252632,0.0152302881334644,0.247705894264451,0.0182326183269915,4.78080654873852,0.689588845884827,0.0408273456895225,0.596153980335287,0.227173744783828,0.0837312925869218,0.0632120207414254,7.16944684223476,0.581796291671344,0.045784584430931,0.0292589756609052,0.230710863438661,0.114230822350258,0.0540501466626863,0.0577240695920254,0.08489566895505,0.136646763938776,0.75876460348084,0.114820466875866,1.07248108442508,0.248290548836173,0.094502742501204,10.9602114206371,185.148589591561,0.0947561926440909,4.62637357258094,2.46881333202695,1.57977185705286
"SSA_00151",3.41404737435216,0.0770834897155058,0.20543812930751,0.0251218675635751,0.168375938971727,0.0173422867484573,2.45634420078776,0.413744208171581,0.144152378353735,1.40383727980732,0.179514194084501,0.125685523374507,0.095906134933837,4.49693686033778,0.530932458385327,0.0351710646133859,0.0311201956103312,0.142066365975111,0.291244168907232,0.0480637168830273,0.0577959773109916,0.0836387273435637,0.13753036524937,0.772038274583745,0.114768938781365,1.07248108442508,0.245367820459219,0.094502742501204,23.9077705608878,199.603860590471,0.129920522496104,3.4947215499308,2.75941984036995,1.46067811663582
"SSA_00156",3.98797465357267,0.03239981747686,0.149194102364816,0.0153327555455121,0.235614349584204,0.0210240986376202,3.47861697456935,0.772748476670694,0.043952405447559,0.49872565113672,0.156855209706179,0.0586940470664587,0.0569203283979585,7.26464350174828,0.691870012659756,0.0555318392312718,0.0334000716848656,0.125387327469612,0.0799645623444733,0.0554906214732239,0.0575324842375595,0.0876076399813012,0.136463804941869,0.77163555593483,0.113475352593267,1.07248108442508,0.269948538200527,0.094502742501204,10.9811664044553,394.59403041413,0.0994326477456407,2.78030549111886,3.30405386310755,1.30100609721658
"SSA_00160",3.8427711600088,0.0218421215164649,0.161733280364051,0.0181844806364655,0.184422311628174,0.0208632995959305,3.81526154807627,0.451784427718204,0.0537148706294419,0.378347975665786,0.188682248182701,0.135803187975005,0.081418557560092,7.72848496617036,0.482590977286619,0.0388869919104318,0.0322585111102831,0.267713245402239,0.0831862601298714,0.0664623488585621,0.057654309399713,0.0854650718197359,0.137129292950823,0.761083963179744,0.11484320776129,1.07248108442508,0.268628188855918,0.094502742501204,7.53452466859428,267.283219105918,0.175420589639039,2.2172404153784,2.90138671132292,1.85390143625931
"SSA_00173",2.04603685777717,0.030747445587188,0.144930729490408,0.0137559837365929,0.301719265189721,0.025719841023108,4.35219788767946,0.82333229695554,0.170291570869867,0.289731742998477,0.165953003057136,0.190033963222041,0.192274436905662,4.65227370452069,0.913832191587615,0.0776474804579245,0.0576825364645388,0.105683102725106,0.0714559386045687,0.0536772617765124,0.0577206143496073,0.0878541234635681,0.136444255796599,0.769990272970043,0.114725739090255,1.07248108442508,0.261705637132609,0.094502742501204,18.5727837952088,151.61461707592,0.0808077152480257,5.00979683187525,3.2760997334996,1.7237474725232
"SSA_00178",2.81157040588596,0.021422931142932,0.147303186337975,0.0145249122141717,0.251631132430751,0.0221542163516683,4.42918925058071,0.466259096696699,0.0406697204695808,0.486025128927368,0.290319917806585,0.122216080279741,0.101269194313298,5.28127193417466,0.513793308880584,0.0416864021674842,0.0383331560787827,0.127273883400838,0.0654035990403196,0.0554399816346118,0.0607376891229951,0.0917853918740542,0.136334530496964,0.765426754622784,0.115078287774404,1.07248108442508,0.255667636486124,0.094502742501204,9.90001970905481,218.847206013159,0.0883083205063043,2.6738800536297,3.59746142805634,1.33267579553885
"SSA_00179",3.09499654977189,0.0388687600114093,0.11305780257125,0.0184461802992407,0.526629548352904,0.0360068371773026,4.87462345285461,0.439634717896382,0.058597338922012,0.475580276494052,0.133820559515844,0.12156879866898,0.0953544789274965,4.67017444236408,0.616205896009221,0.0538298365819955,0.0442289855262096,0.179627029606538,0.0654117847874174,0.05359524485553,0.0614892188494948,0.083768204693355,0.13636306820389,0.768568320265068,0.113493334904214,1.07248108442508,0.312516520148598,0.094502742501204,14.5584530810687,181.384952816015,0.0923574991917441,6.83445381854349,3.07009097359178,1.22820880085128
"SSA_00186",2.360027436504,0.0229888865169751,0.149418154856259,0.0261340500523234,0.238287558285442,0.0156029812966063,3.03222265246193,0.738666134153924,0.0479376337711089,0.391285432033237,0.122032644808753,0.0918413625407614,0.0774448998354138,3.7709429970588,0.863964773818654,0.0654159476985501,0.0274808838807781,0.0998560324044316,0.0963616149323545,0.0590688088336378,0.0620182788375789,0.0875842916821284,0.136420803547523,0.764862472034233,0.113358343640558,1.07248108442508,0.253235347576116,0.094502742501204,12.1067815512422,244.956483395346,0.0828954422446518,1.96618929602227,3.85106073238792,1.46658777671736
"SSA_00187",2.84027407388816,0.0229387681851646,0.15301044253382,0.00997245259202093,0.234348649502668,0.0189193210208466,3.6214468480572,0.449476552761096,0.0423069673331455,0.450766047691562,0.157323735382652,0.079019406012232,0.069251993150979,5.27815189114204,0.725440668646602,0.0308688429576399,0.068361312201872,0.229827053243473,0.0964177809479092,0.0859691828463834,0.0583478505739168,0.0842886901503959,0.136601210358227,0.767403811394541,0.115631678043093,1.07248108442508,0.26760213288619,0.094502742501204,13.0370767061585,243.382013729737,0.173131230839188,1.93402511022587,3.06143137533818,1.6085401976293
"SSA_00197",2.70338194880542,0.0303323146329497,0.279160981218069,0.0161991933093067,0.28639666542908,0.0392265004911678,6.68413611982226,0.537048669369709,0.0423959742634068,0.336188130975353,0.426820981974656,0.195484443208556,0.0547648742948803,10.4819750905105,0.602298366275748,0.0316899802496869,0.0312598967347304,0.163906659206912,0.116342774455806,0.063371971134517,0.057842362487669,0.0936469804516976,0.136519777369382,0.772268772854005,0.114048332326763,1.07248108442508,0.257444411166965,0.094502742501204,10.2447565823077,254.532087274016,0.127280915756196,6.82289632227148,3.02145314412938,1.25001263678891
"SSA_00204",2.8674719910284,0.0434215985744533,0.136674530281102,0.0131557767785871,0.253038292230074,0.0198128624949175,5.56153170986934,0.667440427290829,0.0882409511717606,0.339925297001273,0.238203990947794,0.108772744506637,0.0992697177570301,4.23786489158114,0.389828657175216,0.0618181056947068,0.0402941600347577,0.13668646185831,0.10887718487463,0.0582163990363921,0.0627495822908429,0.0818908788165082,0.136568065041642,0.781247263674346,0.115136086037321,1.07248108442508,0.29531973308419,0.094502742501204,13.696728780542,227.788844525148,0.133289925507473,5.68239554048218,2.73627513056014,2.24761292316426
"SSA_00209",2.67111558137307,0.0234616488745301,0.119574895993593,0.0346855444893,0.359477374960139,0.0143905448084362,2.90318621293239,0.821270852509007,0.0419889996184457,0.393382173199742,0.374318875985247,0.102631752571675,0.082557495020855,5.56228900265941,0.729658293350997,0.051321200754936,0.0358360807146229,0.19898886506529,0.069686669485015,0.0517696269730089,0.0615679385164516,0.0808036016359184,0.136546654245844,0.768730233306752,0.113519386811823,1.07248108442508,0.288273417175134,0.094502742501204,11.3803075096161,278.173576058237,0.0726062083571863,7.04596310273961,2.58241997050202,1.64018470159111
"SSA_00216",3.45633942301942,0.0483518646898939,0.125952674073151,0.0134899935684489,0.345717910827001,0.0309666032455076,5.90479981358014,0.486230433118949,0.0454834831882653,0.839870093021715,0.152681818118599,0.0526165489116256,0.0884956796088418,11.8368144195381,0.387718922905743,0.0424879065660765,0.0260631626824489,0.36027679216141,0.0705481080962002,0.0549966543468343,0.0628115016309187,0.0794814345709501,0.136489948246371,0.785658853020248,0.114314361964128,1.07248108442508,0.273839974699015,0.094502742501204,10.2090679072838,221.938526578231,0.118357476329835,4.29754378885819,2.80210244081536,1.82247147703811
"SSA_00222",3.95130181186409,0.0320281711663477,0.102928020518754,0.0103404384683347,0.208939343574755,0.0472479440502243,4.74735082822807,0.503319404611139,0.0413594328102219,0.491526681475851,0.171941289238385,0.0874937109622978,0.116228660762809,3.95705762959862,0.599327581297818,0.0331151135381044,0.0468698441054197,0.217697343598337,0.0729184400338945,0.0535467428411372,0.0617492944296958,0.0844061334657216,0.136515095119254,0.779831900179034,0.11456958789938,1.07248108442508,0.272320748114049,0.094502742501204,12.9860947716518,255.197337839464,0.104422254729276,3.19484882135017,3.03701703965501,1.16653565190184
"SSA_00227",3.9919678871588,0.0246441474381078,0.0974173425683986,0.0165362913488293,0.290332890804208,0.0300194077828812,4.64171233578042,0.628444594895548,0.0284642221270336,0.38278793586763,0.186323140187109,0.121068171196291,0.0759213355736453,4.96693918325233,0.576258113685879,0.0476979320287149,0.0596718465320419,0.153357595665411,0.0753622400204138,0.052999302305567,0.0590065121641907,0.0828847182560421,0.136366491132516,0.768952651840203,0.113760538271566,1.07248108442508,0.255598974924453,0.094502742501204,9.78861400342208,399.070887493156,0.0644914203103618,2.32484821877023,3.02815250498504,0.993432877828883
"SSA_00229",3.44594757744673,0.0244278776948385,0.148943254780294,0.0124171287153267,0.316874482221628,0.0311637247963719,4.07369936304129,0.672200708025184,0.0393781122821314,0.568913885173702,0.330382323237967,0.0736323908169509,0.0722911527791901,5.09644694609397,0.511433351062276,0.0433677419973883,0.0470858323368966,0.159449967435434,0.0709956867079834,0.0533541937530408,0.0594552842959166,0.0828381173678914,0.136515626419998,0.775207234443115,0.115062818942742,1.07248108442508,0.277576512617729,0.094502742501204,7.30319881862735,234.351482710498,0.119836784847472,2.90553219578994,3.1656868782996,1.21197901721193
"SSA_00235",3.99175307273394,0.0661997063251998,0.107989074816154,0.0114901473344226,0.171184534632219,0.0210533197060123,3.42988690276338,1.1076072705304,0.042074308341438,0.550589093752271,0.289433444899498,0.118670422648827,0.0953133319002769,10.4597280359898,0.491707458051853,0.0447594670318761,0.0325106639109534,0.111226881826031,0.109049560649885,0.0513186156063005,0.0596538674368722,0.0850323078828597,0.136347446090279,0.790418457983372,0.114520235187367,1.07248108442508,0.292480524433704,0.094502742501204,10.3428647167512,258.365415460609,0.112959629291476,2.78499256875624,3.52307193499122,1.14442095055165
"SSA_00238",3.09095279525251,0.0368532671051718,0.156958559622565,0.0132834279631273,0.273747081571129,0.0242777422128,5.10645432640645,0.635178685563477,0.03519294538265,0.354536942185274,0.293870611196196,0.0962145542199513,0.0774103167222884,6.98070804087422,0.473853843975077,0.0493341119001304,0.0458206787410185,0.138542740404047,0.0809467947334162,0.0554446381050078,0.0592481083930789,0.0867659905244294,0.13628442328408,0.776042358145189,0.114453899973095,1.07248108442508,0.253328587860409,0.094502742501204,10.2576813156474,207.938775566045,0.17424165492468,6.22472291324258,2.92117783125731,1.59678974927919
"SSA_00239",2.3920075462002,0.0270719218741951,0.0870757606566468,0.0156152849318852,0.29085381373142,0.016640392856708,9.18282233993495,0.460300408618855,0.0469974988360566,0.363688357201014,0.104384420805868,0.076587067498636,0.0691290656526145,3.21621129521639,0.785484986629498,0.0505587337706487,0.0410271780384055,0.133295958858791,0.209078474537794,0.0579124499763674,0.0671959620502678,0.0822357580228478,0.136743597201709,0.767236686325644,0.113358647085881,1.07248108442508,0.264616100107409,0.094502742501204,24.7782425131918,145.222335046006,0.0814218150144757,2.06780651540781,3.44279659346693,1.6451206588516
"SSA_00240",2.7704863479719,0.0292674477603246,0.130492576832086,0.0114601496725365,0.196675812683068,0.0266765813912226,7.25452164997558,0.469326698034023,0.0454597397769444,0.489514936972938,0.223301336995697,0.144107039697805,0.0681597583131927,6.02857548710786,0.530097237668909,0.0391855811960355,0.0386515256517863,0.133998154783536,0.103739790882737,0.0536364708210572,0.0576031320328651,0.0869782182804589,0.13656844288146,0.768570510032342,0.115315835559099,1.07248108442508,0.284911642662799,0.094502742501204,10.853302918821,237.203530915613,0.13289767130635,2.272496800038,2.85065265411597,1.51473215813636
"SSA_00241",3.51209296255479,0.0314648080590908,0.1540893565453,0.0131133726847668,0.233411585429204,0.0244165524336798,3.87443863961616,0.460086671765484,0.0359790440563028,0.327869742355858,0.296884572083722,0.0988148044457594,0.0595931982263105,4.49147912432327,0.633334927493468,0.0488870309165187,0.0458626128941042,0.14065439709953,0.0676911083822368,0.0515086467753166,0.0600566774461457,0.0816922760601806,0.136500582157873,0.765467131361137,0.115605680867752,1.07248108442508,0.250575376414584,0.094502742501204,9.36410730176569,202.412371844217,0.0776955652447531,2.33693022588747,2.89107630863465,2.05394328924083
"SSA_00254",2.2996219483042,0.0288407510298099,0.114342571859366,0.0118941509287173,0.564411883148136,0.0248790905329692,8.0665626249868,0.38346214049559,0.12870333531924,0.60787120912905,0.204427373861825,0.0749542412304247,0.0871542995933445,5.61792748431318,0.942742451898674,0.0360793219666382,0.0365758995025327,0.105050056481162,0.0821604596834616,0.0461518220753828,0.0587978667688601,0.0929119323951743,0.136778175563253,0.765531377675124,0.114512408321405,1.07248108442508,0.258327907683341,0.094502742501204,9.74526066011777,184.618656903903,0.299263650190312,1.8184695086324,3.45072409791122,1.8577800635186
"SSA_00262",3.23236797647156,0.0388466701656584,0.110278343198327,0.0416780314419203,0.290920667269549,0.0139606152800797,4.27331872189892,1.72847519021715,0.0355101287949884,0.351350915154239,0.232111052442985,0.0687663399045835,0.076202525968488,3.83414780280295,0.619617461676691,0.0449830385107654,0.053489883595574,0.16254402785481,0.167200604281995,0.0531891396885418,0.067062471665694,0.0862537066785389,0.136957805797884,0.774206099652732,0.114187475228772,1.07248108442508,0.256755400071921,0.094502742501204,14.9140388423932,161.356261051583,0.0996728120050896,1.67548282806442,3.11425465093513,1.42160461592447
"SSA_00271",2.58538575760533,0.0407516179064836,0.12268194120782,0.0120100406648875,0.260079497211429,0.0277500221547208,3.4999865593878,0.913931763878832,0.0417743817737211,0.313796862270964,0.2572376050597,0.0824843589192555,0.0817929407049262,6.65643230978423,0.506797157912098,0.0343417304799266,0.0494297430308291,0.164536766687902,0.0717015585310039,0.0542607219080053,0.0560430709437757,0.0901541101058417,0.136311146210759,0.767163111990175,0.113904938055116,1.07248108442508,0.267523586817081,0.094502742501204,13.381540194228,214.402948863831,0.141697683643713,5.21282161700998,2.45158637482836,1.42947230304563
"SSA_00275",2.43890696021703,0.0354234657078189,0.1366539645891,0.0107745401854955,0.220006961928605,0.0210685649638426,7.66636738153173,0.639183037261068,0.0508240143938721,1.0385148595208,0.289534247901207,0.0894064078368247,0.0810770505156669,10.7543237533363,0.605204427537705,0.0490461974633971,0.0363956571068581,0.1228688079212,0.079119186299829,0.0669118077234479,0.0587857954320908,0.0840215757743075,0.1365156297311,0.77679298632646,0.115281733140533,1.07248108442508,0.277981374224706,0.094502742501204,10.6009905249584,177.29468595753,0.103402121285498,2.32217462191873,3.35692467792642,1.66180388950512
"SSA_00279",5.49350528951534,0.0297168108172016,0.0894512359105255,0.0177799694892106,0.177387316886708,0.0267413362901003,3.18105270412733,0.664295376158315,0.0572764413232014,0.50606699632066,0.238451750092862,0.0741871641583977,0.12372080445862,4.63217193989441,0.681559748044543,0.0406285934395709,0.0379395473673276,0.132251366921924,0.0809987772000037,0.0587406400387078,0.0624090440681398,0.0823297290352876,0.136507437304124,0.784672743897875,0.114126609753606,1.07248108442508,0.264413657343608,0.094502742501204,9.42681310599451,167.152263890935,0.179541951813881,3.69100648860743,3.39825517612464,1.5965041647881
"SSA_00286",2.11805639219306,0.0331042290681511,0.221022114517826,0.0167142438548381,0.230456533468101,0.0158446201979636,12.8509005603827,0.987332459062243,0.0481953285153446,0.283267761745346,0.18528276270733,0.14161533838129,0.0687814679813897,3.88861664853569,0.524547463645134,0.0676688111935675,0.0484764740619565,0.243187237040156,0.0841890093195077,0.0605974802045398,0.0601651680847943,0.088204603438353,0.136463338490375,0.780894402937694,0.113706057495192,1.07248108442508,0.255802011146022,0.094502742501204,10.0107833310614,204.174501964829,0.073229099819005,1.78689429334857,2.84286817985974,1.11420729311774
"SSA_00299",3.30035105440164,0.0286531869035328,0.151964862177113,0.0124377266839024,0.206727415414492,0.0184922979136485,3.99553368811342,1.16009160012513,0.0433825777110251,0.4479328892541,0.176181753253803,0.0723942216236688,0.0627550902322691,5.6408604183656,0.57163451483829,0.137692267470936,0.0363825017459276,0.122412936755226,0.0693722003425244,0.0533763890600478,0.0640572911481869,0.0787875318639447,0.137062288146644,0.768721191881772,0.114802581760633,1.07248108442508,0.264173407974322,0.094502742501204,8.49791147870067,289.143045985163,0.0895956504148534,8.24737472571162,3.34484458040642,1.36821629106985
"SSA_00304",3.17705387567101,0.0219943622591263,0.0917381403707196,0.00699030117916265,0.295663508984371,0.0239194607338959,3.73405980388957,0.653210671579792,0.0332808001849823,0.455984198927182,0.261222919514069,0.103351694695174,0.116289454857846,3.87027023390791,0.481435462280158,0.0313853667104554,0.0361057464808075,0.184725164848796,0.0951055353585116,0.0575264213291456,0.0613149833618498,0.100610972658713,0.136350024536638,0.766119391790412,0.114168767774864,1.07248108442508,0.270679296262747,0.094502742501204,8.86872193331136,203.584448781549,0.0915539920513163,1.4858007657756,2.92743679276912,2.0159706780123
"SSA_00312",3.55289081301258,0.0592195032413419,0.111963841644193,0.0142532697979281,0.285895150606248,0.0190782770730437,3.37686550744178,0.522329349811581,0.104725786833025,0.333171139755123,0.212869262359739,0.115220537452545,0.0876178384534489,6.1034246036304,0.728521348057505,0.072856438021671,0.0372881228854403,0.132129479280668,0.100610256282536,0.054352621014063,0.0585344132714146,0.0876168740587154,0.136903092402041,0.769472779432591,0.113647528279884,1.07248108442508,0.259940162255135,0.094502742501204,11.0792548268753,159.991894242021,0.154518821848518,2.81259388826251,4.09273154621064,1.53649600603027
"SSA_00359",2.69031591300973,0.0330037944705939,0.105409952860986,0.016844226087796,0.208597152182869,0.0216770690063515,3.59256513184496,0.636103105850545,0.0432267685796676,0.651053428652598,0.181057559411042,0.193162912587936,0.0744285468215533,6.83478110900291,0.611264135131319,0.0366650268076187,0.0401023684227097,0.147100071993375,0.0842010565860515,0.0604553745173,0.0580157141372263,0.086004031885538,0.136703233249476,0.77466439957704,0.114443723802813,1.07248108442508,0.262927998753601,0.094502742501204,11.7571497115828,212.910252859196,0.104473415666283,2.2041630768594,3.37448908678906,1.44179916981794
"SSA_00367",3.09796981044751,0.0573216018746838,0.0938197814129059,0.0223458731592525,0.26331312677873,0.0136713742972688,4.57528215320709,0.459646826876027,0.0570714496638099,0.678756388140176,0.142228689347623,0.13447158830907,0.0748656810561974,7.29820465254177,0.596141793447041,0.0326567905781424,0.0568723184738621,0.128959225322004,0.098120743759306,0.055344108899862,0.0575742305318294,0.0822836121734174,0.136706756113543,0.772285137266692,0.113549388890549,1.07248108442508,0.314724213724853,0.094502742501204,14.9800758772368,190.30628981828,0.0695468588029123,3.99249525251375,3.30094790517585,1.83857636690162
