Year,Accession,PAR_1800,PAR_1100,PAR_500,PAR_300,PAR_150,PAR_50
2021,SSA_00002,32.2914,30.3604,19.6926,10.97,4.65031,0.26527
2021,SSA_00012,32.3918,30.5068,19.7626,11.1471,4.66902,0.226988
2021,SSA_00014,33.0962,31.1952,20.3575,11.8606,4.77775,0.265229
2021,SSA_00015,,,,,,
2021,SSA_00019,32.2483,30.4159,20.1383,11.8965,4.18317,-0.00453158
2021,SSA_00020,32.2189,30.535,19.9757,11.8504,4.59224,0.021365
2021,SSA_00021,34.099,32.0003,20.9061,11.8642,4.52011,0.0260189
2021,SSA_00022,32.02,30.194,20.2145,11.275,4.62481,0.238871
2021,SSA_00025,33.1122,31.1358,20.1546,11.244,4.65802,0.248858
2021,SSA_00032,32.1722,30.4443,20.5704,11.7703,4.57844,-0.0115695
2021,SSA_00034,32.128,30.5093,19.7835,11.7683,4.44886,0.0853428
2021,SSA_00035,32.8435,30.7741,19.132,11.0425,4.76068,0.290832
2021,SSA_00038,33.7773,31.8536,20.3535,11.8044,4.77571,0.0854371
2021,SSA_00047,32.4539,30.6832,20.6858,11.8388,4.81471,0.135107
2021,SSA_00048,33.3412,31.3827,20.1927,11.5099,4.73666,0.262853
2021,SSA_00053,33.5109,31.5356,20.8714,12.6202,4.661,0.140068
2021,SSA_00054,31.207,29.4383,19.4185,10.9458,4.66284,0.265916
2021,SSA_00056,31.5685,29.874,19.9286,11.7842,4.37145,0.0566257
2021,SSA_00059,31.8607,30.0201,19.8239,11.2189,4.70809,0.257845
2021,SSA_00063,33.1351,31.2186,20.5402,11.8496,4.50072,0.0562778
2021,SSA_00064,32.8577,30.9806,20.5592,11.8104,4.65535,0.151618
2021,SSA_00065,34.036,32.097,20.1582,11.8848,5.02067,0.0953779
2021,SSA_00066,32.578,30.7424,20.4118,11.6475,4.42334,0.165359
2021,SSA_00071,32.1602,30.3128,20.0522,11.1078,4.63186,0.240786
2021,SSA_00073,31.4278,29.6301,19.276,11.0653,4.74515,0.292151
2021,SSA_00078,31.8776,30.2387,19.9982,11.8206,4.68877,0.142722
2021,SSA_00081,34.1881,31.9079,20.3832,11.3723,4.65243,0.2545
2021,SSA_00082,33.727,31.6852,20.8776,11.9249,4.54667,0.0795684
2021,SSA_00083,30.9288,29.2459,20.1147,11.2496,4.55427,0.199291
2021,SSA_00085,31.5806,29.7185,18.9854,10.9106,4.68449,0.276393
2021,SSA_00086,30.9181,29.2062,20.895,11.8504,4.99782,0.0311247
2021,SSA_00088,30.891,29.2022,19.6266,10.898,4.62161,0.252379
2021,SSA_00089,31.9256,30.1688,20.42,11.8716,4.44711,0.0796073
2021,SSA_00090,32.5436,30.6048,19.8046,11.0778,4.6748,0.265096
2021,SSA_00092,32.7071,30.9362,20.4436,11.8049,4.82195,0.106216
2021,SSA_00094,31.09,29.4678,20.0272,11.6942,4.79221,-0.0280059
2021,SSA_00095,31.732,29.9667,20.1548,10.8994,4.44476,0.15253
2021,SSA_00098,33.0861,31.0988,19.9937,11.2913,4.77129,0.303288
2021,SSA_00100,31.8918,30.1478,21.0035,11.9662,4.8826,0.0927806
2021,SSA_00101,31.8287,29.9188,19.2851,10.9312,4.69879,0.219771
2021,SSA_00104,30.5486,28.8272,19.4779,10.9621,4.69387,0.273896
2021,SSA_00106,32.6371,30.7805,20.6901,12.544,4.55257,0.145539
2021,SSA_00107,32.8972,31.0181,20.6186,12.3359,4.49146,0.125239
2021,SSA_00112,33.0457,31.0756,19.971,11.2468,4.74815,0.292403
2021,SSA_00117,32.4943,30.8819,19.7561,11.7795,5.17214,0.0100242
2021,SSA_00118,30.5238,29.0092,19.8717,11.8104,4.65444,0.138796
2021,SSA_00120,33.0079,30.9464,19.5986,10.7839,4.621,0.266475
2021,SSA_00124,31.5844,29.8973,20.2144,11.8104,4.34707,0.0312036
2021,SSA_00125,31.0088,29.2818,19.8378,10.9927,4.6616,0.267988
2021,SSA_00127,34.0913,32.2539,19.9842,11.9485,4.58346,0.060092
2021,SSA_00129,31.7446,30.0996,20.2174,12.0318,4.5283,0.144223
2021,SSA_00131,33.2069,31.4695,19.8608,11.8601,4.65049,0.0441485
2021,SSA_00133,33.5846,31.6922,20.4969,11.9195,4.94767,0.022212
2021,SSA_00134,31.9654,30.2043,20.8443,12.2717,4.78331,0.0979708
2021,SSA_00142,31.9624,30.0929,19.1143,11.0782,4.7828,0.292905
2021,SSA_00144,31.1225,29.4857,20.2988,11.7754,4.47631,0.164943
2021,SSA_00147,30.8582,29.2261,19.6621,10.8687,4.51759,0.171909
2021,SSA_00148,32.8511,30.9005,20.3464,11.3872,4.64277,0.238518
2021,SSA_00149,33.0617,30.9687,19.4234,10.9548,4.71942,0.314946
2021,SSA_00154,29.7866,28.4678,19.6369,11.6985,4.49278,0.0725326
2021,SSA_00155,32.0423,30.3074,19.9479,11.7697,4.33281,0.033102
2021,SSA_00157,33.0236,31.2233,20.9361,11.8297,4.84481,0.112099
2021,SSA_00159,31.5288,29.8718,20.4772,12.4057,4.60935,0.175852
2021,SSA_00161,32.1486,30.2655,19.5194,10.9805,4.69121,0.283653
2021,SSA_00162,33.4308,31.3747,20.5678,11.7253,4.618,0.22629
2021,SSA_00166,31.4026,29.7331,20.0665,11.9106,4.44608,0.151451
2021,SSA_00168,33.7682,31.7307,20.9978,11.9755,4.70166,0.138041
2021,SSA_00170,32.0214,30.5301,19.7473,11.7799,4.43895,0.0500658
2021,SSA_00171,33.911,31.7914,19.8292,11.1354,4.70313,0.26894
2021,SSA_00172,30.6123,28.8959,19.2572,10.8778,4.66229,0.27757
2021,SSA_00174,32.2586,30.6113,20.0085,11.7503,4.51496,0.09972
2021,SSA_00180,34.0185,31.7529,19.6432,10.962,4.7013,0.302645
2021,SSA_00184,32.2086,30.3568,19.7197,11.0527,4.68915,0.269438
2021,SSA_00189,32.1991,30.5344,20.0673,11.8572,4.90161,0.131132
2021,SSA_00191,34.3039,32.2599,19.9899,11.8561,4.69362,0.1819
2021,SSA_00193,31.98,30.3691,19.8386,11.8579,4.65737,0.0328127
2021,SSA_00194,33.689,31.8949,19.9966,11.962,4.55536,0.0576934
2021,SSA_00195,32.3733,30.6335,20.3143,11.8035,4.48223,0.0503562
2021,SSA_00199,30.4743,29.0428,19.7358,11.7653,4.61168,0.127001
2021,SSA_00200,34.637,32.357,19.62,11.0937,4.72499,0.280582
2021,SSA_00201,30.4375,29.0511,19.6722,11.7219,4.4587,0.0893835
2021,SSA_00202,,,,,,
2021,SSA_00205,32.6155,30.8248,20.4587,11.8396,4.64991,0.133585
2021,SSA_00210,31.7286,29.9508,20.2543,11.2037,4.51299,0.186712
2021,SSA_00211,30.4572,28.9739,19.8502,11.7357,4.7023,0.135481
2021,SSA_00215,32.2991,30.6361,20.1443,11.7824,4.74488,0.101594
2021,SSA_00217,32.0769,30.3638,20.7645,11.836,4.69668,0.121735
2021,SSA_00218,32.0636,30.3429,20.7289,11.8269,4.7531,0.119334
2021,SSA_00219,31.8639,30.056,19.9148,11.2121,4.70355,0.269742
2021,SSA_00221,33.5661,31.5807,20.3142,11.7518,4.68318,0.224807
2021,SSA_00223,32.0064,30.2456,20.8703,12.1759,4.57314,0.0968887
2021,SSA_00225,32.8005,30.7894,19.7981,11.0583,4.66512,0.258031
2021,SSA_00228,32.1664,30.4603,20.4067,11.9683,4.50712,0.131775
2021,SSA_00233,30.9139,29.208,20.1099,11.3097,4.59759,0.218844
2021,SSA_00237,32.3888,30.5682,20.7584,12.5878,4.45354,0.0836929
2021,SSA_00242,33.3516,31.3908,19.9306,11.3936,4.80092,0.296423
2021,SSA_00245,31.9843,30.1273,19.9757,11.0827,4.596,0.225626
2021,SSA_00248,32.1209,30.2428,19.7374,10.8523,4.62755,0.272883
2021,SSA_00255,31.4002,29.7726,20.1757,11.6827,4.49502,0.0645879
2021,SSA_00258,34.1371,32.1941,19.9117,11.8741,4.50088,-0.0229088
2021,SSA_00259,33.4914,31.3878,19.6832,11.1496,4.75885,0.292373
2021,SSA_00263,32.8951,30.9461,20.1156,11.2841,4.70448,0.272179
2021,SSA_00265,33.5319,31.2786,19.6257,11.05,4.75973,0.256162
2021,SSA_00267,32.6701,30.824,20.5855,12.0954,4.58057,0.165326
2021,SSA_00269,31.0998,29.5635,20.0938,11.8191,4.93674,0.150611
2021,SSA_00272,31.7714,29.9542,19.843,10.8995,4.58423,0.233096
2021,SSA_00273,34.0384,32.1301,20.1139,11.8924,4.61262,0.123134
2021,SSA_00277,32.0529,30.2179,20.1814,11.2805,4.6469,0.250019
2021,SSA_00283,32.213,30.4192,20.5033,11.8372,4.51621,0.101974
2021,SSA_00284,33.6363,31.6409,20.4281,11.9085,4.56132,0.148792
2021,SSA_00287,32.788,31.1275,19.9811,11.8345,5.21152,0.0851066
2021,SSA_00290,32.6701,30.6948,19.5608,11.0643,4.73036,0.297319
2021,SSA_00291,32.4285,30.5105,19.3075,10.9414,4.68833,0.284654
2021,SSA_00292,31.3863,29.8111,20.1918,11.8465,4.58341,0.148942
2021,SSA_00296,31.5947,29.8042,20.0479,11.1527,4.62092,0.23533
2021,SSA_00297,34.6491,32.4298,21.0045,11.8827,4.69042,0.100607
2021,SSA_00298,34.1332,32.1573,19.8821,11.828,4.44262,-0.00386758
2021,SSA_00300,35.1119,32.7557,20.2989,11.2363,4.65089,0.244985
2021,SSA_00301,32.6917,30.9088,20.1628,11.8323,4.58758,0.109916
2021,SSA_00302,31.6929,30.0636,20.0533,11.7744,4.40297,0.0829604
2021,SSA_00305,32.4968,31.0002,19.8148,11.835,4.86826,0.140923
2021,SSA_00306,32.6228,31.186,19.8613,11.8781,5.26067,0.132376
2021,SSA_00307,31.88,30.0025,19.2326,10.7877,4.62785,0.270331
2021,SSA_00313,32.4946,30.5905,20.6639,12.4513,4.48796,0.141516
2021,SSA_00314,31.3285,29.6533,19.7479,10.8385,4.61068,0.257083
2021,SSA_00316,31.2187,29.6354,19.8818,11.7073,4.52108,0.0825719
2021,SSA_00317,33.6521,31.7881,19.9808,11.8607,5.43671,0.013698
2021,SSA_00318,31.5943,29.8659,19.9097,10.9258,4.60895,0.248681
2022,SSA_00002,33.9611,31.7753,19.5711,10.9067,4.6331,0.256164
2022,SSA_00011,33.7689,31.6,18.9525,10.9632,4.75372,0.328171
2022,SSA_00012,32.5557,30.6479,20.0409,11.2988,4.62229,0.204116
2022,SSA_00014,32.3845,30.4934,19.4586,11.2191,4.81197,0.318358
2022,SSA_00015,,,,,,
2022,SSA_00016,32.743,30.7748,19.4652,11.0361,4.74221,0.313306
2022,SSA_00017,33.7352,31.6296,20.5148,11.6063,4.62723,0.225751
2022,SSA_00019,33.3646,31.574,19.8253,11.8324,4.22237,-0.0118732
2022,SSA_00020,34.4536,32.2555,20.2175,11.0828,4.59944,0.224396
2022,SSA_00021,33.9644,31.8753,20.9239,11.9187,4.45707,0.024649
2022,SSA_00022,32.9897,31.0969,20.8955,12.0754,4.59998,0.0902086
2022,SSA_00023,34.9231,32.6994,20.0431,11.793,4.54165,0.11787
2022,SSA_00025,34.021,31.8547,19.7412,11.0559,4.68461,0.270189
2022,SSA_00026,35.4562,33.1677,20.0122,11.8879,4.60165,0.0984351
2022,SSA_00027,34.6058,32.3273,20.2039,11.8985,4.51546,0.133414
2022,SSA_00028,35.312,32.7126,19.6702,11.0326,4.70553,0.282784
2022,SSA_00029,34.8511,32.4826,19.7459,11.0148,4.69517,0.287636
2022,SSA_00030,32.7136,30.9395,20.1573,11.7784,4.38405,0.0665373
2022,SSA_00031,32.6594,30.9957,19.7432,11.734,4.43961,0.0665326
2022,SSA_00034,33.8114,31.8514,20.0317,11.7337,4.44106,0.0573299
2022,SSA_00035,32.8045,30.7698,19.2174,11.0863,4.77033,0.300698
2022,SSA_00036,34.2658,32.0791,20.3644,11.2599,4.58678,0.219173
2022,SSA_00037,35.1256,33.041,19.9,11.8643,4.94427,0.0231906
2022,SSA_00039,34.6693,32.5652,19.8751,11.7986,4.42899,-0.000616547
2022,SSA_00040,33.5638,31.5624,21.1089,11.9853,4.58987,0.00289257
2022,SSA_00042,34.2699,32.1393,20.5213,11.8352,4.54887,0.112679
2022,SSA_00043,33.8738,31.9133,20.1119,11.802,4.43211,0.0870303
2022,SSA_00044,31.0671,29.2706,20.129,11.1471,4.62666,0.250766
2022,SSA_00045,34.7709,32.5111,20.3225,11.4715,4.71255,0.262483
2022,SSA_00046,33.1622,31.2503,20.653,11.9587,4.51027,0.103453
2022,SSA_00047,34.0704,32.0236,21.1524,12.1492,4.79718,0.12242
2022,SSA_00048,32.9277,30.9641,19.6689,11.2128,4.77284,0.299109
2022,SSA_00049,33.1742,31.664,19.7026,11.7481,4.65195,0.0900442
2022,SSA_00051,34.5736,32.2691,19.1661,11.0194,4.74517,0.305329
2022,SSA_00052,34.7334,32.5864,20.1272,11.8826,4.53901,0.0840957
2022,SSA_00053,32.2815,30.429,20.3887,11.7401,4.63244,0.221182
2022,SSA_00054,31.844,30.0512,19.4825,11.0218,4.68845,0.269981
2022,SSA_00055,35.6385,33.1063,20.6999,11.4291,4.43589,0.142173
2022,SSA_00056,30.0049,28.4524,19.7454,11.7477,4.42701,0.0539476
2022,SSA_00057,32.5331,30.6055,20.6172,12.2976,4.54132,0.175398
2022,SSA_00058,34.96,32.5801,20.8975,12.0376,4.61183,0.139083
2022,SSA_00059,30.5669,28.7838,18.967,11.0257,4.73243,0.263753
2022,SSA_00060,34.1022,32.0265,20.0204,11.7996,4.66585,0.137785
2022,SSA_00061,31.9878,30.3032,20.061,11.8086,4.8321,0.104741
2022,SSA_00063,34.2475,32.0501,20.4578,11.2615,4.57082,0.215648
2022,SSA_00064,33.8437,31.8344,20.4578,11.7937,4.58062,0.130948
2022,SSA_00065,33.4864,31.5691,21.0246,12.0422,4.77421,0.131392
2022,SSA_00066,31.5606,29.7121,19.2242,10.8756,4.71213,0.324981
2022,SSA_00071,34.6876,32.3576,20.526,11.928,4.50855,0.175247
2022,SSA_00072,35.619,33.5074,20.0385,12.0019,5.02691,0.0237671
2022,SSA_00073,30.8958,29.1291,19.1059,11.0237,4.74082,0.285584
2022,SSA_00076,35.9151,33.4347,19.9867,11.81,4.51859,-0.0145709
2022,SSA_00077,33.8367,31.7559,20.6972,12.3742,4.5533,0.174727
2022,SSA_00078,28.6905,27.0584,19.9131,11.2507,4.67289,0.266042
2022,SSA_00081,34.9164,32.4393,20.1283,11.1263,4.68039,0.277901
2022,SSA_00082,35.722,33.1506,20.962,11.9116,4.53548,0.0737944
2022,SSA_00083,34.5809,32.3629,20.772,12.1144,4.40446,0.0638561
2022,SSA_00084,31.5433,29.7395,20.4188,12.0339,4.68241,0.243569
2022,SSA_00085,34.3705,32.0745,19.39,10.8872,4.65251,0.268927
2022,SSA_00086,33.2114,31.2424,20.9922,12.9879,4.73308,0.147914
2022,SSA_00087,35.286,32.8943,20.7083,12.1879,4.62915,0.206884
2022,SSA_00088,33.8733,31.9003,20.3458,11.7962,4.39484,0.0498068
2022,SSA_00089,31.3828,29.6985,20.1037,11.8319,4.7049,0.100054
2022,SSA_00090,31.7092,29.8974,19.5997,11.0239,4.68452,0.27382
2022,SSA_00092,33.3379,31.4551,20.7901,11.8294,4.57542,0.0907074
2022,SSA_00093,33.807,31.7414,20.261,12.0744,4.46447,0.141626
2022,SSA_00094,36.7895,34.0138,19.8965,11.8636,4.79625,-0.0195806
2022,SSA_00095,34.5682,32.3273,20.7744,12.4276,4.32031,0.0363094
2022,SSA_00098,33.5044,31.3537,19.3229,11.1691,4.84113,0.357958
2022,SSA_00099,31.9434,30.118,19.5165,11.0901,4.73215,0.280227
2022,SSA_00100,34.4118,32.1502,19.5085,11.052,4.74471,0.311128
2022,SSA_00101,33.2691,31.1518,19.7142,10.9793,4.66441,0.252847
2022,SSA_00102,35.3544,32.8957,20.8225,12.2777,4.4982,0.154213
2022,SSA_00103,33.5555,31.6959,19.7843,11.7297,4.4861,0.104959
2022,SSA_00104,29.6164,27.9484,19.2691,10.912,4.67676,0.276651
2022,SSA_00106,33.231,31.2811,20.3493,11.4039,4.59904,0.216775
2022,SSA_00107,35.2804,32.7782,19.5886,11.0157,4.69978,0.282374
2022,SSA_00109,28.4768,26.9083,19.6125,11.152,4.68574,0.258894
2022,SSA_00111,32.6468,30.7174,20.6328,11.9481,4.38791,0.0460189
2022,SSA_00112,30.1413,28.4179,19.1429,11.0638,4.77544,0.319761
2022,SSA_00114,33.7793,31.7675,20.7013,11.8685,4.52208,0.0818645
2022,SSA_00115,33.1007,31.1303,20.1909,11.1238,4.52195,0.196597
2022,SSA_00116,28.838,27.1449,19.3711,11.1985,4.81544,0.328282
2022,SSA_00118,31.7562,30.0341,20.4956,12.2286,4.56266,0.179111
2022,SSA_00120,33.394,31.4485,20.104,11.9585,4.17778,0.00888987
2022,SSA_00122,32.8904,30.8293,18.8552,10.9827,4.75484,0.315229
2022,SSA_00124,30.5786,28.9644,20.2588,11.8267,4.36193,0.0378527
2022,SSA_00125,29.0295,27.4058,19.39,10.9123,4.68657,0.294256
2022,SSA_00127,34.0678,32.2331,19.938,11.9127,4.5756,0.0263512
2022,SSA_00129,32.487,30.5671,19.4334,11.1034,4.75045,0.286101
2022,SSA_00130,32.4504,30.6272,20.6968,12.1494,4.64764,0.190639
2022,SSA_00131,32.3951,30.7545,19.8232,11.8181,4.45027,0.0562578
2022,SSA_00132,34.9803,32.4671,18.9689,11.0579,4.80027,0.341208
2022,SSA_00133,31.9955,30.2122,20.7826,12.6997,4.53122,0.137449
2022,SSA_00134,34.5071,32.387,21.134,11.9526,4.76457,0.103447
2022,SSA_00136,26.9495,25.25,19.1328,11.27,4.89315,0.36974
2022,SSA_00137,35.97,33.4024,19.9662,11.8789,4.63795,0.113324
2022,SSA_00140,35.0032,32.6497,20.4835,11.9947,4.4748,0.122202
2022,SSA_00141,30.9148,29.1596,19.9087,11.106,4.67024,0.26418
2022,SSA_00142,30.0641,28.4065,19.1232,11.0762,4.76335,0.281866
2022,SSA_00143,32.726,30.8271,19.6522,11.0001,4.66888,0.26681
2022,SSA_00144,33.0233,31.1977,20.1756,11.8549,4.47021,0.118001
2022,SSA_00145,33.7679,31.585,19.7494,10.902,4.60838,0.231501
2022,SSA_00146,32.9409,30.9709,20.0944,10.8545,4.56278,0.239066
2022,SSA_00147,32.0265,30.3226,20.101,11.5858,4.43841,0.123993
2022,SSA_00148,26.8459,25.2753,19.6165,11.1768,4.6701,0.261902
2022,SSA_00149,33.8962,31.6667,19.5736,10.9849,4.71046,0.303655
2022,SSA_00150,31.0153,29.4479,20.054,11.7821,4.59407,0.154385
2022,SSA_00152,32.2864,30.4313,19.4244,10.9978,4.6872,0.271611
2022,SSA_00153,32.2787,30.4823,20.7853,11.89,4.54162,0.0685524
2022,SSA_00154,33.3881,31.9215,19.8132,11.8288,4.62866,0.100476
2022,SSA_00155,31.9105,30.1671,19.971,11.7792,4.30073,0.0105194
2022,SSA_00157,34.6769,32.5304,20.9303,12.8428,4.68139,0.195344
2022,SSA_00158,33.8192,32.0006,19.8291,11.8123,4.58469,0.115874
2022,SSA_00159,34.5985,32.458,20.7611,12.4628,4.60295,0.184214
2022,SSA_00161,33.9751,31.7704,19.4814,10.9667,4.70724,0.298206
2022,SSA_00162,28.9611,27.2743,19.3914,11.0102,4.71734,0.301245
2022,SSA_00163,32.3926,30.7803,19.9324,11.8282,4.67168,0.123906
2022,SSA_00164,31.3657,29.547,19.2719,10.8788,4.6448,0.262921
2022,SSA_00166,33.7734,31.8334,20.0005,11.8553,4.43212,0.108667
2022,SSA_00167,33.0546,31.2518,19.8575,11.8593,4.5368,0.15852
2022,SSA_00168,29.0139,27.3577,19.632,11.1385,4.71244,0.280898
2022,SSA_00169,33.4318,31.3786,20.3543,11.5466,4.70773,0.264342
2022,SSA_00170,31.5157,29.9908,19.7125,11.731,4.35217,-0.0124132
2022,SSA_00171,30.702,28.8904,19.2097,11.0225,4.74789,0.312037
2022,SSA_00172,31.3919,29.6226,19.7052,10.9127,4.62377,0.257522
2022,SSA_00174,32.7268,30.8998,20.4821,12.0399,4.50549,0.160123
2022,SSA_00175,30.2938,28.5732,20.4893,11.8912,4.5385,0.0946597
2022,SSA_00176,32.9022,30.8889,18.9779,10.966,4.70957,0.278668
2022,SSA_00177,33.0906,31.082,19.5533,10.9172,4.66452,0.27911
2022,SSA_00180,34.0281,31.7447,19.3317,11.0073,4.7479,0.320148
2022,SSA_00181,34.2943,32.091,19.996,11.0263,4.64918,0.262807
2022,SSA_00182,35.1895,32.8898,20.3656,11.9475,4.49394,-0.0248004
2022,SSA_00183,31.6199,29.8217,20.012,11.1427,4.67329,0.267695
2022,SSA_00184,34.0218,31.7528,19.1597,11.0238,4.75626,0.306536
2022,SSA_00185,29.8233,28.1096,19.2679,11.0812,4.78481,0.317361
2022,SSA_00188,35.4145,32.8963,20.3463,11.2305,4.68731,0.27654
2022,SSA_00189,30.9481,29.2652,20.6658,12.3354,4.64845,0.168061
2022,SSA_00190,35.5222,33.094,21.1922,12.2491,4.76324,0.13301
2022,SSA_00191,32.5445,30.7944,19.9432,11.9087,4.8121,0.220922
2022,SSA_00193,32.2495,30.6067,19.8343,11.8488,4.48525,0.0540669
2022,SSA_00194,30.2699,28.6056,20.325,11.9668,4.42121,0.0881929
2022,SSA_00195,33.9088,31.8358,20.1713,11.0602,4.59856,0.227027
2022,SSA_00196,33.3609,31.271,19.4398,11.0741,4.75715,0.313045
2022,SSA_00198,30.691,28.8215,19.2453,11.0624,4.77986,0.325472
2022,SSA_00199,35.9071,33.6105,19.9318,11.9078,4.66008,0.151725
2022,SSA_00200,33.4106,31.3128,19.1239,11.0504,4.77087,0.320009
2022,SSA_00201,30.6343,29.2145,19.6114,11.6375,4.2712,0.0183806
2022,SSA_00202,,,,,,
2022,SSA_00203,29.1993,27.585,20.5653,12.3745,4.79521,0.156273
2022,SSA_00205,32.4759,30.6352,20.6763,11.8988,4.59092,0.12241
2022,SSA_00207,33.217,31.2026,19.7073,11.0714,4.71509,0.284928
2022,SSA_00208,,,,,,
2022,SSA_00210,34.809,32.5628,20.4149,11.7837,4.3496,0.00996657
2022,SSA_00211,33.7471,31.9467,19.9612,11.7885,4.7373,0.12849
2022,SSA_00212,29.783,28.1624,20.135,11.4543,4.61445,0.228206
2022,SSA_00213,31.5526,29.6547,19.451,11.1604,4.80123,0.326856
2022,SSA_00215,33.5979,31.7114,20.2318,11.7985,4.48105,0.0546175
2022,SSA_00217,33.5136,31.466,19.886,11.1255,4.70766,0.28248
2022,SSA_00218,33.1087,31.1445,19.8795,11.1066,4.70078,0.281846
2022,SSA_00219,30.4709,28.7931,20.3462,11.8156,4.58831,0.205835
2022,SSA_00220,32.9551,31.0644,20.5148,11.7086,4.54939,0.186612
2022,SSA_00221,31.4774,29.6552,19.947,11.3715,4.7648,0.290247
2022,SSA_00223,33.2764,31.3405,20.4788,11.4261,4.59858,0.224919
2022,SSA_00224,30.4912,29.0234,19.8373,11.72,4.6219,0.0834815
2022,SSA_00226,31.0366,29.3236,19.6213,10.8961,4.59123,0.230015
2022,SSA_00228,32.0644,30.2608,19.9704,11.122,4.68194,0.272671
2022,SSA_00230,32.7503,30.7968,19.6592,10.9913,4.67955,0.278564
2022,SSA_00231,32.4412,30.5377,19.7714,11.139,4.71461,0.279013
2022,SSA_00232,31.0887,29.275,19.0127,11.0347,4.77244,0.325304
2022,SSA_00233,33.903,31.7683,19.7871,10.9383,4.60665,0.235942
2022,SSA_00234,34.6055,32.4109,20.7226,12.2459,4.5257,0.164539
2022,SSA_00236,37.4357,34.1864,20.5979,11.4591,4.68681,0.256185
2022,SSA_00237,33.2028,31.3296,20.2602,11.8124,4.52681,0.0486583
2022,SSA_00242,32.3181,30.4311,19.2806,11.217,4.82829,0.319238
2022,SSA_00243,30.504,28.853,20.0003,11.3379,4.69639,0.254669
2022,SSA_00244,32.1832,30.494,20.5244,11.689,4.55603,0.0743464
2022,SSA_00245,27.8116,26.2504,19.3158,10.9443,4.65424,0.244542
2022,SSA_00246,33.8994,31.8108,20.421,11.537,4.64065,0.233537
2022,SSA_00247,31.8982,30.1117,20.538,12.3667,4.55719,0.149535
2022,SSA_00248,32.8275,30.8896,19.5758,10.8406,4.62769,0.265624
2022,SSA_00249,31.5172,29.8149,20.2011,11.6575,4.53456,0.172833
2022,SSA_00250,30.2627,28.7468,19.8822,11.7864,4.50008,0.129429
2022,SSA_00252,31.6974,30.0062,20.8098,11.7953,5.05017,0.0437282
2022,SSA_00253,33.9256,31.7896,20.0699,11.197,4.70765,0.281888
2022,SSA_00255,31.4684,29.935,19.6594,11.615,4.50987,0.0788133
2022,SSA_00256,32.422,30.524,19.6186,10.9339,4.63227,0.250943
2022,SSA_00257,32.6994,30.8243,20.6307,12.3829,4.33996,0.065705
2022,SSA_00258,31.1875,29.4715,20.1391,11.7899,4.36181,-0.00273977
2022,SSA_00259,30.3693,28.5887,19.1536,11.1147,4.79766,0.31441
2022,SSA_00261,31.841,30.0121,20.0403,11.2222,4.66009,0.249027
2022,SSA_00263,33.5023,31.3561,19.1113,11.036,4.76607,0.318981
2022,SSA_00264,34.7159,32.3614,20.5038,11.9493,4.52464,0.130724
2022,SSA_00265,26.8266,25.2051,18.9881,11.0625,4.80276,0.315072
2022,SSA_00266,32.7321,30.8203,20.0324,11.1438,4.64768,0.250618
2022,SSA_00267,32.0736,30.3394,20.3836,11.875,4.52761,0.130489
2022,SSA_00268,33.1943,31.2906,20.4962,11.9924,4.42249,0.0846003
2022,SSA_00269,32.4897,30.8178,20.6272,11.8392,4.73185,0.159467
2022,SSA_00272,33.8341,31.8312,20.0483,11.7569,4.41258,0.0668266
2022,SSA_00273,27.6643,26.0982,19.9247,11.3527,4.67236,0.268427
2022,SSA_00274,35.4884,33.2764,19.8405,11.8346,4.57629,0.0249438
2022,SSA_00276,35.4668,33.1345,20.651,11.8518,4.82444,0.146393
2022,SSA_00277,31.3578,29.6031,20.0088,11.2269,4.67926,0.260485
2022,SSA_00278,31.5185,29.6695,19.2696,10.9698,4.72193,0.303574
2022,SSA_00280,31.2402,29.4504,19.2673,11.0866,4.76546,0.30648
2022,SSA_00281,32.6762,30.7868,20.7831,12.5165,4.53191,0.124036
2022,SSA_00282,31.5976,29.8706,20.071,11.7957,4.53775,0.164994
2022,SSA_00283,33.2712,31.2825,20.5913,12.2178,4.50639,0.163063
2022,SSA_00284,33.4517,31.4995,20.4497,11.8722,4.55516,0.138812
2022,SSA_00285,34.2907,31.957,18.903,10.9344,4.72881,0.310211
2022,SSA_00287,34.1928,32.153,20.8794,12.8119,4.63836,0.176656
2022,SSA_00288,29.8576,28.144,19.138,10.939,4.70052,0.278958
2022,SSA_00289,26.6201,25.2083,19.1877,11.0004,4.6574,0.243371
2022,SSA_00290,31.9991,30.076,19.4987,11.0582,4.74337,0.307776
2022,SSA_00291,34.2453,32.0568,19.4733,10.9652,4.67792,0.271173
2022,SSA_00292,31.9027,30.173,20.1069,11.2858,4.63021,0.226394
2022,SSA_00293,30.8582,29.1033,19.3491,10.8931,4.67402,0.287608
2022,SSA_00294,31.2537,29.6559,19.9881,11.8042,4.33807,0.0531842
2022,SSA_00295,29.2744,27.605,19.6138,11.106,4.71655,0.289122
2022,SSA_00296,32.4912,30.5726,19.6819,10.9899,4.66763,0.27188
2022,SSA_00297,30.5569,28.8245,20.6719,11.9078,4.70541,0.134939
2022,SSA_00298,33.512,31.483,20.772,12.5084,4.34278,0.0577226
2022,SSA_00300,32.5325,30.6113,19.825,11.1148,4.71937,0.292565
2022,SSA_00301,32.5766,30.6292,19.9912,11.1716,4.6956,0.274029
2022,SSA_00302,29.9319,28.4273,20.014,12.0075,4.41511,0.111974
2022,SSA_00303,32.6185,30.6542,19.2509,10.897,4.68783,0.295214
2022,SSA_00305,30.316,28.9238,19.775,11.8125,4.8015,0.158271
2022,SSA_00306,31.3894,29.9167,19.8385,11.8616,5.0562,0.139183
2022,SSA_00307,31.5534,29.6897,19.1009,10.8042,4.64005,0.273527
2022,SSA_00308,31.2159,29.5067,20.5443,12.4347,4.5197,0.149736
2022,SSA_00309,29.8323,28.146,20.3686,12.383,4.70737,0.229877
2022,SSA_00310,31.3548,29.5707,19.7389,11.1678,4.70845,0.255525
2022,SSA_00311,33.3311,31.3675,19.5456,11.1445,4.75398,0.258888
2022,SSA_00313,33.3585,31.3503,20.6531,11.9554,4.54186,0.188489
2022,SSA_00314,33.5874,31.5246,19.5445,10.8553,4.63725,0.268259
2022,SSA_00316,34.9922,32.9096,19.7828,11.7956,4.55327,0.102265
2022,SSA_00317,34.1362,32.2238,19.9729,11.8481,5.0975,0.0984262
2022,SSA_00318,31.2254,29.5715,19.959,10.9471,4.54901,0.210627
2022,SSA_00337,32.2758,30.3186,19.1195,11.1129,4.79247,0.316583
2022,SSA_00339,33.2358,31.1942,20.9746,12.5164,4.59766,0.144675
2022,SSA_00341,34.4955,32.2788,20.8068,12.2085,4.3307,0.0181785
2022,SSA_00343,27.9727,26.2363,19.7015,11.4374,4.91387,0.381495
2022,SSA_00346,33.384,31.3035,19.698,11.009,4.68469,0.279868
2022,SSA_00353,28.1726,26.5301,19.1505,11.1325,4.81071,0.337742
2022,SSA_00354,30.9605,29.4641,19.904,11.6978,4.55875,0.10481
2022,SSA_00366,31.2096,29.4933,20.1093,11.8318,4.675,0.106628
2022,SSA_00369,30.6512,29.1045,19.927,11.792,4.6998,0.166442
2022,SSA_00376,,,,,,
2022,SSA_00380,33.2215,31.201,19.2471,11.0706,4.7543,0.30002
2022,SSA_00386,34.0121,31.7781,18.999,10.911,4.70327,0.293175
2022,SSA_00395,32.1505,30.2187,19.4554,11.0265,4.72355,0.297416
2022,SSA_00403,32.1772,30.3891,20.3575,12.1477,4.52999,0.151604
2023,SSA_00002,34.0235,31.8134,19.5549,10.9047,4.63443,0.256949
2023,SSA_00011,34.9794,32.5214,19.0404,10.9522,4.74235,0.322495
2023,SSA_00014,26.4018,24.8429,19.0236,11.1767,4.82395,0.331285
2023,SSA_00015,,,,,,
2023,SSA_00016,31.6561,29.8092,19.4478,11.0404,4.74502,0.315057
2023,SSA_00017,36.3381,33.5601,21.1386,12.5484,4.60051,0.101004
2023,SSA_00019,30.5325,28.99,19.7628,11.7981,4.22167,0.00307367
2023,SSA_00020,30.2039,28.466,19.4168,10.9592,4.67694,0.275416
2023,SSA_00021,27.1076,25.5423,19.829,11.2459,4.55899,0.21917
2023,SSA_00022,29.2057,27.5826,20.1121,11.5239,4.6157,0.224303
2023,SSA_00023,33.0352,31.1631,20.4044,11.8072,4.52287,0.115976
2023,SSA_00025,30.8067,29.0479,19.3768,11.0267,4.71541,0.289223
2023,SSA_00026,33.8537,31.9202,20.2314,11.8551,4.57812,0.099301
2023,SSA_00027,31.3141,29.5783,20.0285,11.3277,4.61128,0.198326
2023,SSA_00028,29.9783,28.2215,19.0442,11.0138,4.7538,0.299222
2023,SSA_00029,33.8539,31.701,19.71,11.0224,4.70382,0.293057
2023,SSA_00030,32.8564,31.0528,20.0937,11.7684,4.38599,0.0669394
2023,SSA_00031,32.5712,30.9324,19.7391,11.7333,4.44018,0.0672651
2023,SSA_00032,33.3636,31.4416,20.5211,11.8014,4.48707,-0.0131671
2023,SSA_00034,31.5518,29.8694,20.2855,11.7337,4.42272,0.0604696
2023,SSA_00035,26.8237,25.2286,18.8479,11.0566,4.77333,0.28789
2023,SSA_00036,32.7002,30.7809,19.7481,11.0015,4.66042,0.264878
2023,SSA_00037,32.876,31.1169,20.0165,11.8119,4.843,0.0304825
2023,SSA_00039,35.4713,33.1529,19.865,11.8195,4.44316,-0.00288859
2023,SSA_00040,34.5145,32.3509,21.1995,12.0042,4.60243,-0.00460531
2023,SSA_00042,29.6185,27.9676,20.2263,12.1116,4.58197,0.196291
2023,SSA_00043,32.072,30.3457,20.2981,11.8835,4.42988,0.0949082
2023,SSA_00044,32.9482,30.9741,20.3679,11.256,4.59683,0.230413
2023,SSA_00045,30.5967,28.8449,19.7929,11.2573,4.75811,0.295786
2023,SSA_00046,32.9517,31.0683,20.64,12.0086,4.5101,0.106673
2023,SSA_00047,35.3714,33.0765,21.0722,11.901,4.81576,0.109304
2023,SSA_00048,34.8797,32.5941,20.0463,11.3035,4.74179,0.277493
2023,SSA_00049,29.5799,28.2606,19.5402,11.6271,4.53637,0.0794169
2023,SSA_00051,31.8825,30.0062,19.0437,11.0267,4.7577,0.313343
2023,SSA_00052,33.0593,31.1728,20.4751,11.8654,4.52578,0.0879679
2023,SSA_00053,29.045,27.403,19.6391,11.1513,4.70518,0.274326
2023,SSA_00054,31.6257,29.8526,19.6387,11.0455,4.67371,0.261154
2023,SSA_00055,32.1105,30.2845,19.7559,10.8358,4.58281,0.237561
2023,SSA_00056,30.8133,29.2403,19.7506,11.7621,4.43653,0.0522295
2023,SSA_00057,26.4117,24.8229,19.413,11.0687,4.69858,0.290376
2023,SSA_00058,27.0484,25.4301,19.5826,11.2346,4.73483,0.287422
2023,SSA_00059,29.66,27.9314,18.8572,11.0155,4.73346,0.260828
2023,SSA_00060,29.5376,27.885,20.2766,11.8117,4.62738,0.144694
2023,SSA_00061,31.536,29.8831,20.017,11.8034,4.82485,0.108159
2023,SSA_00063,32.4994,30.5723,19.9096,11.0027,4.64457,0.263447
2023,SSA_00064,29.0699,27.5314,20.0055,11.7246,4.62584,0.208157
2023,SSA_00065,30.2084,28.5552,20.1921,11.6893,4.70748,0.255266
2023,SSA_00066,36.6013,33.6751,20.8798,12.4373,4.36833,0.098229
2023,SSA_00069,32.9543,30.9558,19.2385,11.0467,4.74114,0.294469
2023,SSA_00071,33.9426,31.7976,20.3806,11.3651,4.56199,0.211991
2023,SSA_00072,33.7681,31.9842,19.9935,11.9704,4.94867,0.0339412
2023,SSA_00073,32.6383,30.6862,19.2333,11.0321,4.73761,0.287585
2023,SSA_00076,35.0908,32.8546,20.2114,11.7846,4.49338,-0.01481
2023,SSA_00077,33.6413,31.6105,20.701,12.4305,4.55032,0.170376
2023,SSA_00078,28.5372,26.9078,19.8115,11.1848,4.68698,0.275014
2023,SSA_00081,34.3464,32.0104,20.0234,11.104,4.6939,0.286009
2023,SSA_00082,31.8628,30.0385,20.522,12.2789,4.54145,0.172943
2023,SSA_00084,30.9372,29.2001,20.4034,12.141,4.67803,0.238884
2023,SSA_00085,33.7827,31.6005,19.3043,10.8892,4.66205,0.274413
2023,SSA_00086,30.0231,28.2807,20.1751,11.5123,4.72117,0.272491
2023,SSA_00087,35.4312,32.9954,20.6554,11.9775,4.63856,0.216266
2023,SSA_00088,31.1752,29.5043,20.3818,12.0923,4.43942,0.131992
2023,SSA_00089,30.5557,28.9091,20.1435,11.8204,4.69043,0.103104
2023,SSA_00090,32.2735,30.4069,19.6983,11.0361,4.67611,0.268789
2023,SSA_00092,28.9884,27.4287,19.8965,11.2765,4.63182,0.232232
2023,SSA_00093,29.7444,28.1082,19.8813,11.0685,4.62792,0.244625
2023,SSA_00094,28.8341,27.2637,20.1616,11.712,4.55297,0.0170868
2023,SSA_00095,33.7609,31.6999,20.3808,11.0787,4.45063,0.155945
2023,SSA_00098,33.6834,31.507,19.3225,11.1674,4.84004,0.357255
2023,SSA_00099,31.0568,29.3112,19.4208,11.0802,4.73679,0.281149
2023,SSA_00100,32.7595,30.7722,19.4989,11.0654,4.75259,0.316088
2023,SSA_00101,27.8838,26.2764,19.0674,10.9485,4.71119,0.243385
2023,SSA_00102,34.7065,32.4202,20.688,11.7878,4.53141,0.183082
2023,SSA_00103,32.9161,31.1592,19.8148,11.7161,4.47759,0.102893
2023,SSA_00104,31.3919,29.6114,19.5475,10.9242,4.65429,0.267111
2023,SSA_00106,32.5875,30.7115,20.2296,11.2925,4.61403,0.227442
2023,SSA_00107,34.2961,32.019,19.2914,11.0056,4.72799,0.298637
2023,SSA_00109,30.0792,28.4662,20.1923,11.8143,4.61399,0.20912
2023,SSA_00111,31.2255,29.446,20.514,12.2106,4.39281,0.0734905
2023,SSA_00112,33.2621,31.2354,19.3817,11.0689,4.75869,0.311569
2023,SSA_00114,34.7232,32.5338,20.4389,11.862,4.5267,0.0790091
2023,SSA_00115,27.9344,26.4017,19.2702,10.858,4.62788,0.247607
2023,SSA_00116,31.2759,29.4798,19.8235,11.2773,4.78431,0.309589
2023,SSA_00117,33.9311,32.16,19.8323,11.8402,4.87311,0.0644245
2023,SSA_00118,29.4188,27.8405,19.8704,11.1806,4.65463,0.250442
2023,SSA_00120,34.7586,32.485,19.9702,11.8646,4.16667,-0.00588741
2023,SSA_00122,30.2823,28.5025,18.7605,10.9775,4.75336,0.311204
2023,SSA_00124,25.2709,23.8197,19.3082,10.9199,4.60176,0.257344
2023,SSA_00125,32.1028,30.2851,20.1123,11.0139,4.59726,0.247671
2023,SSA_00127,35.0343,33.0333,19.9608,11.9346,4.60311,0.0234664
2023,SSA_00129,32.1748,30.2903,19.3857,11.0992,4.75329,0.287037
2023,SSA_00130,34.4992,32.3965,20.3907,11.9295,4.64801,0.178513
2023,SSA_00131,32.8726,31.1707,19.8313,11.8266,4.45422,0.0546737
2023,SSA_00132,34.0934,31.7923,18.8951,11.0643,4.80861,0.345526
2023,SSA_00133,32.4994,30.6794,20.9665,12.2526,4.60869,0.0752127
2023,SSA_00134,31.7383,29.967,20.1713,11.4505,4.69268,0.2523
2023,SSA_00136,31.7477,29.7725,19.4059,11.2829,4.87871,0.358935
2023,SSA_00137,27.5377,25.9313,20.0426,12.3412,4.59518,0.190384
2023,SSA_00140,34.469,32.2703,20.4511,12.0053,4.47746,0.125609
2023,SSA_00141,32.2271,30.3556,20.1126,11.1795,4.64613,0.252079
2023,SSA_00142,31.5297,29.7541,19.3338,11.0938,4.75433,0.282124
2023,SSA_00143,32.3507,30.4761,19.5204,10.9872,4.68069,0.273687
2023,SSA_00144,33.6155,31.6931,20.2446,11.8639,4.46704,0.114335
2023,SSA_00145,30.7532,29.0613,19.341,10.8698,4.63832,0.232875
2023,SSA_00146,35.1546,32.7153,20.7189,11.9557,4.3888,0.124459
2023,SSA_00147,29.5513,28.0208,19.5598,10.8795,4.52968,0.172748
2023,SSA_00148,27.8041,26.1914,19.8333,11.2653,4.64981,0.247353
2023,SSA_00149,32.1281,30.155,19.4371,10.9922,4.72914,0.31477
2023,SSA_00150,33.2459,31.5181,19.8716,11.8043,4.62122,0.161514
2023,SSA_00152,31.1177,29.3564,19.3771,10.9946,4.68743,0.272012
2023,SSA_00153,32.9848,31.1276,20.7086,11.8363,4.54426,0.0643074
2023,SSA_00155,33.6226,31.6964,19.9075,11.8034,4.30596,0.00284142
2023,SSA_00157,32.1034,30.2875,20.1092,11.399,4.75572,0.289991
2023,SSA_00158,28.4258,26.958,19.9483,11.7711,4.52521,0.119129
2023,SSA_00159,33.1063,31.2118,20.2026,11.3386,4.67972,0.251735
2023,SSA_00161,34.1005,31.8572,19.5899,10.9708,4.69682,0.292533
2023,SSA_00162,31.0837,29.2954,19.6528,11.0263,4.69752,0.288907
2023,SSA_00163,29.0242,27.5156,20.2674,11.8046,4.61566,0.124289
2023,SSA_00164,28.0013,26.398,19.0804,10.869,4.64705,0.263898
2023,SSA_00166,30.0689,28.4548,20.1333,11.745,4.50951,0.184049
2023,SSA_00167,32.7857,31.0276,19.8628,11.8592,4.5347,0.157884
2023,SSA_00168,32.1986,30.332,20.2136,11.383,4.66263,0.247582
2023,SSA_00169,30.6918,28.9004,19.9011,11.288,4.75139,0.295949
2023,SSA_00170,32.6069,31.0079,19.7367,11.7601,4.37325,-0.014037
2023,SSA_00171,32.2915,30.3231,19.272,11.0223,4.74419,0.310097
2023,SSA_00172,31.5337,29.7566,19.7027,10.9113,4.62454,0.257925
2023,SSA_00174,33.8845,31.8708,20.6474,12.0872,4.46075,0.0989865
2023,SSA_00175,29.1844,27.4893,20.4472,12.1288,4.53308,0.112574
2023,SSA_00176,28.5885,26.9569,18.8011,10.9459,4.70253,0.270703
2023,SSA_00177,33.5702,31.5048,19.7711,10.931,4.64183,0.266294
2023,SSA_00181,31.8165,29.9648,19.47,10.9817,4.7053,0.297004
2023,SSA_00182,35.7176,33.2835,20.3079,11.9539,4.49664,-0.0291753
2023,SSA_00183,29.4741,27.8101,19.8008,11.113,4.6887,0.278813
2023,SSA_00184,33.784,31.5554,19.0866,11.0238,4.76233,0.309103
2023,SSA_00185,31.8653,30.014,19.5204,11.0903,4.76552,0.311166
2023,SSA_00188,33.2809,31.182,19.7777,11.1109,4.75392,0.318962
2023,SSA_00189,32.1009,30.3519,20.814,11.9252,4.67015,0.142719
2023,SSA_00190,33.9701,31.8661,20.6307,12.0466,4.68892,0.241692
2023,SSA_00191,27.908,26.3172,20.0022,11.8847,4.77253,0.222066
2023,SSA_00193,29.0522,27.5212,19.7456,11.8009,4.45492,0.0678868
2023,SSA_00194,30.2442,28.58,20.3296,11.9793,4.42149,0.088941
2023,SSA_00196,33.2021,31.134,19.3774,11.0712,4.7627,0.316277
2023,SSA_00198,32.3061,30.2802,19.434,11.0646,4.76209,0.317464
2023,SSA_00199,35.6609,33.4579,19.9249,11.9029,4.65867,0.152853
2023,SSA_00200,32.9211,30.895,19.1446,11.0531,4.77035,0.31991
2023,SSA_00202,,,,,,
2023,SSA_00203,31.6956,30.0036,20.6799,11.8445,4.94538,0.121202
2023,SSA_00205,31.6576,29.8732,20.6829,11.9439,4.59018,0.127829
2023,SSA_00207,31.7351,29.906,19.6152,11.0664,4.72133,0.28672
2023,SSA_00208,,,,,,
2023,SSA_00210,32.5012,30.7031,20.492,11.8166,4.34693,0.0239065
2023,SSA_00211,29.7433,28.1834,20.4624,11.922,4.65481,0.129315
2023,SSA_00212,28.7622,27.1781,19.9053,11.2445,4.64248,0.247636
2023,SSA_00213,32.8709,30.807,19.5408,11.1639,4.79313,0.322624
2023,SSA_00215,33.3427,31.4897,20.3325,11.7948,4.47705,0.054205
2023,SSA_00217,30.2101,28.4995,19.5379,11.089,4.73704,0.301578
2023,SSA_00218,29.8641,28.1719,19.4648,11.0648,4.73692,0.30532
2023,SSA_00219,32.671,30.7922,20.7978,12.5095,4.55205,0.117712
2023,SSA_00220,32.2976,30.4697,20.1927,11.1944,4.6034,0.22558
2023,SSA_00221,29.8266,28.0982,19.7093,11.293,4.77968,0.301012
2023,SSA_00223,30.6248,28.9235,19.863,11.0718,4.67595,0.27609
2023,SSA_00224,29.3976,27.9934,19.8323,11.7934,4.6173,0.0748125
2023,SSA_00225,31.4151,29.5409,19.5145,11.0496,4.715,0.287951
2023,SSA_00226,31.2468,29.5122,19.5898,10.8903,4.59588,0.232693
2023,SSA_00228,32.756,30.8814,20.2921,11.3051,4.6405,0.247098
2023,SSA_00230,31.6877,29.8493,19.3186,10.9744,4.71133,0.297443
2023,SSA_00231,34.4898,32.2925,20.336,11.3799,4.66014,0.242453
2023,SSA_00232,33.4728,31.425,19.1466,11.0317,4.76247,0.319363
2023,SSA_00233,31.9549,30.1036,19.5984,10.9254,4.62569,0.248458
2023,SSA_00234,34.5004,32.3243,20.6254,11.8127,4.5522,0.188192
2023,SSA_00236,35.2027,32.7051,19.6255,11.1524,4.79097,0.326497
2023,SSA_00237,32.6979,30.8569,20.2582,11.8053,4.52339,0.0518248
2023,SSA_00242,34.4546,32.2319,19.428,11.2283,4.81958,0.3147
2023,SSA_00243,32.0037,30.252,20.3828,11.9063,4.64679,0.22099
2023,SSA_00244,30.6288,29.0249,20.4152,12.0921,4.52605,0.0953415
2023,SSA_00245,31.151,29.4487,19.9934,11.1427,4.58456,0.215497
2023,SSA_00246,34.4981,32.2882,20.7102,12.33,4.5916,0.190001
2023,SSA_00247,30.8992,29.1954,20.3428,12.1377,4.58085,0.188157
2023,SSA_00248,31.4586,29.6656,19.396,10.8444,4.64654,0.277081
2023,SSA_00249,29.0561,27.4967,19.7437,11.1256,4.58852,0.207936
2023,SSA_00250,30.4435,28.9308,19.8674,11.7829,4.50167,0.129516
2023,SSA_00252,27.3004,25.7955,20.1618,12.0773,4.83973,0.0879915
2023,SSA_00253,32.6892,30.7077,19.8005,11.1397,4.73645,0.300575
2023,SSA_00255,31.1006,29.6074,19.675,11.6048,4.50227,0.0773067
2023,SSA_00256,31.6139,29.818,19.5097,10.9256,4.64106,0.256541
2023,SSA_00257,32.8882,30.9734,20.604,12.1158,4.36096,0.0878329
2023,SSA_00258,35.77,33.3342,19.9331,11.8668,4.40101,-0.0258944
2023,SSA_00259,32.855,30.8377,19.2241,11.1178,4.79633,0.317131
2023,SSA_00261,30.2774,28.5518,19.8548,11.1679,4.67363,0.259059
2023,SSA_00263,34.652,32.2792,19.2567,11.0319,4.75064,0.310477
2023,SSA_00264,24.9759,23.4923,18.9702,11.0402,4.73209,0.251758
2023,SSA_00265,32.1888,30.2328,19.639,11.0703,4.74771,0.305022
2023,SSA_00266,33.847,31.7667,20.5081,11.7525,4.57408,0.200194
2023,SSA_00267,33.1289,31.3029,20.2217,11.8272,4.53118,0.127615
2023,SSA_00268,29.6339,28.0299,19.9312,11.1326,4.55396,0.203735
2023,SSA_00269,30.0864,28.4931,20.4291,12.4325,4.6901,0.226868
2023,SSA_00272,30.5978,28.9715,20.1634,11.848,4.40721,0.0814554
2023,SSA_00273,35.2469,33.2069,19.9884,11.9366,4.62782,0.126988
2023,SSA_00274,33.8738,31.9953,19.8351,11.785,4.52499,0.0251298
2023,SSA_00276,29.3337,27.7158,20.0105,11.6067,4.74867,0.27381
2023,SSA_00277,30.9955,29.2622,20.0129,11.2435,4.67629,0.258538
2023,SSA_00278,33.3492,31.2752,19.3954,10.9675,4.71135,0.298797
2023,SSA_00280,30.1169,28.3942,19.1388,11.0785,4.77215,0.30949
2023,SSA_00281,32.8793,30.9703,20.8737,12.0895,4.55952,0.0916945
2023,SSA_00282,29.5525,27.9782,19.8175,11.1907,4.60922,0.195387
2023,SSA_00283,33.275,31.2834,20.4591,11.5456,4.55609,0.203577
2023,SSA_00284,33.1358,31.2358,20.5034,11.9095,4.55488,0.140424
2023,SSA_00285,32.8402,30.7891,18.9069,10.9377,4.72868,0.309449
2023,SSA_00287,29.1867,27.5346,19.7331,11.228,4.73333,0.278856
2023,SSA_00288,29.4508,27.7755,19.1672,10.9387,4.69576,0.275936
2023,SSA_00289,28.0686,26.5993,19.5378,11.0777,4.63511,0.230263
2023,SSA_00290,27.1661,25.5215,19.0048,11.0471,4.78037,0.323655
2023,SSA_00291,32.8903,30.9286,19.3927,10.9695,4.68849,0.278136
2023,SSA_00292,33.1183,31.2437,20.5025,12.2185,4.55283,0.167695
2023,SSA_00293,31.243,29.4803,19.4908,10.8952,4.66013,0.28009
2023,SSA_00294,33.3137,31.5519,19.867,11.8189,4.34985,0.0495468
2023,SSA_00295,30.848,29.0889,19.8414,11.1471,4.69937,0.278288
2023,SSA_00296,30.9462,29.1835,19.4384,10.9726,4.68934,0.284627
2023,SSA_00297,27.9409,26.3124,20.2174,12.4185,4.65438,0.184378
2023,SSA_00298,33.1339,31.1744,20.7737,12.2936,4.34072,0.0302826
2023,SSA_00300,33.5338,31.4833,19.8431,11.1078,4.71597,0.290151
2023,SSA_00301,32.0293,30.1459,19.9152,11.1526,4.70323,0.278102
2023,SSA_00302,30.137,28.6021,20.0442,12.0185,4.41487,0.111769
2023,SSA_00303,32.7809,30.791,19.2226,10.897,4.69057,0.296746
2023,SSA_00305,28.3035,26.9136,19.7258,11.7675,4.7427,0.157346
2023,SSA_00306,32.0527,30.5693,19.8625,11.8788,5.09324,0.139568
2023,SSA_00307,31.9017,30.0125,19.0319,10.8083,4.64848,0.278126
2023,SSA_00308,26.7968,25.2697,19.4973,11.0678,4.67876,0.277559
2023,SSA_00309,31.4367,29.6923,20.5701,11.9001,4.70271,0.185078
2023,SSA_00311,33.3443,31.3893,19.5872,11.1503,4.75104,0.257791
2023,SSA_00313,32.3444,30.4405,20.2605,11.1971,4.61992,0.24531
2023,SSA_00314,30.8269,29.1163,19.123,10.8603,4.67323,0.28536
2023,SSA_00315,31.4091,29.6941,20.709,11.877,4.69873,0.150975
2023,SSA_00316,32.7474,31.079,19.7143,11.7327,4.51911,0.100686
2023,SSA_00317,32.9181,31.1395,20.1996,11.8182,5.04139,0.0981486
2023,SSA_00318,31.0352,29.3984,19.9012,10.9239,4.55751,0.215323
2023,SSA_00337,33.8899,31.7036,19.175,11.1141,4.78988,0.315479
2023,SSA_00338,33.694,31.539,18.9826,11.0227,4.75274,0.302536
2023,SSA_00339,36.2707,33.5752,20.5762,11.971,4.61968,0.0970075
2023,SSA_00341,33.7172,31.6597,20.5935,11.838,4.39062,0.111352
2023,SSA_00343,32.9222,30.9152,21.0262,12.42,4.84366,0.235819
2023,SSA_00344,32.6318,30.7472,20.2098,11.5275,4.65748,0.229631
2023,SSA_00346,34.0094,31.8301,19.5924,10.993,4.69243,0.284366
2023,SSA_00353,36.2613,33.8179,21.0077,11.9381,4.8257,0.0901789
2023,SSA_00354,31.0686,29.5723,19.8847,11.7004,4.56143,0.10542
2023,SSA_00366,29.8975,28.2279,20.1957,11.8174,4.65667,0.110898
2023,SSA_00369,31.275,29.717,19.8846,11.8053,4.71214,0.168229
2023,SSA_00376,,,,,,
2023,SSA_00380,31.9585,30.1143,19.1997,11.069,4.75625,0.300953
2023,SSA_00386,35.1,32.61,19.054,10.8983,4.69178,0.286012
2023,SSA_00395,31.6257,29.7374,19.2967,11.0203,4.73825,0.306565
2023,SSA_00403,33.1518,31.258,20.3376,11.9031,4.51713,0.132322
