Year,Accession,PAR_301,PAR_1800,PAR_1100,PAR_500,PAR_300,PAR_150,PAR_50
2021,SSA_00002,9.70691,30.2602,29.1653,19.8678,11.6019,4.93823,-0.150058
2021,SSA_00012,10.3167,30.379,29.2184,19.7175,11.5611,4.9455,-0.148449
2021,SSA_00014,9.16907,30.0719,29.0707,20.0534,11.6874,4.92725,-0.152057
2021,SSA_00015,10.1294,30.3541,29.2089,19.7596,11.5709,4.94358,-0.149075
2021,SSA_00019,10.1902,30.3701,29.2165,19.7417,11.5665,4.94437,-0.14893
2021,SSA_00020,9.52645,30.247,29.1617,19.8906,11.6098,4.93685,-0.150274
2021,SSA_00021,8.31599,29.3119,28.6738,20.2736,12.014,4.87292,-0.228546
2021,SSA_00022,10.0304,30.385,29.2285,19.7519,11.5687,4.94371,-0.1491
2021,SSA_00025,10.2354,30.379,29.2204,19.7298,11.5638,4.9449,-0.14877
2021,SSA_00032,9.40501,30.1768,29.1247,19.9538,11.635,4.93342,-0.150748
2021,SSA_00034,10.2756,30.4043,29.2335,19.7093,11.5591,4.94571,-0.148474
2021,SSA_00035,8.30054,29.3102,28.6732,20.2723,12.0121,4.87284,-0.228867
2021,SSA_00038,8.84875,29.85,28.9541,20.2391,11.8779,4.91133,-0.159146
2021,SSA_00047,9.40501,30.1768,29.1247,19.9538,11.635,4.93342,-0.150748
2021,SSA_00048,9.35442,30.1382,29.104,19.9885,11.6511,4.93142,-0.15127
2021,SSA_00053,8.50774,29.5313,28.7872,20.3457,12.1564,4.8834,-0.194906
2021,SSA_00054,9.98904,30.3877,29.231,19.7542,11.5692,4.94356,-0.149142
2021,SSA_00056,8.23389,29.2306,28.6324,20.2279,11.9596,4.87174,-0.238721
2021,SSA_00059,8.85249,29.853,28.9557,20.237,11.8744,4.91157,-0.158966
2021,SSA_00063,9.98904,30.3877,29.231,19.7542,11.5692,4.94356,-0.149142
2021,SSA_00064,9.40501,30.1768,29.1247,19.9538,11.635,4.93342,-0.150748
2021,SSA_00065,10.1494,30.3813,29.2236,19.7404,11.5661,4.94435,-0.14896
2021,SSA_00066,8.4046,29.3794,28.708,20.3064,12.0676,4.87503,-0.218778
2021,SSA_00071,8.4314,29.4472,28.7436,20.3293,12.1164,4.87797,-0.208643
2021,SSA_00073,7.8294,28.651,28.3389,19.9299,11.8213,4.88066,-0.283808
2021,SSA_00078,8.58442,29.502,28.7702,20.3431,12.1494,4.88188,-0.19897
2021,SSA_00081,8.78605,29.745,28.8976,20.301,12.0061,4.90254,-0.166486
2021,SSA_00082,8.2229,29.2106,28.6221,20.2163,11.9485,4.87164,-0.240952
2021,SSA_00083,9.08541,29.9684,29.0148,20.1426,11.7565,4.92081,-0.154294
2021,SSA_00085,11.3042,30.3402,29.1595,19.525,11.5258,4.95179,-0.142731
2021,SSA_00086,8.2229,29.2106,28.6221,20.2163,11.9485,4.87164,-0.240952
2021,SSA_00088,8.68922,29.7204,28.886,20.3136,12.0414,4.89991,-0.16908
2021,SSA_00089,11.1314,30.3572,29.1784,19.5577,11.5311,4.95117,-0.144376
2021,SSA_00090,8.31599,29.3119,28.6738,20.2736,12.014,4.87292,-0.228546
2021,SSA_00092,8.80251,29.6913,28.8682,20.3224,12.0669,4.89817,-0.171554
2021,SSA_00094,8.65909,29.6176,28.8309,20.3428,12.1381,4.89099,-0.181306
2021,SSA_00095,9.99617,30.3448,29.2067,19.7814,11.5763,4.94249,-0.149416
2021,SSA_00098,10.2878,30.3437,29.1995,19.7423,11.567,4.94452,-0.14886
2021,SSA_00100,11.1082,30.3562,29.179,19.5633,11.5321,4.95105,-0.144515
2021,SSA_00101,8.74731,29.744,28.898,20.3024,12.0105,4.90222,-0.166736
2021,SSA_00104,10.3334,30.3811,29.2191,19.7136,11.5602,4.94567,-0.148388
2021,SSA_00106,8.09356,28.9978,28.5134,20.0907,11.8689,4.87327,-0.260693
2021,SSA_00107,7.92638,28.7847,28.4061,19.9824,11.8329,4.87751,-0.275841
2021,SSA_00112,10.7901,30.3714,29.2003,19.6277,11.5432,4.94916,-0.146736
2021,SSA_00117,9.90895,30.3564,29.2151,19.7822,11.5764,4.9423,-0.149469
2021,SSA_00118,11.3042,30.3402,29.1595,19.525,11.5258,4.95179,-0.142731
2021,SSA_00120,8.68922,29.7204,28.886,20.3136,12.0414,4.89991,-0.16908
2021,SSA_00124,10.4911,30.3872,29.2183,19.682,11.5536,4.94702,-0.147947
2021,SSA_00125,10.1371,30.4026,29.2359,19.729,11.5633,4.94476,-0.148802
2021,SSA_00127,10.2878,30.3437,29.1995,19.7423,11.567,4.94452,-0.14886
2021,SSA_00129,8.50849,29.4419,28.7395,20.3294,12.1164,4.87809,-0.208694
2021,SSA_00131,8.4046,29.3794,28.708,20.3064,12.0676,4.87503,-0.218778
2021,SSA_00133,10.0233,30.3431,29.2052,19.7795,11.5759,4.94261,-0.149384
2021,SSA_00134,9.08541,29.9684,29.0148,20.1426,11.7565,4.92081,-0.154294
2021,SSA_00142,8.68922,29.7204,28.886,20.3136,12.0414,4.89991,-0.16908
2021,SSA_00144,8.94275,29.8748,28.9658,20.2191,11.8463,4.91369,-0.157724
2021,SSA_00147,10.1977,30.3491,29.2046,19.7531,11.5694,4.94395,-0.149004
2021,SSA_00148,8.85249,29.853,28.9557,20.237,11.8744,4.91157,-0.158966
2021,SSA_00149,9.98004,30.3387,29.2037,19.7871,11.5778,4.94223,-0.14948
2021,SSA_00154,10.1485,30.3697,29.2172,19.7475,11.5679,4.94408,-0.148989
2021,SSA_00155,8.4314,29.4472,28.7436,20.3293,12.1164,4.87797,-0.208643
2021,SSA_00157,8.36724,29.3351,28.6853,20.2861,12.0329,4.87359,-0.225285
2021,SSA_00159,7.8294,28.651,28.3389,19.9299,11.8213,4.88066,-0.283808
2021,SSA_00161,9.27077,30.1515,29.1132,19.9817,11.6477,4.93167,-0.151088
2021,SSA_00162,8.4314,29.4472,28.7436,20.3293,12.1164,4.87797,-0.208643
2021,SSA_00166,10.9544,30.3657,29.1909,19.5936,11.5372,4.95026,-0.145646
2021,SSA_00168,9.99617,30.3448,29.2067,19.7814,11.5763,4.94249,-0.149416
2021,SSA_00170,10.9544,30.3657,29.1909,19.5936,11.5372,4.95026,-0.145646
2021,SSA_00171,11.1082,30.3562,29.179,19.5633,11.5321,4.95105,-0.144515
2021,SSA_00172,10.9328,30.3609,29.1892,19.6003,11.5384,4.95006,-0.145845
2021,SSA_00174,9.03922,29.9283,28.9934,20.1761,11.7912,4.91796,-0.155498
2021,SSA_00180,10.9544,30.3657,29.1909,19.5936,11.5372,4.95026,-0.145646
2021,SSA_00184,7.77687,28.6445,28.3359,19.9252,11.8202,4.88085,-0.284455
2021,SSA_00189,11.1616,30.3552,29.1758,19.5517,11.5301,4.95131,-0.144146
2021,SSA_00191,10.5449,30.3605,29.2019,19.6848,11.5544,4.94703,-0.147939
2021,SSA_00193,8.73856,29.7372,28.8945,20.3057,12.0189,4.90159,-0.167365
2021,SSA_00194,10.3702,30.357,29.2048,19.7209,11.562,4.94543,-0.148585
2021,SSA_00195,8.71704,29.7499,28.9015,20.3002,12.0046,4.90253,-0.166368
2021,SSA_00199,10.3334,30.3811,29.2191,19.7136,11.5602,4.94567,-0.148388
2021,SSA_00200,10.1494,30.3813,29.2236,19.7404,11.5661,4.94435,-0.14896
2021,SSA_00201,8.54675,29.5229,28.782,20.3452,12.1551,4.88303,-0.195899
2021,SSA_00202,10.2763,30.3554,29.2063,19.7375,11.5657,4.94468,-0.14885
2021,SSA_00205,8.80251,29.6913,28.8682,20.3224,12.0669,4.89817,-0.171554
2021,SSA_00210,8.74731,29.744,28.898,20.3024,12.0105,4.90222,-0.166736
2021,SSA_00211,10.1336,30.3524,29.2079,19.7601,11.571,4.94357,-0.149079
2021,SSA_00215,8.06378,28.9866,28.508,20.0834,11.8657,4.87344,-0.261695
2021,SSA_00217,10.2319,30.343,29.2004,19.7518,11.5692,4.94406,-0.148972
2021,SSA_00218,10.9807,30.3805,29.198,19.5824,11.5352,4.95053,-0.145428
2021,SSA_00219,10.7901,30.3714,29.2003,19.6277,11.5432,4.94916,-0.146736
2021,SSA_00221,11.1616,30.3552,29.1758,19.5517,11.5301,4.95131,-0.144146
2021,SSA_00223,11.1549,30.3694,29.1839,19.5487,11.5295,4.95133,-0.143991
2021,SSA_00225,8.68922,29.7204,28.886,20.3136,12.0414,4.89991,-0.16908
2021,SSA_00228,10.9657,30.3512,29.1825,19.5963,11.5378,4.95023,-0.145679
2021,SSA_00233,10.9814,30.344,29.178,19.5958,11.5377,4.95026,-0.145638
2021,SSA_00237,11.1314,30.3572,29.1784,19.5577,11.5311,4.95117,-0.144376
2021,SSA_00242,8.4046,29.3794,28.708,20.3064,12.0676,4.87503,-0.218778
2021,SSA_00245,10.1485,30.3697,29.2172,19.7475,11.5679,4.94408,-0.148989
2021,SSA_00248,8.88101,29.7451,28.8958,20.2985,11.9991,4.90317,-0.166095
2021,SSA_00255,8.64884,29.6144,28.8293,20.3433,12.1404,4.89064,-0.181822
2021,SSA_00258,10.1696,30.3744,29.2193,19.7418,11.5665,4.94433,-0.148947
2021,SSA_00259,10.5718,30.3581,29.1998,19.6806,11.5535,4.94721,-0.147858
2021,SSA_00263,8.36724,29.3351,28.6853,20.2861,12.0329,4.87359,-0.225285
2021,SSA_00265,11.0558,30.3835,29.1965,19.5655,11.5323,4.95094,-0.14477
2021,SSA_00267,10.9382,30.3636,29.1904,19.5981,11.538,4.95012,-0.146004
2021,SSA_00269,10.299,30.3761,29.2172,19.7218,11.562,4.94527,-0.148508
2021,SSA_00272,10.2477,30.3731,29.2168,19.7316,11.5642,4.94485,-0.148762
2021,SSA_00273,10.2319,30.343,29.2004,19.7518,11.5692,4.94406,-0.148972
2021,SSA_00277,8.58442,29.502,28.7702,20.3431,12.1494,4.88188,-0.19897
2021,SSA_00283,9.15822,30.0484,29.0578,20.0735,11.7007,4.92588,-0.152547
2021,SSA_00284,11.0558,30.3835,29.1965,19.5655,11.5323,4.95094,-0.14477
2021,SSA_00287,10.2557,30.3662,29.2127,19.7344,11.5649,4.94476,-0.148778
2021,SSA_00290,10.2154,30.3919,29.228,19.7251,11.5626,4.94501,-0.148604
2021,SSA_00291,10.1485,30.3697,29.2172,19.7475,11.5679,4.94408,-0.148989
2021,SSA_00292,11.0558,30.3835,29.1965,19.5655,11.5323,4.95094,-0.14477
2021,SSA_00296,8.4712,29.4456,28.742,20.3297,12.1171,4.87808,-0.208528
2021,SSA_00297,10.0241,30.3654,29.2177,19.7649,11.572,4.94319,-0.149165
2021,SSA_00298,8.4314,29.4472,28.7436,20.3293,12.1164,4.87797,-0.208643
2021,SSA_00300,11.142,30.3575,29.178,19.5553,11.5307,4.95122,-0.144235
2021,SSA_00301,9.85175,30.2771,29.1719,19.8423,11.5939,4.93962,-0.149887
2021,SSA_00302,10.1336,30.3524,29.2079,19.7601,11.571,4.94357,-0.149079
2021,SSA_00305,9.98904,30.3877,29.231,19.7542,11.5692,4.94356,-0.149142
2021,SSA_00306,11.0746,30.3827,29.1952,19.5617,11.5316,4.95103,-0.144612
2021,SSA_00307,7.8294,28.651,28.3389,19.9299,11.8213,4.88066,-0.283808
2021,SSA_00313,9.88481,30.333,29.2025,19.8004,11.5814,4.94152,-0.149511
2021,SSA_00314,8.60268,29.6021,28.8236,20.3448,12.1478,4.8893,-0.183917
2021,SSA_00316,7.91361,28.8068,28.4174,19.9909,11.8349,4.87701,-0.27454
2021,SSA_00317,10.7606,30.3486,29.1886,19.6437,11.5464,4.94866,-0.147039
2021,SSA_00318,8.50849,29.4419,28.7395,20.3294,12.1164,4.87809,-0.208694
2022,SSA_00002,6.14088,26.2331,26.9928,19.7546,11.8109,4.93011,-0.377933
2022,SSA_00011,10.785,30.3526,29.19,19.6364,11.545,4.94892,-0.146876
2022,SSA_00012,10.326,30.3945,29.2268,19.7072,11.5587,4.94587,-0.148448
2022,SSA_00014,10.178,30.3839,29.2244,19.735,11.5648,4.94461,-0.14884
2022,SSA_00015,11.299,30.3063,29.1413,19.5364,11.5278,4.95168,-0.143214
2022,SSA_00016,10.9603,30.3613,29.1883,19.5939,11.5373,4.95027,-0.145642
2022,SSA_00017,10.8445,30.3729,29.1992,19.6152,11.541,4.94957,-0.146399
2022,SSA_00019,11.4659,30.3172,29.1357,19.4963,11.5211,4.9521,-0.140992
2022,SSA_00020,11.0143,30.3881,29.2008,19.5727,11.5335,4.95076,-0.145059
2022,SSA_00021,9.8595,30.3051,29.1874,19.822,11.5877,4.94054,-0.14964
2022,SSA_00022,10.8746,30.361,29.1915,19.6133,11.5407,4.94967,-0.146315
2022,SSA_00023,10.1141,30.3449,29.2041,19.7672,11.5729,4.94324,-0.149154
2022,SSA_00025,10.8445,30.3729,29.1992,19.6152,11.541,4.94957,-0.146399
2022,SSA_00026,10.7494,30.3881,29.2109,19.6291,11.5434,4.94905,-0.146819
2022,SSA_00027,10.1902,30.3701,29.2165,19.7417,11.5665,4.94437,-0.14893
2022,SSA_00028,10.8863,30.3723,29.1973,19.6063,11.5394,4.94985,-0.146077
2022,SSA_00029,11.0386,30.3814,29.1961,19.5698,11.533,4.95085,-0.144927
2022,SSA_00030,11.0256,30.3828,29.1974,19.5722,11.5334,4.95079,-0.145019
2022,SSA_00031,11.6392,30.255,29.0869,19.4737,11.5176,4.95218,-0.139049
2022,SSA_00034,10.785,30.3526,29.19,19.6364,11.545,4.94892,-0.146876
2022,SSA_00035,10.6778,30.3963,29.2178,19.6405,11.5454,4.94861,-0.147125
2022,SSA_00036,11.3439,30.301,29.1355,19.528,11.5264,4.9518,-0.142723
2022,SSA_00037,10.2082,30.381,29.2221,19.7327,11.5644,4.94474,-0.148801
2022,SSA_00039,11.3439,30.301,29.1355,19.528,11.5264,4.9518,-0.142723
2022,SSA_00040,10.8537,30.3761,29.2006,19.6119,11.5404,4.94966,-0.146316
2022,SSA_00042,11.0143,30.3881,29.2008,19.5727,11.5335,4.95076,-0.145059
2022,SSA_00043,9.28219,30.1219,29.0964,20.0059,11.6599,4.93032,-0.15141
2022,SSA_00044,11.246,30.3398,29.1628,19.5382,11.5279,4.95159,-0.143484
2022,SSA_00045,10.9603,30.3613,29.1883,19.5939,11.5373,4.95027,-0.145642
2022,SSA_00046,10.1622,30.3522,29.2072,19.7564,11.5701,4.94376,-0.149025
2022,SSA_00047,11.0143,30.3881,29.2008,19.5727,11.5335,4.95076,-0.145059
2022,SSA_00048,10.7494,30.3881,29.2109,19.6291,11.5434,4.94905,-0.146819
2022,SSA_00049,10.8834,30.3659,29.1939,19.6095,11.54,4.94977,-0.14622
2022,SSA_00051,11.4052,30.2854,29.1229,19.5186,11.525,4.95194,-0.142096
2022,SSA_00052,11.1118,30.3574,29.1794,19.5621,11.5319,4.95108,-0.144465
2022,SSA_00053,11.0645,30.3682,29.1877,19.5688,11.5329,4.95089,-0.144845
2022,SSA_00054,11.4052,30.2854,29.1229,19.5186,11.525,4.95194,-0.142096
2022,SSA_00055,10.9603,30.3613,29.1883,19.5939,11.5373,4.95027,-0.145642
2022,SSA_00056,10.7901,30.3714,29.2003,19.6277,11.5432,4.94916,-0.146736
2022,SSA_00057,10.8334,30.3638,29.1946,19.6212,11.5421,4.9494,-0.146544
2022,SSA_00058,10.6589,30.3892,29.2144,19.6477,11.5468,4.94837,-0.147231
2022,SSA_00059,11.0645,30.3682,29.1877,19.5688,11.5329,4.95089,-0.144845
2022,SSA_00060,10.3406,30.3843,29.2207,19.7105,11.5595,4.94578,-0.148351
2022,SSA_00061,10.9146,30.3805,29.2008,19.597,11.5377,4.9501,-0.145788
2022,SSA_00063,11.4973,30.2853,29.1158,19.4977,11.5215,4.95212,-0.14091
2022,SSA_00064,10.857,30.3715,29.198,19.6131,11.5406,4.94964,-0.146337
2022,SSA_00065,10.9603,30.3613,29.1883,19.5939,11.5373,4.95027,-0.145642
2022,SSA_00066,10.6879,30.369,29.2023,19.6507,11.5476,4.94834,-0.147249
2022,SSA_00071,9.03933,29.9727,29.018,20.1411,11.7554,4.92083,-0.154096
2022,SSA_00072,11.4052,30.2854,29.1229,19.5186,11.525,4.95194,-0.142096
2022,SSA_00073,10.9084,30.382,29.2018,19.5977,11.5378,4.95007,-0.145816
2022,SSA_00076,10.6732,30.3717,29.2043,19.6528,11.548,4.94826,-0.147307
2022,SSA_00077,10.5449,30.3605,29.2019,19.6848,11.5544,4.94703,-0.147939
2022,SSA_00078,10.9146,30.3805,29.2008,19.597,11.5377,4.9501,-0.145788
2022,SSA_00081,7.41437,28.2218,28.1226,19.8233,11.8062,4.89131,-0.305984
2022,SSA_00082,11.246,30.3398,29.1628,19.5382,11.5279,4.95159,-0.143484
2022,SSA_00083,11.4973,30.2853,29.1158,19.4977,11.5215,4.95212,-0.14091
2022,SSA_00084,11.2166,30.3436,29.1665,19.5434,11.5288,4.95149,-0.143719
2022,SSA_00085,10.1494,30.3813,29.2236,19.7404,11.5661,4.94435,-0.14896
2022,SSA_00086,9.40501,30.1768,29.1247,19.9538,11.635,4.93342,-0.150748
2022,SSA_00087,10.6462,30.3688,29.2035,19.6596,11.5493,4.94801,-0.147457
2022,SSA_00088,11.0256,30.3828,29.1974,19.5722,11.5334,4.95079,-0.145019
2022,SSA_00089,6.50346,26.8665,27.3884,19.7551,11.8074,4.9195,-0.357698
2022,SSA_00090,10.1494,30.3813,29.2236,19.7404,11.5661,4.94435,-0.14896
2022,SSA_00092,9.08541,29.9684,29.0148,20.1426,11.7565,4.92081,-0.154294
2022,SSA_00093,9.84753,30.3546,29.2154,19.7889,11.5781,4.94194,-0.149506
2022,SSA_00094,9.90287,30.3592,29.2168,19.7809,11.5761,4.94235,-0.14946
2022,SSA_00095,9.40501,30.1768,29.1247,19.9538,11.635,4.93342,-0.150748
2022,SSA_00098,10.9657,30.3512,29.1825,19.5963,11.5378,4.95023,-0.145679
2022,SSA_00099,10.8424,30.351,29.1872,19.6244,11.5428,4.94934,-0.146598
2022,SSA_00100,10.9146,30.3805,29.2008,19.597,11.5377,4.9501,-0.145788
2022,SSA_00101,9.37941,30.1057,29.0854,20.0135,11.664,4.93004,-0.151543
2022,SSA_00102,11.246,30.3398,29.1628,19.5382,11.5279,4.95159,-0.143484
2022,SSA_00103,10.9603,30.3613,29.1883,19.5939,11.5373,4.95027,-0.145642
2022,SSA_00104,10.5935,30.3857,29.2145,19.6625,11.5497,4.94782,-0.147558
2022,SSA_00106,10.893,30.3636,29.1923,19.6082,11.5398,4.94982,-0.146176
2022,SSA_00107,10.7901,30.3714,29.2003,19.6277,11.5432,4.94916,-0.146736
2022,SSA_00109,10.1494,30.3813,29.2236,19.7404,11.5661,4.94435,-0.14896
2022,SSA_00111,,,,,,,
2022,SSA_00112,9.09969,30.0612,29.0661,20.0654,11.6952,4.92631,-0.152264
2022,SSA_00114,9.40139,30.1673,29.1195,19.962,11.6386,4.93296,-0.150824
2022,SSA_00115,11.1534,30.3385,29.167,19.5589,11.5314,4.95118,-0.144353
2022,SSA_00116,9.23573,30.0983,29.0841,20.0281,11.6721,4.92893,-0.151716
2022,SSA_00118,7.34849,28.0179,28.0197,19.7995,11.8047,4.89603,-0.314486
2022,SSA_00120,9.49362,30.2245,29.1497,19.9103,11.6171,4.93581,-0.150371
2022,SSA_00122,10.785,30.3526,29.19,19.6364,11.545,4.94892,-0.146876
2022,SSA_00124,9.47652,30.2377,29.1575,19.9009,11.6135,4.93626,-0.150326
2022,SSA_00125,10.9185,30.3567,29.1874,19.605,11.5393,4.94994,-0.145994
2022,SSA_00127,10.5473,30.4019,29.2249,19.6641,11.5499,4.94768,-0.147635
2022,SSA_00129,9.08541,29.9684,29.0148,20.1426,11.7565,4.92081,-0.154294
2022,SSA_00130,8.7032,29.6762,28.8618,20.3291,12.0891,4.89619,-0.173826
2022,SSA_00131,10.7463,30.3698,29.2009,19.6379,11.5452,4.94881,-0.146954
2022,SSA_00132,10.1494,30.3813,29.2236,19.7404,11.5661,4.94435,-0.14896
2022,SSA_00133,10.7745,30.3616,29.1954,19.635,11.5447,4.94894,-0.146864
2022,SSA_00134,9.32859,30.0926,29.0791,20.0276,11.6718,4.92911,-0.151702
2022,SSA_00136,10.893,30.3636,29.1923,19.6082,11.5398,4.94982,-0.146176
2022,SSA_00137,6.14088,26.2331,26.9928,19.7546,11.8109,4.93011,-0.377933
2022,SSA_00140,8.2229,29.2106,28.6221,20.2163,11.9485,4.87164,-0.240952
2022,SSA_00141,10.8222,30.3577,29.1916,19.6262,11.5431,4.94925,-0.146663
2022,SSA_00142,7.09483,27.6503,27.8295,19.7731,11.8042,4.90413,-0.329359
2022,SSA_00143,10.3334,30.3811,29.2191,19.7136,11.5602,4.94567,-0.148388
2022,SSA_00144,9.40501,30.1768,29.1247,19.9538,11.635,4.93342,-0.150748
2022,SSA_00145,10.7494,30.3881,29.2109,19.6291,11.5434,4.94905,-0.146819
2022,SSA_00146,9.94543,30.3309,29.2,19.796,11.5803,4.9418,-0.14945
2022,SSA_00147,11.6392,30.255,29.0869,19.4737,11.5176,4.95218,-0.139049
2022,SSA_00148,9.80844,30.2991,29.1852,19.8308,11.5902,4.94007,-0.149686
2022,SSA_00149,9.32859,30.0926,29.0791,20.0276,11.6718,4.92911,-0.151702
2022,SSA_00150,10.6179,30.3704,29.2053,19.6653,11.5504,4.94778,-0.147577
2022,SSA_00152,7.80927,28.6509,28.3389,19.9291,11.821,4.88068,-0.283912
2022,SSA_00153,8.84933,29.7623,28.9059,20.2908,11.9804,4.9044,-0.164688
2022,SSA_00154,9.14683,30.0193,29.0418,20.0983,11.7189,4.9242,-0.153037
2022,SSA_00155,10.9603,30.3613,29.1883,19.5939,11.5373,4.95027,-0.145642
2022,SSA_00157,11.1181,30.343,29.1713,19.5654,11.5325,4.95104,-0.144632
2022,SSA_00158,10.3047,30.4049,29.2331,19.7048,11.5581,4.94591,-0.148434
2022,SSA_00159,9.84753,30.3546,29.2154,19.7889,11.5781,4.94194,-0.149506
2022,SSA_00161,11.6392,30.255,29.0869,19.4737,11.5176,4.95218,-0.139049
2022,SSA_00162,10.857,30.3715,29.198,19.6131,11.5406,4.94964,-0.146337
2022,SSA_00163,7.80927,28.6509,28.3389,19.9291,11.821,4.88068,-0.283912
2022,SSA_00164,10.6401,30.3808,29.2104,19.6555,11.5484,4.94812,-0.147376
2022,SSA_00166,10.1622,30.3522,29.2072,19.7564,11.5701,4.94376,-0.149025
2022,SSA_00167,6.24409,26.356,27.0776,19.7546,11.8103,4.92802,-0.37383
2022,SSA_00168,10.4385,30.3704,29.2105,19.7012,11.5576,4.94628,-0.148194
2022,SSA_00169,7.46434,28.2601,28.1422,19.83,11.8068,4.89036,-0.304124
2022,SSA_00170,10.6778,30.3963,29.2178,19.6405,11.5454,4.94861,-0.147125
2022,SSA_00171,8.45978,29.4772,28.7591,20.3372,12.1354,4.87972,-0.203862
2022,SSA_00172,9.40501,30.1768,29.1247,19.9538,11.635,4.93342,-0.150748
2022,SSA_00174,10.8445,30.3729,29.1992,19.6152,11.541,4.94957,-0.146399
2022,SSA_00175,10.3406,30.3843,29.2207,19.7105,11.5595,4.94578,-0.148351
2022,SSA_00176,9.32859,30.0926,29.0791,20.0276,11.6718,4.92911,-0.151702
2022,SSA_00177,8.2229,29.2106,28.6221,20.2163,11.9485,4.87164,-0.240952
2022,SSA_00180,11.0645,30.3682,29.1877,19.5688,11.5329,4.95089,-0.144845
2022,SSA_00181,7.72868,28.5308,28.2786,19.8911,11.8145,4.88363,-0.290488
2022,SSA_00182,10.3406,30.3843,29.2207,19.7105,11.5595,4.94578,-0.148351
2022,SSA_00183,9.72582,30.2592,29.1644,19.8669,11.6017,4.9383,-0.150044
2022,SSA_00184,9.44895,30.1386,29.1024,19.982,11.648,4.93194,-0.15125
2022,SSA_00185,10.7171,30.3907,29.2133,19.6348,11.5444,4.94884,-0.146971
2022,SSA_00188,9.08541,29.9684,29.0148,20.1426,11.7565,4.92081,-0.154294
2022,SSA_00189,7.41437,28.2218,28.1226,19.8233,11.8062,4.89131,-0.305984
2022,SSA_00190,9.95671,30.3458,29.2082,19.7849,11.5772,4.94228,-0.149469
2022,SSA_00191,9.08541,29.9684,29.0148,20.1426,11.7565,4.92081,-0.154294
2022,SSA_00193,10.5473,30.4019,29.2249,19.6641,11.5499,4.94768,-0.147635
2022,SSA_00194,9.03933,29.9727,29.018,20.1411,11.7554,4.92083,-0.154096
2022,SSA_00195,9.28219,30.1219,29.0964,20.0059,11.6599,4.93032,-0.15141
2022,SSA_00196,9.77553,30.3257,29.2007,19.8148,11.5853,4.94071,-0.149623
2022,SSA_00198,9.06439,29.9496,29.0047,20.1584,11.7721,4.9195,-0.154755
2022,SSA_00199,9.14683,30.0193,29.0418,20.0983,11.7189,4.9242,-0.153037
2022,SSA_00200,9.32859,30.0926,29.0791,20.0276,11.6718,4.92911,-0.151702
2022,SSA_00201,8.64336,29.6747,28.8621,20.3303,12.0935,4.89569,-0.174233
2022,SSA_00202,8.84933,29.7623,28.9059,20.2908,11.9804,4.9044,-0.164688
2022,SSA_00203,9.06439,29.9496,29.0047,20.1584,11.7721,4.9195,-0.154755
2022,SSA_00205,8.2229,29.2106,28.6221,20.2163,11.9485,4.87164,-0.240952
2022,SSA_00207,9.10163,30.0023,29.0333,20.1143,11.7317,4.92297,-0.153395
2022,SSA_00208,9.40501,30.1768,29.1247,19.9538,11.635,4.93342,-0.150748
2022,SSA_00210,10.6778,30.3963,29.2178,19.6405,11.5454,4.94861,-0.147125
2022,SSA_00211,7.09483,27.6503,27.8295,19.7731,11.8042,4.90413,-0.329359
2022,SSA_00212,7.34849,28.0179,28.0197,19.7995,11.8047,4.89603,-0.314486
2022,SSA_00213,7.50445,28.2673,28.1461,19.8319,11.8071,4.89015,-0.303651
2022,SSA_00215,9.40139,30.1673,29.1195,19.962,11.6386,4.93296,-0.150824
2022,SSA_00217,8.7032,29.6762,28.8618,20.3291,12.0891,4.89619,-0.173826
2022,SSA_00218,8.60227,29.5309,28.7852,20.3463,12.1577,4.88395,-0.194194
2022,SSA_00219,9.70691,30.2602,29.1653,19.8678,11.6019,4.93823,-0.150058
2022,SSA_00220,9.92589,30.3491,29.2106,19.7858,11.5774,4.94219,-0.149493
2022,SSA_00221,9.31521,30.1346,29.1028,19.9937,11.6537,4.93106,-0.151356
2022,SSA_00223,10.857,30.3715,29.198,19.6131,11.5406,4.94964,-0.146337
2022,SSA_00224,11.0713,30.3695,29.188,19.5668,11.5326,4.95094,-0.144771
2022,SSA_00226,9.06439,29.9496,29.0047,20.1584,11.7721,4.9195,-0.154755
2022,SSA_00228,7.78847,28.6308,28.3289,19.9217,11.8197,4.88117,-0.285086
2022,SSA_00230,11.0645,30.3682,29.1877,19.5688,11.5329,4.95089,-0.144845
2022,SSA_00231,8.64336,29.6747,28.8621,20.3303,12.0935,4.89569,-0.174233
2022,SSA_00232,9.00059,29.8924,28.9744,20.2042,11.8258,4.91529,-0.156832
2022,SSA_00233,9.80844,30.2991,29.1852,19.8308,11.5902,4.94007,-0.149686
2022,SSA_00234,10.7702,30.375,29.2029,19.6303,11.5437,4.94905,-0.146815
2022,SSA_00236,9.40501,30.1768,29.1247,19.9538,11.635,4.93342,-0.150748
2022,SSA_00237,10.3047,30.4049,29.2331,19.7048,11.5581,4.94591,-0.148434
2022,SSA_00242,10.8746,30.361,29.1915,19.6133,11.5407,4.94967,-0.146315
2022,SSA_00243,10.2458,30.3733,29.2169,19.7317,11.5642,4.94485,-0.148764
2022,SSA_00244,10.9657,30.3512,29.1825,19.5963,11.5378,4.95023,-0.145679
2022,SSA_00245,10.6778,30.3963,29.2178,19.6405,11.5454,4.94861,-0.147125
2022,SSA_00246,10.7901,30.3714,29.2003,19.6277,11.5432,4.94916,-0.146736
2022,SSA_00247,11.1725,30.346,29.1702,19.5522,11.5303,4.95131,-0.144134
2022,SSA_00248,7.41437,28.2218,28.1226,19.8233,11.8062,4.89131,-0.305984
2022,SSA_00249,11.3439,30.301,29.1355,19.528,11.5264,4.9518,-0.142723
2022,SSA_00250,10.6589,30.3892,29.2144,19.6477,11.5468,4.94837,-0.147231
2022,SSA_00252,11.2618,30.3056,29.1431,19.5448,11.5292,4.95153,-0.143711
2022,SSA_00253,9.84753,30.3546,29.2154,19.7889,11.5781,4.94194,-0.149506
2022,SSA_00255,6.50346,26.8665,27.3884,19.7551,11.8074,4.9195,-0.357698
2022,SSA_00256,9.08541,29.9684,29.0148,20.1426,11.7565,4.92081,-0.154294
2022,SSA_00257,6.14088,26.2331,26.9928,19.7546,11.8109,4.93011,-0.377933
2022,SSA_00258,7.34849,28.0179,28.0197,19.7995,11.8047,4.89603,-0.314486
2022,SSA_00259,7.27317,28.0079,28.0136,19.797,11.8044,4.89636,-0.315244
2022,SSA_00261,9.43895,30.1855,29.1289,19.9448,11.631,4.93395,-0.150658
2022,SSA_00263,10.2458,30.3733,29.2169,19.7317,11.5642,4.94485,-0.148764
2022,SSA_00264,8.60227,29.5309,28.7852,20.3463,12.1577,4.88395,-0.194194
2022,SSA_00265,8.77559,29.7844,28.9193,20.2811,11.9588,4.90576,-0.163338
2022,SSA_00266,11.0143,30.3881,29.2008,19.5727,11.5335,4.95076,-0.145059
2022,SSA_00267,6.14088,26.2331,26.9928,19.7546,11.8109,4.93011,-0.377933
2022,SSA_00268,9.37941,30.1057,29.0854,20.0135,11.664,4.93004,-0.151543
2022,SSA_00269,10.1902,30.3701,29.2165,19.7417,11.5665,4.94437,-0.14893
2022,SSA_00272,11.2166,30.3436,29.1665,19.5434,11.5288,4.95149,-0.143719
2022,SSA_00273,11.4228,30.2903,29.1242,19.5127,11.5239,4.952,-0.141907
2022,SSA_00274,11.275,30.3406,29.1615,19.5313,11.5268,4.9517,-0.14305
2022,SSA_00276,10.2354,30.379,29.2204,19.7298,11.5638,4.9449,-0.14877
2022,SSA_00277,8.45978,29.4772,28.7591,20.3372,12.1354,4.87972,-0.203862
2022,SSA_00278,10.6401,30.3808,29.2104,19.6555,11.5484,4.94812,-0.147376
2022,SSA_00280,11.0606,30.3511,29.1784,19.5755,11.5342,4.95078,-0.145036
2022,SSA_00281,10.7463,30.3698,29.2009,19.6379,11.5452,4.94881,-0.146954
2022,SSA_00282,7.34849,28.0179,28.0197,19.7995,11.8047,4.89603,-0.314486
2022,SSA_00283,10.893,30.3636,29.1923,19.6082,11.5398,4.94982,-0.146176
2022,SSA_00284,10.9084,30.382,29.2018,19.5977,11.5378,4.95007,-0.145816
2022,SSA_00285,11.1118,30.3574,29.1794,19.5621,11.5319,4.95108,-0.144465
2022,SSA_00287,11.0606,30.3511,29.1784,19.5755,11.5342,4.95078,-0.145036
2022,SSA_00288,6.14088,26.2331,26.9928,19.7546,11.8109,4.93011,-0.377933
2022,SSA_00289,9.41904,30.1865,29.1298,19.9451,11.6312,4.93391,-0.150664
2022,SSA_00290,10.3047,30.4049,29.2331,19.7048,11.5581,4.94591,-0.148434
2022,SSA_00291,9.06443,30.0432,29.0568,20.0817,11.7068,4.92519,-0.152605
2022,SSA_00292,11.3755,30.3144,29.1406,19.5167,11.5245,4.95193,-0.142152
2022,SSA_00293,10.178,30.3839,29.2244,19.735,11.5648,4.94461,-0.14884
2022,SSA_00294,11.0225,30.3607,29.1854,19.5806,11.535,4.95063,-0.145251
2022,SSA_00295,11.3681,30.3239,29.1464,19.5161,11.5243,4.95192,-0.142156
2022,SSA_00296,11.4973,30.2853,29.1158,19.4977,11.5215,4.95212,-0.14091
2022,SSA_00297,9.80844,30.2991,29.1852,19.8308,11.5902,4.94007,-0.149686
2022,SSA_00298,9.37941,30.1057,29.0854,20.0135,11.664,4.93004,-0.151543
2022,SSA_00300,8.31599,29.3119,28.6738,20.2736,12.014,4.87292,-0.228546
2022,SSA_00301,10.6879,30.369,29.2023,19.6507,11.5476,4.94834,-0.147249
2022,SSA_00302,5.33385,24.9787,26.0304,19.7581,11.8176,4.94874,-0.416033
2022,SSA_00303,10.1902,30.3701,29.2165,19.7417,11.5665,4.94437,-0.14893
2022,SSA_00305,11.4973,30.2853,29.1158,19.4977,11.5215,4.95212,-0.14091
2022,SSA_00306,10.6778,30.3963,29.2178,19.6405,11.5454,4.94861,-0.147125
2022,SSA_00307,10.9603,30.3613,29.1883,19.5939,11.5373,4.95027,-0.145642
2022,SSA_00308,9.27077,30.1515,29.1132,19.9817,11.6477,4.93167,-0.151088
2022,SSA_00309,10.7463,30.3698,29.2009,19.6379,11.5452,4.94881,-0.146954
2022,SSA_00310,10.785,30.3526,29.19,19.6364,11.545,4.94892,-0.146876
2022,SSA_00311,10.7005,30.3658,29.2002,19.6494,11.5473,4.9484,-0.147213
2022,SSA_00313,10.6778,30.3963,29.2178,19.6405,11.5454,4.94861,-0.147125
2022,SSA_00314,10.1141,30.3449,29.2041,19.7672,11.5729,4.94324,-0.149154
2022,SSA_00316,9.8595,30.3051,29.1874,19.822,11.5877,4.94054,-0.14964
2022,SSA_00317,10.4801,30.3849,29.2173,19.6854,11.5543,4.94689,-0.148041
2022,SSA_00318,10.6816,30.3914,29.215,19.6421,11.5458,4.94855,-0.147147
2022,SSA_00337,8.2229,29.2106,28.6221,20.2163,11.9485,4.87164,-0.240952
2022,SSA_00339,6.50346,26.8665,27.3884,19.7551,11.8074,4.9195,-0.357698
2022,SSA_00341,10.3902,30.3757,29.2146,19.7072,11.5589,4.94598,-0.148274
2022,SSA_00343,11.299,30.3063,29.1413,19.5364,11.5278,4.95168,-0.143214
2022,SSA_00346,11.1118,30.3574,29.1794,19.5621,11.5319,4.95108,-0.144465
2022,SSA_00353,11.0256,30.3828,29.1974,19.5722,11.5334,4.95079,-0.145019
2022,SSA_00354,,,,,,,
2022,SSA_00366,8.94275,29.8748,28.9658,20.2191,11.8463,4.91369,-0.157724
2022,SSA_00369,8.84933,29.7623,28.9059,20.2908,11.9804,4.9044,-0.164688
2022,SSA_00376,7.50445,28.2673,28.1461,19.8319,11.8071,4.89015,-0.303651
2022,SSA_00380,7.80927,28.6509,28.3389,19.9291,11.821,4.88068,-0.283912
2022,SSA_00386,7.80927,28.6509,28.3389,19.9291,11.821,4.88068,-0.283912
2022,SSA_00395,8.64336,29.6747,28.8621,20.3303,12.0935,4.89569,-0.174233
2022,SSA_00403,8.56548,29.5615,28.8024,20.3472,12.1584,4.88592,-0.189887
2023,SSA_00002,10.4072,30.3775,29.2152,19.7027,11.5579,4.94617,-0.148239
2023,SSA_00011,8.97569,29.8536,28.9535,20.2322,11.8661,4.91235,-0.158698
2023,SSA_00014,10.7171,30.3907,29.2133,19.6348,11.5444,4.94884,-0.146971
2023,SSA_00015,11.1081,30.3406,29.1704,19.5684,11.533,4.95097,-0.144733
2023,SSA_00016,10.5754,30.3578,29.1996,19.6801,11.5535,4.94724,-0.147848
2023,SSA_00017,10.1296,30.3775,29.222,19.7451,11.5673,4.94414,-0.148991
2023,SSA_00019,9.9618,30.3734,29.2235,19.7662,11.5722,4.94304,-0.149216
2023,SSA_00020,10.6936,30.3731,29.2044,19.6477,11.5469,4.94844,-0.147188
2023,SSA_00021,10.7658,30.3643,29.1972,19.6359,11.5448,4.9489,-0.146893
2023,SSA_00022,10.7051,30.387,29.2117,19.6391,11.5452,4.9487,-0.147065
2023,SSA_00023,11.1326,30.3731,29.1871,19.5523,11.5301,4.95125,-0.144244
2023,SSA_00025,10.893,30.3636,29.1923,19.6082,11.5398,4.94982,-0.146176
2023,SSA_00026,10.0681,30.3308,29.1973,19.782,11.5767,4.94258,-0.149389
2023,SSA_00027,11.1081,30.3406,29.1704,19.5684,11.533,4.95097,-0.144733
2023,SSA_00028,10.6018,30.3683,29.2047,19.6695,11.5512,4.94762,-0.14766
2023,SSA_00029,10.7303,30.3935,29.2145,19.631,11.5437,4.94896,-0.146881
2023,SSA_00030,10.8294,30.3484,29.1862,19.6284,11.5436,4.94921,-0.146698
2023,SSA_00031,11.1534,30.3385,29.167,19.5589,11.5314,4.95118,-0.144353
2023,SSA_00032,9.96935,30.3122,29.1891,19.8058,11.5831,4.94143,-0.14951
2023,SSA_00034,10.326,30.3945,29.2268,19.7072,11.5587,4.94587,-0.148448
2023,SSA_00035,10.3873,30.3629,29.2077,19.7147,11.5606,4.94573,-0.148364
2023,SSA_00036,10.6354,30.357,29.1973,19.6673,11.5509,4.94776,-0.14759
2023,SSA_00037,10.928,30.3547,29.186,19.6036,11.539,4.94998,-0.145942
2023,SSA_00039,10.7949,30.3798,29.2048,19.6231,11.5423,4.94928,-0.146637
2023,SSA_00040,9.59985,30.2702,29.1732,19.8682,11.6019,4.93804,-0.150095
2023,SSA_00042,10.7303,30.3935,29.2145,19.631,11.5437,4.94896,-0.146881
2023,SSA_00043,7.89627,28.7396,28.3833,19.9634,11.8284,4.87855,-0.278627
2023,SSA_00044,10.0241,30.3654,29.2177,19.7649,11.572,4.94319,-0.149165
2023,SSA_00045,11.1953,30.3595,29.1763,19.5429,11.5286,4.95147,-0.143759
2023,SSA_00046,10.7171,30.3907,29.2133,19.6348,11.5444,4.94884,-0.146971
2023,SSA_00047,9.96935,30.3122,29.1891,19.8058,11.5831,4.94143,-0.14951
2023,SSA_00048,10.1296,30.3775,29.222,19.7451,11.5673,4.94414,-0.148991
2023,SSA_00049,10.7051,30.387,29.2117,19.6391,11.5452,4.9487,-0.147065
2023,SSA_00051,11.0805,30.3639,29.1845,19.5668,11.5326,4.95095,-0.14475
2023,SSA_00052,10.1648,30.3595,29.2112,19.7514,11.5689,4.94396,-0.149003
2023,SSA_00053,10.7051,30.387,29.2117,19.6391,11.5452,4.9487,-0.147065
2023,SSA_00054,10.2557,30.3662,29.2127,19.7344,11.5649,4.94476,-0.148778
2023,SSA_00055,10.6778,30.3963,29.2178,19.6405,11.5454,4.94861,-0.147125
2023,SSA_00056,11.0606,30.3511,29.1784,19.5755,11.5342,4.95078,-0.145036
2023,SSA_00057,10.7171,30.3907,29.2133,19.6348,11.5444,4.94884,-0.146971
2023,SSA_00058,8.31599,29.3119,28.6738,20.2736,12.014,4.87292,-0.228546
2023,SSA_00059,11.2835,30.3261,29.1531,19.5339,11.5273,4.95168,-0.143165
2023,SSA_00060,9.38802,30.1425,29.1058,19.9829,11.6484,4.93179,-0.151113
2023,SSA_00061,10.1296,30.3775,29.222,19.7451,11.5673,4.94414,-0.148991
2023,SSA_00063,9.94543,30.3309,29.2,19.796,11.5803,4.9418,-0.14945
2023,SSA_00064,10.6936,30.3731,29.2044,19.6477,11.5469,4.94844,-0.147188
2023,SSA_00065,10.5825,30.4023,29.224,19.6571,11.5485,4.94796,-0.147465
2023,SSA_00066,9.22795,30.096,29.083,20.0303,11.6734,4.92878,-0.15175
2023,SSA_00069,10.3047,30.4049,29.2331,19.7048,11.5581,4.94591,-0.148434
2023,SSA_00071,11.4894,30.3012,29.1249,19.4947,11.5209,4.95212,-0.140803
2023,SSA_00072,10.7303,30.3935,29.2145,19.631,11.5437,4.94896,-0.146881
2023,SSA_00073,11.0433,30.3655,29.1872,19.5743,11.5339,4.95078,-0.145037
2023,SSA_00076,10.5187,30.3939,29.2212,19.6734,11.5518,4.94734,-0.147801
2023,SSA_00077,10.0793,30.355,29.2106,19.7653,11.5722,4.94327,-0.149154
2023,SSA_00078,9.83735,30.3342,29.2042,19.8038,11.5823,4.9413,-0.149557
2023,SSA_00081,10.3257,30.3765,29.2168,19.7174,11.5611,4.94551,-0.148441
2023,SSA_00082,10.8809,30.3673,29.1948,19.6095,11.54,4.94977,-0.146224
2023,SSA_00084,10.567,30.3764,29.2102,19.6728,11.5518,4.94745,-0.147747
2023,SSA_00085,9.5545,30.2575,29.167,19.8807,11.6062,4.93737,-0.150196
2023,SSA_00086,9.68451,30.2582,29.1646,19.8711,11.6031,4.93804,-0.150089
2023,SSA_00087,10.9329,30.3484,29.1823,19.6049,11.5393,4.94997,-0.145968
2023,SSA_00088,10.2671,30.3705,29.2149,19.7302,11.5639,4.94494,-0.148737
2023,SSA_00089,10.035,30.3736,29.222,19.7586,11.5704,4.94346,-0.149124
2023,SSA_00090,10.3664,30.3824,29.219,19.7073,11.5588,4.94594,-0.148293
2023,SSA_00092,8.95312,29.8496,28.9517,20.2358,11.872,4.91191,-0.158854
2023,SSA_00093,9.67443,30.3284,29.2044,19.8198,11.5867,4.94034,-0.1497
2023,SSA_00094,10.928,30.3547,29.186,19.6036,11.539,4.94998,-0.145942
2023,SSA_00095,7.92795,28.8827,28.456,20.025,11.8445,4.87536,-0.269698
2023,SSA_00098,11.4007,30.2812,29.121,19.5209,11.5253,4.95192,-0.142343
2023,SSA_00099,10.3679,30.3834,29.2195,19.7065,11.5586,4.94597,-0.148283
2023,SSA_00100,8.69847,29.6775,28.8625,20.3287,12.088,4.89627,-0.173708
2023,SSA_00101,10.8985,30.3526,29.186,19.6111,11.5404,4.94976,-0.146231
2023,SSA_00102,8.73856,29.7372,28.8945,20.3057,12.0189,4.90159,-0.167365
2023,SSA_00103,10.893,30.3636,29.1923,19.6082,11.5398,4.94982,-0.146176
2023,SSA_00104,10.8578,30.4028,29.2152,19.6004,11.5381,4.94993,-0.146193
2023,SSA_00106,10.5133,30.3847,29.2163,19.6792,11.553,4.94715,-0.147892
2023,SSA_00107,11.1472,30.3527,29.1751,19.5557,11.5308,4.95122,-0.144233
2023,SSA_00109,,,,,,,
2023,SSA_00111,10.1696,30.3744,29.2193,19.7418,11.5665,4.94433,-0.148947
2023,SSA_00112,9.94543,30.3309,29.2,19.796,11.5803,4.9418,-0.14945
2023,SSA_00114,10.1696,30.3744,29.2193,19.7418,11.5665,4.94433,-0.148947
2023,SSA_00115,10.7117,30.4028,29.2203,19.6307,11.5436,4.94894,-0.146901
2023,SSA_00116,10.0631,30.3511,29.2088,19.7698,11.5734,4.94307,-0.149214
2023,SSA_00117,10.2651,30.37,29.2146,19.7308,11.5641,4.94491,-0.148743
2023,SSA_00118,9.59985,30.2702,29.1732,19.8682,11.6019,4.93804,-0.150095
2023,SSA_00120,10.0631,30.3511,29.2088,19.7698,11.5734,4.94307,-0.149214
2023,SSA_00122,9.88481,30.333,29.2025,19.8004,11.5814,4.94152,-0.149511
2023,SSA_00124,10.7051,30.387,29.2117,19.6391,11.5452,4.9487,-0.147065
2023,SSA_00125,10.928,30.3547,29.186,19.6036,11.539,4.94998,-0.145942
2023,SSA_00127,,,,,,,
2023,SSA_00129,9.62748,30.2542,29.1636,19.8785,11.6055,4.9376,-0.150158
2023,SSA_00130,9.88481,30.333,29.2025,19.8004,11.5814,4.94152,-0.149511
2023,SSA_00131,10.1296,30.3775,29.222,19.7451,11.5673,4.94414,-0.148991
2023,SSA_00132,9.30812,30.0673,29.0653,20.0497,11.685,4.92772,-0.152064
2023,SSA_00133,10.755,30.3581,29.1941,19.6409,11.5458,4.94874,-0.146996
2023,SSA_00134,10.3614,30.3621,29.2078,19.7195,11.5617,4.94551,-0.148511
2023,SSA_00136,9.90895,30.3564,29.2151,19.7822,11.5764,4.9423,-0.149469
2023,SSA_00137,9.22795,30.096,29.083,20.0303,11.6734,4.92878,-0.15175
2023,SSA_00140,9.71217,30.2603,29.1653,19.8672,11.6018,4.93827,-0.150052
2023,SSA_00141,10.1296,30.3775,29.222,19.7451,11.5673,4.94414,-0.148991
2023,SSA_00142,8.31599,29.3119,28.6738,20.2736,12.014,4.87292,-0.228546
2023,SSA_00143,8.58442,29.502,28.7702,20.3431,12.1494,4.88188,-0.19897
2023,SSA_00144,9.06439,29.9496,29.0047,20.1584,11.7721,4.9195,-0.154755
2023,SSA_00145,10.4168,30.378,29.2153,19.7011,11.5575,4.94624,-0.148209
2023,SSA_00146,8.59235,29.6156,28.8311,20.3435,12.1414,4.89037,-0.182089
2023,SSA_00147,9.88481,30.333,29.2025,19.8004,11.5814,4.94152,-0.149511
2023,SSA_00148,10.3873,30.3629,29.2077,19.7147,11.5606,4.94573,-0.148364
2023,SSA_00149,9.88481,30.333,29.2025,19.8004,11.5814,4.94152,-0.149511
2023,SSA_00150,10.6881,30.4008,29.22,19.6365,11.5447,4.94874,-0.147041
2023,SSA_00152,9.19902,30.0403,29.0525,20.0782,11.7039,4.92563,-0.152636
2023,SSA_00153,10.3257,30.3765,29.2168,19.7174,11.5611,4.94551,-0.148441
2023,SSA_00155,11.4894,30.3012,29.1249,19.4947,11.5209,4.95212,-0.140803
2023,SSA_00157,11.4894,30.3012,29.1249,19.4947,11.5209,4.95212,-0.140803
2023,SSA_00158,10.0793,30.355,29.2106,19.7653,11.5722,4.94327,-0.149154
2023,SSA_00159,10.8989,30.374,29.1978,19.6029,11.5388,4.94995,-0.145971
2023,SSA_00161,10.3614,30.3621,29.2078,19.7195,11.5617,4.94551,-0.148511
2023,SSA_00162,10.8445,30.3729,29.1992,19.6152,11.541,4.94957,-0.146399
2023,SSA_00163,9.5545,30.2575,29.167,19.8807,11.6062,4.93737,-0.150196
2023,SSA_00164,10.8222,30.3577,29.1916,19.6262,11.5431,4.94925,-0.146663
2023,SSA_00166,10.2082,30.381,29.2221,19.7327,11.5644,4.94474,-0.148801
2023,SSA_00167,10.2037,30.3278,29.1926,19.7652,11.5725,4.94349,-0.149087
2023,SSA_00168,10.3257,30.3765,29.2168,19.7174,11.5611,4.94551,-0.148441
2023,SSA_00169,10.2856,30.387,29.2236,19.7178,11.561,4.94543,-0.148475
2023,SSA_00170,10.3257,30.3765,29.2168,19.7174,11.5611,4.94551,-0.148441
2023,SSA_00171,7.8294,28.651,28.3389,19.9299,11.8213,4.88066,-0.283808
2023,SSA_00172,10.2037,30.3278,29.1926,19.7652,11.5725,4.94349,-0.149087
2023,SSA_00174,11.3325,30.3302,29.1522,19.522,11.5253,4.95184,-0.142515
2023,SSA_00175,10.5601,30.4024,29.2247,19.6611,11.5493,4.9478,-0.147574
2023,SSA_00176,10.343,30.3911,29.2244,19.7063,11.5585,4.94593,-0.148424
2023,SSA_00177,10.4072,30.3775,29.2152,19.7027,11.5579,4.94617,-0.148239
2023,SSA_00181,10.0793,30.355,29.2106,19.7653,11.5722,4.94327,-0.149154
2023,SSA_00182,10.2154,30.3919,29.228,19.7251,11.5626,4.94501,-0.148604
2023,SSA_00183,8.59235,29.6156,28.8311,20.3435,12.1414,4.89037,-0.182089
2023,SSA_00184,10.9544,30.3657,29.1909,19.5936,11.5372,4.95026,-0.145646
2023,SSA_00185,10.7051,30.387,29.2117,19.6391,11.5452,4.9487,-0.147065
2023,SSA_00188,9.94543,30.3309,29.2,19.796,11.5803,4.9418,-0.14945
2023,SSA_00189,9.88481,30.333,29.2025,19.8004,11.5814,4.94152,-0.149511
2023,SSA_00190,9.5545,30.2575,29.167,19.8807,11.6062,4.93737,-0.150196
2023,SSA_00191,10.2557,30.3662,29.2127,19.7344,11.5649,4.94476,-0.148778
2023,SSA_00193,10.3722,30.3983,29.2276,19.6976,11.5566,4.94628,-0.148236
2023,SSA_00194,10.0541,30.3457,29.206,19.7742,11.5745,4.94288,-0.149262
2023,SSA_00196,10.6354,30.357,29.1973,19.6673,11.5509,4.94776,-0.14759
2023,SSA_00198,9.09969,30.0612,29.0661,20.0654,11.6952,4.92631,-0.152264
2023,SSA_00199,9.90895,30.3564,29.2151,19.7822,11.5764,4.9423,-0.149469
2023,SSA_00200,9.09969,30.0612,29.0661,20.0654,11.6952,4.92631,-0.152264
2023,SSA_00202,9.09969,30.0612,29.0661,20.0654,11.6952,4.92631,-0.152264
2023,SSA_00203,10.113,30.328,29.1948,19.778,11.5757,4.94282,-0.149326
2023,SSA_00205,10.4072,30.3775,29.2152,19.7027,11.5579,4.94617,-0.148239
2023,SSA_00207,10.7051,30.387,29.2117,19.6391,11.5452,4.9487,-0.147065
2023,SSA_00208,11.139,30.3678,29.1838,19.5527,11.5302,4.95125,-0.144237
2023,SSA_00210,11.1168,30.3492,29.1747,19.5637,11.5322,4.95106,-0.144506
2023,SSA_00211,7.51046,28.2772,28.1511,19.8338,11.8073,4.88991,-0.303156
2023,SSA_00212,10.035,30.3736,29.222,19.7586,11.5704,4.94346,-0.149124
2023,SSA_00213,10.4072,30.3775,29.2152,19.7027,11.5579,4.94617,-0.148239
2023,SSA_00215,9.22795,30.096,29.083,20.0303,11.6734,4.92878,-0.15175
2023,SSA_00217,10.8445,30.3729,29.1992,19.6152,11.541,4.94957,-0.146399
2023,SSA_00218,9.67195,30.2316,29.15,19.892,11.6104,4.93702,-0.150208
2023,SSA_00219,10.4988,30.3825,29.2155,19.6831,11.5538,4.94699,-0.147956
2023,SSA_00220,9.83735,30.3342,29.2042,19.8038,11.5823,4.9413,-0.149557
2023,SSA_00221,10.7345,30.4019,29.219,19.6265,11.5428,4.94909,-0.14679
2023,SSA_00223,9.38802,30.1425,29.1058,19.9829,11.6484,4.93179,-0.151113
2023,SSA_00224,9.80844,30.2991,29.1852,19.8308,11.5902,4.94007,-0.149686
2023,SSA_00225,9.71217,30.2603,29.1653,19.8672,11.6018,4.93827,-0.150052
2023,SSA_00226,9.71217,30.2603,29.1653,19.8672,11.6018,4.93827,-0.150052
2023,SSA_00228,10.4072,30.3775,29.2152,19.7027,11.5579,4.94617,-0.148239
2023,SSA_00230,10.4189,30.3655,29.2082,19.7073,11.559,4.94604,-0.148291
2023,SSA_00231,10.113,30.328,29.1948,19.778,11.5757,4.94282,-0.149326
2023,SSA_00232,8.7522,29.7546,28.9036,20.2972,11.9968,4.90312,-0.16583
2023,SSA_00233,9.32906,30.1404,29.1056,19.9884,11.651,4.93139,-0.151104
2023,SSA_00234,10.1296,30.3775,29.222,19.7451,11.5673,4.94414,-0.148991
2023,SSA_00236,9.67443,30.3284,29.2044,19.8198,11.5867,4.94034,-0.1497
2023,SSA_00237,10.178,30.3839,29.2244,19.735,11.5648,4.94461,-0.14884
2023,SSA_00242,10.6239,30.3474,29.1923,19.6746,11.5524,4.94751,-0.147714
2023,SSA_00243,8.76102,29.7579,28.9052,20.2955,11.9926,4.90342,-0.165551
2023,SSA_00244,9.67443,30.3284,29.2044,19.8198,11.5867,4.94034,-0.1497
2023,SSA_00245,9.67195,30.2316,29.15,19.892,11.6104,4.93702,-0.150208
2023,SSA_00246,10.3664,30.3824,29.219,19.7073,11.5588,4.94594,-0.148293
2023,SSA_00247,10.4306,30.3741,29.2126,19.7002,11.5574,4.9463,-0.148184
2023,SSA_00248,9.30812,30.0673,29.0653,20.0497,11.685,4.92772,-0.152064
2023,SSA_00249,11.1534,30.3385,29.167,19.5589,11.5314,4.95118,-0.144353
2023,SSA_00250,9.60776,30.2783,29.1776,19.8614,11.5997,4.93835,-0.150116
2023,SSA_00252,10.3873,30.3629,29.2077,19.7147,11.5606,4.94573,-0.148364
2023,SSA_00253,10.6471,30.3739,29.2063,19.6572,11.5488,4.94808,-0.147396
2023,SSA_00255,10.4072,30.3775,29.2152,19.7027,11.5579,4.94617,-0.148239
2023,SSA_00256,10.928,30.3547,29.186,19.6036,11.539,4.94998,-0.145942
2023,SSA_00257,7.8294,28.651,28.3389,19.9299,11.8213,4.88066,-0.283808
2023,SSA_00258,10.3257,30.3765,29.2168,19.7174,11.5611,4.94551,-0.148441
2023,SSA_00259,8.31599,29.3119,28.6738,20.2736,12.014,4.87292,-0.228546
2023,SSA_00261,9.77553,30.3257,29.2007,19.8148,11.5853,4.94071,-0.149623
2023,SSA_00263,10.2037,30.3278,29.1926,19.7652,11.5725,4.94349,-0.149087
2023,SSA_00264,10.3257,30.3765,29.2168,19.7174,11.5611,4.94551,-0.148441
2023,SSA_00265,10.3664,30.3824,29.219,19.7073,11.5588,4.94594,-0.148293
2023,SSA_00266,10.5187,30.3939,29.2212,19.6734,11.5518,4.94734,-0.147801
2023,SSA_00267,7.8294,28.651,28.3389,19.9299,11.8213,4.88066,-0.283808
2023,SSA_00268,10.2037,30.3278,29.1926,19.7652,11.5725,4.94349,-0.149087
2023,SSA_00269,9.35744,30.1529,29.1123,19.9765,11.6453,4.93209,-0.150985
2023,SSA_00272,10.5187,30.3939,29.2212,19.6734,11.5518,4.94734,-0.147801
2023,SSA_00273,10.8809,30.3673,29.1948,19.6095,11.54,4.94977,-0.146224
2023,SSA_00274,8.31599,29.3119,28.6738,20.2736,12.014,4.87292,-0.228546
2023,SSA_00276,10.5187,30.3939,29.2212,19.6734,11.5518,4.94734,-0.147801
2023,SSA_00277,10.1902,30.3701,29.2165,19.7417,11.5665,4.94437,-0.14893
2023,SSA_00278,10.9434,30.3429,29.1788,19.6047,11.5393,4.94999,-0.145944
2023,SSA_00280,10.6687,30.3696,29.2033,19.6548,11.5484,4.94819,-0.147346
2023,SSA_00281,10.7171,30.3907,29.2133,19.6348,11.5444,4.94884,-0.146971
2023,SSA_00282,10.3722,30.3983,29.2276,19.6976,11.5566,4.94628,-0.148236
2023,SSA_00283,8.31599,29.3119,28.6738,20.2736,12.014,4.87292,-0.228546
2023,SSA_00284,9.62748,30.2542,29.1636,19.8785,11.6055,4.9376,-0.150158
2023,SSA_00285,10.4237,30.3723,29.2118,19.7026,11.5579,4.94621,-0.148223
2023,SSA_00287,10.7702,30.375,29.2029,19.6303,11.5437,4.94905,-0.146815
2023,SSA_00288,9.94543,30.3309,29.2,19.796,11.5803,4.9418,-0.14945
2023,SSA_00289,10.3334,30.3811,29.2191,19.7136,11.5602,4.94567,-0.148388
2023,SSA_00290,9.86416,30.3325,29.2027,19.8026,11.582,4.94139,-0.149537
2023,SSA_00291,9.63965,30.2293,29.1494,19.8964,11.612,4.93674,-0.150249
2023,SSA_00292,10.7658,30.3643,29.1972,19.6359,11.5448,4.9489,-0.146893
2023,SSA_00293,11.2897,30.3322,29.1558,19.5303,11.5267,4.95173,-0.142997
2023,SSA_00294,10.3664,30.3824,29.219,19.7073,11.5588,4.94594,-0.148293
2023,SSA_00295,11.0606,30.3511,29.1784,19.5755,11.5342,4.95078,-0.145036
2023,SSA_00296,10.7051,30.387,29.2117,19.6391,11.5452,4.9487,-0.147065
2023,SSA_00297,9.68451,30.2582,29.1646,19.8711,11.6031,4.93804,-0.150089
2023,SSA_00298,10.527,30.3881,29.2178,19.6748,11.5521,4.94732,-0.147816
2023,SSA_00300,10.928,30.3547,29.186,19.6036,11.539,4.94998,-0.145942
2023,SSA_00301,9.30812,30.0673,29.0653,20.0497,11.685,4.92772,-0.152064
2023,SSA_00302,11.2835,30.3261,29.1531,19.5339,11.5273,4.95168,-0.143165
2023,SSA_00303,9.83735,30.3342,29.2042,19.8038,11.5823,4.9413,-0.149557
2023,SSA_00305,10.1296,30.3775,29.222,19.7451,11.5673,4.94414,-0.148991
2023,SSA_00306,10.2154,30.3919,29.228,19.7251,11.5626,4.94501,-0.148604
2023,SSA_00307,11.0982,30.3459,29.1738,19.5688,11.5331,4.95095,-0.144767
2023,SSA_00308,10.893,30.3636,29.1923,19.6082,11.5398,4.94982,-0.146176
2023,SSA_00309,9.35744,30.1529,29.1123,19.9765,11.6453,4.93209,-0.150985
2023,SSA_00311,9.68451,30.2582,29.1646,19.8711,11.6031,4.93804,-0.150089
2023,SSA_00313,10.7171,30.3907,29.2133,19.6348,11.5444,4.94884,-0.146971
2023,SSA_00314,10.1902,30.3701,29.2165,19.7417,11.5665,4.94437,-0.14893
2023,SSA_00315,10.113,30.328,29.1948,19.778,11.5757,4.94282,-0.149326
2023,SSA_00316,10.3257,30.3765,29.2168,19.7174,11.5611,4.94551,-0.148441
2023,SSA_00317,11.0111,30.3646,29.188,19.5818,11.5351,4.95059,-0.145355
2023,SSA_00318,10.3257,30.3765,29.2168,19.7174,11.5611,4.94551,-0.148441
2023,SSA_00337,8.73856,29.7372,28.8945,20.3057,12.0189,4.90159,-0.167365
2023,SSA_00338,10.0793,30.355,29.2106,19.7653,11.5722,4.94327,-0.149154
2023,SSA_00339,7.51046,28.2772,28.1511,19.8338,11.8073,4.88991,-0.303156
2023,SSA_00341,10.5754,30.3578,29.1996,19.6801,11.5535,4.94724,-0.147848
2023,SSA_00343,7.89627,28.7396,28.3833,19.9634,11.8284,4.87855,-0.278627
2023,SSA_00344,9.88481,30.333,29.2025,19.8004,11.5814,4.94152,-0.149511
2023,SSA_00346,10.5754,30.3578,29.1996,19.6801,11.5535,4.94724,-0.147848
2023,SSA_00353,11.0606,30.3511,29.1784,19.5755,11.5342,4.95078,-0.145036
2023,SSA_00354,8.17882,29.1411,28.5866,20.1745,11.9151,4.87169,-0.248262
2023,SSA_00366,8.99451,29.8737,28.9642,20.2177,11.8442,4.91392,-0.157633
2023,SSA_00369,9.30812,30.0673,29.0653,20.0497,11.685,4.92772,-0.152064
2023,SSA_00376,9.40139,30.1673,29.1195,19.962,11.6386,4.93296,-0.150824
2023,SSA_00380,9.82531,30.2707,29.1689,19.8493,11.5961,4.93926,-0.149892
2023,SSA_00386,9.71217,30.2603,29.1653,19.8672,11.6018,4.93827,-0.150052
2023,SSA_00395,10.4072,30.3775,29.2152,19.7027,11.5579,4.94617,-0.148239
2023,SSA_00403,10.0793,30.355,29.2106,19.7653,11.5722,4.94327,-0.149154
