"Plot","Date","minTemperature","maxTemperature","meanTemperature","Year","Accession","CO2_400","CO2_600","CO2_800","CO2_1000","CO2_1250","CO2_300","CO2_250","CO2_200","CO2_100","CO2_75","CO2_25"
1037,2021-08-31,12.9,16.7,14.8,2021,"SSA_00001",26.9126,32.5881,32.8298,32.2026,32.1997,20.1085,18.7009,16.0815,8.46827,6.63059,2.01063
1037,2021-08-31,12.9,16.7,14.8,2021,"SSA_00001",24.0254,28.9403,29.0919,28.9852,29.0811,16.8986,15.5271,13.7439,7.39945,6.09082,2.33877
1037,2021-08-31,12.9,16.7,14.8,2021,"SSA_00001",21.6064,27.4273,28.743,28.8143,28.7325,13.1789,12.1339,10.8592,5.84018,4.76677,1.81728
2161,2021-08-26,14.1,17.5,15.8,2021,"SSA_00001",34.1345,42.2975,43.7881,44.0497,44.3248,26.7677,23.606,19.962,10.4856,8.35719,2.85194
2161,2021-08-26,14.1,17.5,15.8,2021,"SSA_00001",35.5138,43.3456,44.5188,45.1524,45.3886,25.0672,22.1851,18.8574,9.75824,7.90522,2.59206
2161,2021-08-26,14.1,17.5,15.8,2021,"SSA_00001",23.3674,27.6715,28.2895,27.9059,27.7572,17.2919,16.0045,14.0394,7.63742,6.19062,2.46449
1064,2021-09-14,14.7,17.2,15.95,2021,"SSA_00002",28.7664,30.7215,30.6765,30.4802,30.4731,19.6487,17.5693,14.9909,7.90456,6.18858,4.91976
1064,2021-09-14,14.7,17.2,15.95,2021,"SSA_00002",19.7847,24.9586,26.4071,26.6732,27.1403,14.6752,13.3287,11.7182,6.21122,5.21453,1.74219
2226,2021-09-10,17.2,22.4,19.8,2021,"SSA_00002",24.2937,26.6199,27.0469,26.6808,26.7435,19.8348,17.717,15.2119,8.16925,6.52695,2.35971
2226,2021-09-10,17.2,22.4,19.8,2021,"SSA_00002",23.7762,26.5886,26.467,26.4074,26.2189,15.2586,14.1515,12.3136,6.75236,5.5474,1.8988
1180,2021-09-14,14.7,17.2,15.95,2021,"SSA_00003",32.5551,37.5655,38.9531,39.0902,39.0151,24.3257,20.8762,17.2726,8.75355,6.86629,2.28035
1180,2021-09-14,14.7,17.2,15.95,2021,"SSA_00003",26.0274,29.6369,30.842,31.0326,30.613,18.8187,16.241,13.424,6.82787,5.37974,1.85609
1180,2021-09-14,14.7,17.2,15.95,2021,"SSA_00003",40.1293,51.2542,53.9064,54.5939,54.7437,31.392,27.2007,22.4658,11.7424,9.3503,3.11326
2095,2021-09-14,14.7,17.2,15.95,2021,"SSA_00003",27.3274,32.582,32.3708,32.0139,33.0642,19.6248,16.9673,13.6526,7.52563,6.09853,2.27948
2095,2021-09-14,14.7,17.2,15.95,2021,"SSA_00003",24.8188,30.3166,32.6364,33.3837,33.8694,16.973,14.5817,12.0788,6.1703,4.92649,1.53933
2095,2021-09-14,14.7,17.2,15.95,2021,"SSA_00003",29.9119,34.954,36.3354,36.8166,37.2098,20.0583,17.4479,14.4626,7.32489,5.77964,1.79486
1007,2021-09-14,14.7,17.2,15.95,2021,"SSA_00004",32.3696,44.2076,48.0319,47.5009,46.1131,23.8235,20.2755,16.7495,8.50228,6.76941,2.23733
1007,2021-09-14,14.7,17.2,15.95,2021,"SSA_00004",36.41,46.6498,49.5359,50.1705,50.318,26.4279,23.0655,19.3441,10.1933,8.26286,3.15315
1007,2021-09-14,14.7,17.2,15.95,2021,"SSA_00004",40.9506,50.1257,50.5807,49.3952,48.835,31.271,27.3795,22.9473,12.0268,9.43341,3.26576
2063,2021-09-14,14.7,17.2,15.95,2021,"SSA_00004",42.5154,48.2257,48.2152,48.0659,47.2246,31.295,27.4077,22.932,11.8764,9.28498,3.19957
2063,2021-09-14,14.7,17.2,15.95,2021,"SSA_00004",40.6767,49.6243,50.8528,50.5383,50.6186,30.3069,26.6019,22.3621,11.6113,9.10927,3.15617
2063,2021-09-14,14.7,17.2,15.95,2021,"SSA_00004",37.4283,46.6492,46.8363,46.7694,46.6687,27.3475,23.8178,19.7883,10.4095,8.35399,3.84932
1307,2021-08-18,15.3,20.1,17.7,2021,"SSA_00005",18.658,25.4736,27.886,26.6247,23.9104,12.3774,11.0932,9.47373,4.98553,4.29434,1.51068
1307,2021-08-18,15.3,20.1,17.7,2021,"SSA_00005",24.3811,33.1974,37.0533,37.5769,36.3132,13.1489,11.8743,10.2258,5.34775,4.42521,1.55667
2222,2021-08-18,15.3,20.1,17.7,2021,"SSA_00005",41.376,48.7644,50.3895,50.4431,50.1356,30.4221,26.4906,21.9063,11.4179,9.01034,3.1659
2222,2021-08-18,15.3,20.1,17.7,2021,"SSA_00005",35.1661,42.6009,43.1575,42.8563,42.3908,23.0929,20.7119,17.3003,8.76812,7.04488,2.354
2222,2021-08-18,15.3,20.1,17.7,2021,"SSA_00005",32.3965,43.3013,47.3119,47.8841,47.6284,20.8628,18.4462,15.4092,7.6547,6.25526,1.93235
1165,2021-09-06,13.4,29.5,21.45,2021,"SSA_00006",5.37436,7.13484,7.94748,8.48096,8.8519,3.42044,3.18224,2.71762,1.26735,1.03901,0.097
1165,2021-09-06,13.4,29.5,21.45,2021,"SSA_00006",9.47826,12.0891,12.8902,13.1203,13.6374,6.13346,5.71989,5.10108,2.61503,2.30172,0.756228
1165,2021-09-06,13.4,29.5,21.45,2021,"SSA_00006",6.61674,8.59569,9.38769,10.0568,10.4435,4.06717,3.67165,3.16482,1.55545,1.39021,0.319785
2122,2021-08-26,14.1,17.5,15.8,2021,"SSA_00006",4.5489,6.63039,7.77863,8.03151,9.27261,4.21629,3.92067,3.3828,1.6557,1.66248,0.49488
2122,2021-08-26,14.1,17.5,15.8,2021,"SSA_00006",6.96264,10.2029,12.1303,12.9764,13.2151,5.60431,5.11614,4.46918,2.11469,1.89935,0.26882
1143,2021-09-13,11.7,20.8,16.25,2021,"SSA_00007",25.8902,29.7906,29.4296,29.3476,29.3218,19.161,16.466,13.5514,6.81046,5.22085,1.65063
1143,2021-09-13,11.7,20.8,16.25,2021,"SSA_00007",26.3097,29.1826,29.0277,29.1264,28.81,19.5508,17.1977,14.0166,7.15545,5.03314,1.80525
1143,2021-09-13,11.7,20.8,16.25,2021,"SSA_00007",25.0188,29.9352,30.2169,29.4688,29.2847,18.6207,16.241,13.4412,6.89631,5.46841,1.73697
2172,2021-09-10,17.2,22.4,19.8,2021,"SSA_00007",24.2051,28.7564,29.4522,29.2589,29.1644,17.0529,14.7365,12.1206,6.17839,4.79966,1.5942
2172,2021-09-10,17.2,22.4,19.8,2021,"SSA_00007",20.7006,26.4676,28.3437,29.3035,29.5397,16.4273,14.5548,11.8782,6.02111,4.72497,1.46825
2172,2021-09-10,17.2,22.4,19.8,2021,"SSA_00007",25.031,30.3854,31.5983,31.9813,32.7676,19.1913,16.5192,13.4974,6.78437,5.20643,1.80072
1010,2021-09-02,13.7,19.1,16.4,2021,"SSA_00008",24.1933,29.6543,30.9238,31.4486,31.9774,19.0001,16.3585,13.5725,7.12298,5.73758,2.20968
1010,2021-09-02,13.7,19.1,16.4,2021,"SSA_00008",25.0277,28.0677,28.4566,27.8675,27.6263,12.5266,11.7934,10.3154,5.66366,4.64482,1.54457
2227,2021-09-02,13.7,19.1,16.4,2021,"SSA_00008",31.5948,39.8471,41.531,41.9485,41.2787,19.1037,17.2814,14.9323,7.85831,6.42582,2.18024
1161,2021-08-23,14.3,20.6,17.45,2021,"SSA_00010",27.5121,34.7455,36.898,37.8283,38.2612,15.996,14.95,12.7672,6.67087,5.42971,1.93044
1161,2021-08-23,14.3,20.6,17.45,2021,"SSA_00010",33.371,40.4096,42.1716,43.0244,43.404,19.9147,17.9892,15.8217,8.38436,6.76832,2.34581
1161,2021-08-23,14.3,20.6,17.45,2021,"SSA_00010",25.977,33.3825,36.4277,37.8918,38.7582,15.2716,13.7562,11.8735,6.38334,5.37438,2.01409
2052,2021-09-08,13.9,28.6,21.25,2021,"SSA_00010",23.0125,28.4412,29.672,30.0002,30.3598,16.5877,14.7995,12.557,6.65286,5.43966,1.93465
2052,2021-09-08,13.9,28.6,21.25,2021,"SSA_00010",18.0993,22.5819,23.7227,23.8781,24.1142,13.2483,11.5502,9.83007,5.10646,4.15062,1.3319
2052,2021-09-08,13.9,28.6,21.25,2021,"SSA_00010",31.2524,36.1584,37.5488,37.7541,37.893,23.2618,20.5923,17.2741,9.14115,7.32035,2.58928
2065,2021-08-19,13.8,22.3,18.05,2021,"SSA_00013",38.9747,47.1239,48.0713,48.0153,48.3277,25.0039,22.5151,19.0979,10.3277,8.31528,3.33241
2065,2021-08-19,13.8,22.3,18.05,2021,"SSA_00013",33.4656,38.8406,39.3428,38.8308,38.0856,21.9818,19.917,17.0533,9.13326,7.53162,2.92166
2065,2021-08-19,13.8,22.3,18.05,2021,"SSA_00013",32.1734,46.6242,51.3697,51.9928,52.467,23.3277,20.8793,17.8861,9.56348,7.89885,2.8125
1036,2021-08-31,12.9,16.7,14.8,2021,"SSA_00016",32.8476,44.3948,49.1711,49.305,49.0329,23.4734,21.4765,17.7688,9.31715,7.60983,2.53055
1036,2021-08-31,12.9,16.7,14.8,2021,"SSA_00016",19.5183,23.525,24.4512,24.7541,24.5943,14.265,12.5042,10.2741,5.17575,4.0525,1.0925
2048,2021-08-18,15.3,20.1,17.7,2021,"SSA_00016",33.5459,41.4164,43.4467,44.7036,45.0952,22.2492,19.3995,16.1182,8.57034,6.90154,2.64878
2016,2021-08-26,14.1,17.5,15.8,2021,"SSA_00018",20.9255,26.9414,29.5827,30.2845,30.1576,13.0465,11.4541,9.69614,5.04995,4.11943,1.40828
2016,2021-08-26,14.1,17.5,15.8,2021,"SSA_00018",22.182,25.6919,26.5936,26.4033,26.4001,13.8613,12.2518,10.2925,5.35176,4.25527,1.3
2016,2021-08-26,14.1,17.5,15.8,2021,"SSA_00018",29.7374,36.0934,37.2436,38.2383,38.1549,19.5082,16.9592,14.0306,7.25525,5.57523,1.8731
1250,2021-08-20,16.3,23.4,19.85,2021,"SSA_00024",14.4761,21.3693,27.5075,31.083,33.2496,11.3364,9.80632,8.22329,4.06307,3.14878,0.954981
1250,2021-08-20,16.3,23.4,19.85,2021,"SSA_00024",20.6463,29.891,36.2305,38.9301,39.8859,15.6294,13.2414,10.8429,5.39068,4.25504,1.28402
2319,2021-08-20,16.3,23.4,19.85,2021,"SSA_00024",25.0215,35.2565,40.9304,42.9912,44.3719,16.2747,14.3832,12.1406,6.46551,5.13621,2.05914
2319,2021-08-20,16.3,23.4,19.85,2021,"SSA_00024",23.0581,32.3274,38.5939,41.5749,42.7093,17.7317,15.488,12.7492,6.34083,5.03028,1.70492
2319,2021-08-20,16.3,23.4,19.85,2021,"SSA_00024",33.4244,42.1652,45.1886,46.1808,45.9486,19.6746,17.2743,14.6103,7.57519,6.00717,2.1279
1272,2021-08-18,15.3,20.1,17.7,2021,"SSA_00031",10.6823,15.6054,18.4075,19.4831,20.0809,7.60773,6.89336,6.14787,3.29775,3.06798,1.25178
1272,2021-08-18,15.3,20.1,17.7,2021,"SSA_00031",16.5306,22.886,25.4443,24.9395,23.9209,10.5378,9.73539,8.63001,4.64422,3.93599,1.25834
2087,2021-08-19,13.8,22.3,18.05,2021,"SSA_00031",17.3472,24.9024,29.0919,29.8682,28.1457,9.15431,8.20229,7.17553,3.66004,3.12927,0.952974
2087,2021-08-19,13.8,22.3,18.05,2021,"SSA_00031",26.6673,35.1288,36.9269,34.8564,34.1311,16.1369,14.7248,12.8141,6.71586,5.47294,1.89118
1149,2021-09-06,13.4,29.5,21.45,2021,"SSA_00033",25.1341,29.3087,30.3814,30.3314,30.4405,18.7168,16.3037,13.7341,7.13915,5.65617,1.89104
1149,2021-09-06,13.4,29.5,21.45,2021,"SSA_00033",15.8322,19.8613,21.017,21.0623,20.7535,11.3974,10.1439,8.46075,4.36089,3.53744,1.08819
2118,2021-09-07,15.5,30.4,22.95,2021,"SSA_00033",18.4379,23.4426,25.0648,24.6527,24.7468,13.198,12.0909,10.7366,5.80573,5.21242,1.77269
2118,2021-09-07,15.5,30.4,22.95,2021,"SSA_00033",25.819,30.6482,30.6179,30.1612,30.0844,17.1926,16.6065,14.7787,8.24988,6.97624,2.73985
2118,2021-09-07,15.5,30.4,22.95,2021,"SSA_00033",22.5214,29.8242,31.8969,30.9566,29.7655,16.5734,14.7182,12.9696,7.00064,6.06195,2.35993
1163,2021-08-25,13.9,18.4,16.15,2021,"SSA_00038",14.9435,18.8887,19.5304,19.5192,19.5541,10.5664,9.98494,9.00049,4.78289,4.19528,1.41369
1163,2021-08-25,13.9,18.4,16.15,2021,"SSA_00038",10.1156,13.2476,14.3162,14.5624,14.4123,7.41058,7.04779,6.5728,3.61786,3.23275,1.22702
2059,2021-09-02,13.7,19.1,16.4,2021,"SSA_00038",17.3111,21.5393,22.7338,22.3871,23.0051,12.4297,11.8548,10.305,5.32301,4.53753,1.49524
2059,2021-09-02,13.7,19.1,16.4,2021,"SSA_00038",18.7707,21.7071,21.7985,21.619,21.5865,14.9611,13.14,11.5282,6.25801,5.40685,1.60173
2059,2021-09-02,13.7,19.1,16.4,2021,"SSA_00038",20.6556,23.903,24.003,23.922,23.9329,15.619,13.6817,12.1318,6.68463,5.71395,2.0582
1034,2021-09-08,13.9,28.6,21.25,2021,"SSA_00041",16.303,22.8936,25.2504,26.9985,27.4457,11.2078,9.88087,8.16225,4.40535,3.46923,1.24602
1034,2021-09-08,13.9,28.6,21.25,2021,"SSA_00041",25.5502,31.4684,33.3319,33.5915,33.293,17.4003,15.2593,12.6664,6.47931,5.164,1.67442
2148,2021-08-24,11,23,17,2021,"SSA_00041",22.8299,30.2648,32.5674,33.1852,32.1535,13.7818,12.6679,11.0045,5.91316,5.00889,1.87726
2148,2021-08-24,11,23,17,2021,"SSA_00041",18.0988,25.1427,28.7614,29.729,30.2874,9.71286,8.65483,7.11585,3.78461,2.97249,1.11884
2148,2021-08-24,11,23,17,2021,"SSA_00041",16.1667,23.3906,27.8638,30.2537,30.8302,12.2963,11.0345,9.48831,4.91624,4.08586,1.37864
1209,2021-08-23,14.3,20.6,17.45,2021,"SSA_00050",24.3645,33.1398,36.6374,37.2452,37.3467,15.5308,14.1324,12.0847,6.20123,4.90119,1.53714
1209,2021-08-23,14.3,20.6,17.45,2021,"SSA_00050",17.589,24.7963,28.8001,29.7576,30.3931,11.3111,10.0397,8.21042,4.189,3.31603,0.970946
1209,2021-08-23,14.3,20.6,17.45,2021,"SSA_00050",23.1182,29.657,32.3286,33.4539,33.6291,11.0203,10.0115,8.59962,4.36195,3.57497,1.19036
1059,2021-08-19,13.8,22.3,18.05,2021,"SSA_00055",19.7028,28.0499,30.4189,29.1535,29.5489,14.8084,13.2697,11.3129,5.92678,4.83077,1.68376
1059,2021-08-19,13.8,22.3,18.05,2021,"SSA_00055",16.1217,23.1958,26.9328,27.7988,29.0668,10.3976,9.21455,8.09681,4.37322,3.93623,1.55082
1059,2021-08-19,13.8,22.3,18.05,2021,"SSA_00055",17.2505,24.5729,28.322,28.1073,27.8634,10.3139,9.91028,8.82097,4.59501,3.97916,1.25445
2090,2021-08-19,13.8,22.3,18.05,2021,"SSA_00055",26.0279,31.4014,31.0509,31.1232,30.612,15.3857,14.0489,11.9279,6.09108,4.91489,1.56899
2090,2021-08-19,13.8,22.3,18.05,2021,"SSA_00055",25.8284,35.5958,38.8691,36.1573,36.3462,17.3951,16.4159,14.1389,7.5299,6.23772,2.10658
2090,2021-08-19,13.8,22.3,18.05,2021,"SSA_00055",33.3365,39.2504,40.6846,41.4436,40.5731,20.5586,18.8178,16.2243,8.58765,7.11544,2.51396
2206,2021-08-19,13.8,22.3,18.05,2021,"SSA_00062",38.8568,45.4938,45.4599,45.3155,45.686,26.0492,23.7501,20.475,11.12,9.19513,3.71365
2206,2021-08-19,13.8,22.3,18.05,2021,"SSA_00062",38.4165,43.7786,43.5181,42.6174,42.7822,24.3561,22.106,18.7868,9.88503,7.91696,2.65396
2206,2021-08-19,13.8,22.3,18.05,2021,"SSA_00062",30.6275,43.2432,48.2333,50.8091,51.5785,25.2278,22.5824,19.7813,10.7347,8.62998,3.20155
1244,2021-08-31,12.9,16.7,14.8,2021,"SSA_00067",29.0854,32.1712,32.289,32.2261,32.455,22.2808,19.6874,16.6548,8.78421,7.01631,2.69267
1244,2021-08-31,12.9,16.7,14.8,2021,"SSA_00067",23.6569,28.6414,28.7287,28.8445,28.9425,17.693,16.201,13.6937,6.96431,5.3863,1.56554
1244,2021-08-31,12.9,16.7,14.8,2021,"SSA_00067",21.4121,25.4268,26.6486,27.1988,27.4636,15.4798,14.0216,12.2665,6.3409,5.26196,1.70958
2282,2021-08-20,16.3,23.4,19.85,2021,"SSA_00067",25.7453,28.7471,28.4249,27.8265,27.5307,17.8993,16.9393,14.8372,8.05802,6.49271,2.23363
2282,2021-08-20,16.3,23.4,19.85,2021,"SSA_00067",31.2278,35.8753,35.5852,35.2936,35.2573,21.3896,19.3202,16.2649,8.36519,6.73113,2.23696
2282,2021-08-20,16.3,23.4,19.85,2021,"SSA_00067",21.4921,26.1067,26.5817,25.7998,25.0301,15.8162,14.4795,12.2913,6.44979,5.20535,1.74125
1170,2021-08-23,14.3,20.6,17.45,2021,"SSA_00068",17.4366,25.0866,29.2727,30.5356,31.1478,11.1353,10.0477,8.75718,4.66913,3.85337,1.44476
1170,2021-08-23,14.3,20.6,17.45,2021,"SSA_00068",24.5885,31.5285,33.6162,32.8942,33.0116,16.4294,14.4359,11.9732,6.12161,4.98296,1.59765
2235,2021-08-18,15.3,20.1,17.7,2021,"SSA_00068",29.2966,34.6355,35.6045,34.7523,34.7587,17.9324,16.8422,14.553,7.73915,6.32855,2.1387
2235,2021-08-18,15.3,20.1,17.7,2021,"SSA_00068",25.6078,33.9541,36.2204,35.3302,35.4319,16.9004,15.0553,12.8549,6.62803,5.50742,1.7644
2235,2021-08-18,15.3,20.1,17.7,2021,"SSA_00068",26.4209,36.2029,39.3779,39.8612,40.0216,17.4316,15.3566,13.0734,6.90902,5.78375,2.1559
1249,2021-08-20,16.3,23.4,19.85,2021,"SSA_00070",47.0661,52.6868,53.4896,53.7494,54.2021,31.8079,28.2048,23.6764,12.2634,9.53939,3.25053
1249,2021-08-20,16.3,23.4,19.85,2021,"SSA_00070",23.0816,30.7751,31.6606,29.5763,29.021,15.7987,14.3139,12.2363,6.68569,5.49123,2.19303
2238,2021-08-18,15.3,20.1,17.7,2021,"SSA_00070",35.0863,39.8936,40.0562,39.3519,39.4688,23.6484,21.453,18.6354,9.91244,8.12305,2.83753
2238,2021-08-18,15.3,20.1,17.7,2021,"SSA_00070",32.9505,43.1782,45.716,44.2415,42.5661,21.1951,19.0894,16.4188,8.86736,7.20831,2.4823
2238,2021-08-18,15.3,20.1,17.7,2021,"SSA_00070",17.6937,24.2548,25.2487,24.3667,23.8787,12.4651,11.3136,10.1164,5.4215,4.58497,1.71609
1181,2021-08-19,13.8,22.3,18.05,2021,"SSA_00075",31.5158,39.8795,42.3858,42.7713,43.123,19.4516,17.4346,14.8457,7.78443,6.33165,2.09344
1181,2021-08-19,13.8,22.3,18.05,2021,"SSA_00075",33.7105,41.1292,41.0423,40.1926,40.0076,22.1944,19.668,16.5385,8.62254,6.74048,2.38891
1181,2021-08-19,13.8,22.3,18.05,2021,"SSA_00075",29.7851,38.1814,38.9624,37.7883,37.4152,18.1405,16.7569,14.6337,7.98503,6.46227,2.57466
2177,2021-08-19,13.8,22.3,18.05,2021,"SSA_00075",25.8883,34.899,37.4983,37.393,36.8564,15.8486,14.3577,12.1745,6.43109,5.26276,2.03113
2177,2021-08-19,13.8,22.3,18.05,2021,"SSA_00075",24.5103,35.9067,41.4653,43.8577,45.1535,19.8084,18.0996,15.7391,8.36256,7.0691,2.37592
2177,2021-08-19,13.8,22.3,18.05,2021,"SSA_00075",34.4016,43.4454,45.4439,46.6922,46.9189,23.6417,21.5595,18.3662,9.504,7.5244,2.49056
1031,2021-09-01,13.3,17.9,15.6,2021,"SSA_00078",21.4998,26.6413,26.668,25.6123,26.651,15.7537,13.9664,12.1718,6.45922,5.3334,1.51281
1031,2021-09-01,13.3,17.9,15.6,2021,"SSA_00078",27.3657,33.564,34.7686,34.6082,35.3687,18.7195,16.9693,14.5936,7.7533,6.23769,1.97084
2051,2021-09-02,13.7,19.1,16.4,2021,"SSA_00078",15.8296,20.2534,21.2072,21.4386,21.716,11.6374,10.4558,8.99812,4.49776,3.59463,0.756221
2051,2021-09-02,13.7,19.1,16.4,2021,"SSA_00078",18.3099,20.6032,21.0241,21.2914,21.1687,14.0707,12.5794,11.0148,5.93843,4.85408,1.4155
1294,2021-08-20,16.3,23.4,19.85,2021,"SSA_00079",38.6686,47.9885,49.8334,50.8355,51.0874,23.0475,20.2807,17.2229,9.08873,7.30143,2.5209
1294,2021-08-20,16.3,23.4,19.85,2021,"SSA_00079",24.9887,32.9903,35.9175,36.7051,36.6765,15.1359,13.3867,11.3755,5.64296,4.55454,1.52936
1294,2021-08-20,16.3,23.4,19.85,2021,"SSA_00079",23.4531,29.4823,31.0814,31.8068,32.0722,13.9799,12.181,10.228,5.41596,4.2851,1.61438
2042,2021-08-19,13.8,22.3,18.05,2021,"SSA_00079",39.8977,51.187,53.9761,55.0824,55.2386,28.4102,24.7207,20.7669,10.8273,8.71569,3.07214
2042,2021-08-19,13.8,22.3,18.05,2021,"SSA_00079",32.5626,42.4322,45.1603,45.8066,45.8061,17.7881,15.9114,13.4739,7.00396,5.45184,1.76502
2234,2021-08-25,13.9,18.4,16.15,2021,"SSA_00080",30.1325,34.4723,35.1643,34.8688,35.0768,21.3393,19.8005,17.1875,9.17121,7.31883,2.61211
2234,2021-08-25,13.9,18.4,16.15,2021,"SSA_00080",32.085,39.509,41.9194,42.1331,42.3998,22.8338,21.1137,18.3867,9.51917,7.67877,2.66968
2234,2021-08-25,13.9,18.4,16.15,2021,"SSA_00080",34.1053,39.3011,40.3072,40.5616,40.8562,24.7067,22.5856,19.901,10.7727,8.85008,3.11837
1092,2021-08-24,11,23,17,2021,"SSA_00083",27.9527,38.1879,42.5535,43.5615,44.2493,16.2812,14.7016,12.8738,6.64953,5.27459,1.84115
1092,2021-08-24,11,23,17,2021,"SSA_00083",16.3784,24.2046,27.0273,25.3945,24.8721,11.3456,10.0856,8.76546,4.60073,4.0226,1.52067
2203,2021-08-25,13.9,18.4,16.15,2021,"SSA_00083",26.3698,36.5852,41.8698,43.2701,43.9309,15.7505,14.0528,12.2471,6.30003,5.16718,1.67654
2203,2021-08-25,13.9,18.4,16.15,2021,"SSA_00083",23.8334,32.2798,35.8722,37.4083,38.0931,15.193,13.7486,11.8385,6.04747,4.98257,1.61928
2203,2021-08-25,13.9,18.4,16.15,2021,"SSA_00083",15.7626,22.6688,26.456,28.0022,28.717,10.2892,9.02124,7.70595,3.94694,3.25645,0.92495
1086,2021-08-26,14.1,17.5,15.8,2021,"SSA_00091",29.8477,40.1935,43.631,43.981,44.2059,16.8917,15.399,13.1233,6.68293,5.37284,1.62063
1086,2021-08-26,14.1,17.5,15.8,2021,"SSA_00091",27.4097,33.9893,35.296,34.9206,34.6836,19.3568,17.6548,15.2768,8.1676,6.59828,2.51763
1086,2021-08-26,14.1,17.5,15.8,2021,"SSA_00091",32.8811,40.8641,41.4045,40.4807,40.0715,22.5115,20.7564,17.5097,9.10554,7.08317,2.23234
2113,2021-08-25,13.9,18.4,16.15,2021,"SSA_00091",31.1951,40.932,43.4919,43.5559,43.6803,19.3357,17.0931,14.2922,7.34772,5.86941,1.9657
2113,2021-08-25,13.9,18.4,16.15,2021,"SSA_00091",23.8133,29.135,29.7491,29.4585,28.9654,17.4913,15.327,12.8628,6.52258,5.0342,1.62453
2113,2021-08-25,13.9,18.4,16.15,2021,"SSA_00091",23.3933,27.9932,28.9023,28.7956,28.8121,13.516,12.4009,10.6035,5.67753,4.60211,1.80239
1240,2021-09-01,13.3,17.9,15.6,2021,"SSA_00096",31.4996,39.0649,40.4913,40.1828,39.9375,20.2465,17.9108,15.1628,7.84126,6.31939,2.20551
1240,2021-09-01,13.3,17.9,15.6,2021,"SSA_00096",31.0815,37.0026,37.8121,37.464,35.9632,22.0974,19.1783,15.9104,8.34106,6.61477,2.28469
1240,2021-09-01,13.3,17.9,15.6,2021,"SSA_00096",22.3064,28.4097,29.4083,28.8263,27.5088,18.8155,16.5219,13.7673,7.19816,5.69296,2.21436
2062,2021-08-26,14.1,17.5,15.8,2021,"SSA_00096",28.1891,37.7567,40.7043,40.5419,39.0362,18.8541,16.3553,13.5038,6.96513,5.56726,1.81734
2062,2021-08-26,14.1,17.5,15.8,2021,"SSA_00096",25.5649,32.9091,34.4277,33.4252,32.7761,16.83,15.0342,12.975,6.99517,5.69789,2.20048
2062,2021-08-26,14.1,17.5,15.8,2021,"SSA_00096",33.1837,42.1722,43.8041,43.4645,42.5201,19.6777,17.5604,14.9874,7.87013,6.28638,2.19347
1087,2021-09-07,15.5,30.4,22.95,2021,"SSA_00097",28.8464,35.374,36.714,36.4601,36.2495,22.0915,19.2914,16.4449,8.57746,7.03056,2.39809
1087,2021-09-07,15.5,30.4,22.95,2021,"SSA_00097",33.0503,39.0074,39.7687,39.8607,39.5992,23.0136,19.8632,16.6448,8.55365,6.74963,2.32454
1087,2021-09-07,15.5,30.4,22.95,2021,"SSA_00097",35.8148,38.8979,39.3053,39.5052,39.4651,30.287,26.725,22.3777,11.659,9.26186,3.08348
2083,2021-09-14,14.7,17.2,15.95,2021,"SSA_00097",18.2617,19.9457,20.2833,20.0565,20.0777,14.4058,13.3886,11.6442,6.34641,5.15076,1.77423
2083,2021-09-14,14.7,17.2,15.95,2021,"SSA_00097",33.5678,38.0927,38.246,37.6494,37.7033,25.0263,22.151,18.6932,9.77597,7.88998,2.57713
2083,2021-09-14,14.7,17.2,15.95,2021,"SSA_00097",23.597,27.0657,27.0411,27.1216,27.2076,17.1833,15.1879,12.8107,7.19417,5.46672,2.06818
1188,2021-08-24,11,23,17,2021,"SSA_00105",16.136,23.1484,27.577,29.8063,31.0699,11.958,10.3062,8.5931,4.41634,3.71369,1.12003
1188,2021-08-24,11,23,17,2021,"SSA_00105",21.278,30.9902,36.9047,40.2244,41.1866,17.2047,14.8905,12.6718,6.48983,5.16225,1.75922
1188,2021-08-24,11,23,17,2021,"SSA_00105",21.768,29.1023,33.5857,35.1297,36.0595,12.9506,11.0325,8.80904,4.41245,3.49541,1.13791
2303,2021-09-01,13.3,17.9,15.6,2021,"SSA_00111",29.2912,35.5095,36.9496,37.5733,37.8967,21.5367,19.155,16.4519,8.79722,7.19325,2.7918
2303,2021-09-01,13.3,17.9,15.6,2021,"SSA_00111",22.5949,31.9527,37.3387,40.4807,42.0547,17.7927,15.9727,13.6442,7.0381,5.56928,1.675
2303,2021-09-01,13.3,17.9,15.6,2021,"SSA_00111",32.0542,41.4287,45.0366,45.4393,45.6139,22.6944,19.6804,16.4872,8.43387,6.70482,2.23427
1151,2021-09-13,11.7,20.8,16.25,2021,"SSA_00113",17.7085,21.3267,21.6938,21.7643,21.603,14.0436,12.4107,10.5836,5.47435,4.54668,1.60493
1151,2021-09-13,11.7,20.8,16.25,2021,"SSA_00113",15.4649,20.5318,22.3459,23.0014,23.6278,10.7312,9.33958,7.86472,3.92269,3.29607,1.0351
2287,2021-09-10,17.2,22.4,19.8,2021,"SSA_00113",18.4901,22.5869,23.3669,24.13,23.9782,13.2822,11.6438,9.84342,5.03055,4.20892,1.3035
2287,2021-09-10,17.2,22.4,19.8,2021,"SSA_00113",7.29743,10.6734,12.694,13.8099,14.6197,4.96584,4.34356,3.80169,1.78473,1.63479,0.383997
2287,2021-09-10,17.2,22.4,19.8,2021,"SSA_00113",14.8817,20.9367,23.7111,24.8726,25.2959,10.4805,9.19701,7.8343,4.04777,3.33221,1.08717
1048,2021-08-26,14.1,17.5,15.8,2021,"SSA_00114",21.2025,28.568,30.624,30.0709,30.0323,17.0532,14.6556,12.5269,6.56433,5.55945,2.19049
1048,2021-08-26,14.1,17.5,15.8,2021,"SSA_00114",29.5891,38.3478,39.6677,36.7251,36.6967,17.1213,15.6415,13.7153,7.45465,6.23348,2.38134
1048,2021-08-26,14.1,17.5,15.8,2021,"SSA_00114",16.5538,24.5032,27.5807,26.6552,26.9236,10.0783,9.5906,8.58303,4.57265,3.86384,1.35414
1126,2021-09-06,13.4,29.5,21.45,2021,"SSA_00119",21.8719,29.9392,34.058,34.4531,34.076,15.7827,13.919,11.8656,6.24053,5.33068,2.01144
1126,2021-09-06,13.4,29.5,21.45,2021,"SSA_00119",24.2466,33.3497,36.1261,35.1582,36.1047,17.2526,14.9565,12.4473,6.32436,5.10651,1.71053
1126,2021-09-06,13.4,29.5,21.45,2021,"SSA_00119",20.3067,29.3382,32.0833,31.3745,31.7697,14.2595,12.1509,10.1883,5.14346,4.08407,1.27619
2129,2021-08-25,13.9,18.4,16.15,2021,"SSA_00119",23.9352,32.3911,35.7375,36.7841,37.5689,19.7569,16.9978,14.2605,7.54404,6.20484,2.37053
2129,2021-08-25,13.9,18.4,16.15,2021,"SSA_00119",26.7281,34.4565,36.3721,36.5448,36.7909,18.2493,16.0327,13.6627,7.27789,5.9247,2.22564
2129,2021-08-25,13.9,18.4,16.15,2021,"SSA_00119",26.8308,36.214,39.6376,39.5044,38.8924,19.8511,17.3821,14.4823,7.2642,5.87659,1.86894
1114,2021-09-10,17.2,22.4,19.8,2021,"SSA_00126",18.6284,25.9996,28.4569,28.791,28.13,14.1476,12.3487,10.129,5.053,4.05999,1.25088
1114,2021-09-10,17.2,22.4,19.8,2021,"SSA_00126",20.8112,23.2386,23.3537,23.0675,22.9484,17.5582,15.6937,13.249,7.01383,5.77643,2.25376
1114,2021-09-10,17.2,22.4,19.8,2021,"SSA_00126",33.2346,38.2467,37.876,37.2699,36.9415,25.0929,21.9732,18.1621,9.42088,7.5044,2.93648
2228,2021-09-06,13.4,29.5,21.45,2021,"SSA_00126",25.7036,32.4792,33.0209,32.348,32.15,19.3477,17.3658,14.469,7.36354,5.72616,1.93743
2228,2021-09-06,13.4,29.5,21.45,2021,"SSA_00126",25.7795,30.159,30.4413,29.5384,29.6971,17.7925,16.2241,13.9908,7.40096,6.06943,2.32444
2228,2021-09-06,13.4,29.5,21.45,2021,"SSA_00126",25.4161,33.5654,35.6208,34.5657,35.6522,19.6498,17.4642,14.5795,7.70462,6.15639,2.38536
1135,2021-09-07,15.5,30.4,22.95,2021,"SSA_00135",30.0561,34.707,35.3325,35.1146,35.0029,21.5465,18.6976,15.6883,8.07829,6.28959,2.13957
1135,2021-09-07,15.5,30.4,22.95,2021,"SSA_00135",31.9743,36.6531,36.8804,36.6156,36.2898,20.8027,18.4608,15.5737,8.21775,6.60438,2.60775
1135,2021-09-07,15.5,30.4,22.95,2021,"SSA_00135",24.1408,33.3125,36.2989,36.357,35.7691,17.6049,15.4472,13.0046,6.71386,5.50741,1.87609
2313,2021-09-02,13.7,19.1,16.4,2021,"SSA_00135",30.164,36.6349,38.031,38.0637,37.9091,19.0036,16.3454,13.3549,6.87436,5.37335,1.7384
2313,2021-09-02,13.7,19.1,16.4,2021,"SSA_00135",30.5228,36.7555,38.1026,38.4533,38.2745,20.5169,17.8326,14.8347,7.73176,6.03603,1.92987
2313,2021-09-02,13.7,19.1,16.4,2021,"SSA_00135",32.2004,41.7491,44.4544,44.617,43.8915,16.4635,14.3498,12.0408,6.2302,5.06728,1.61202
1133,2021-09-09,16.2,25.8,21,2021,"SSA_00138",28.4246,37.9184,41.5901,42.9731,43.8585,19.5624,17.2531,14.6749,7.70331,6.22283,2.04462
1133,2021-09-09,16.2,25.8,21,2021,"SSA_00138",27.9201,33.2534,34.5963,34.9254,36.2067,21.8409,19.206,16.5964,9.00256,7.18232,2.69082
2254,2021-09-13,11.7,20.8,16.25,2021,"SSA_00138",29.6036,36.4029,37.9711,37.529,37.7586,22.1392,19.5359,16.3394,8.52099,6.77533,2.32915
2254,2021-09-13,11.7,20.8,16.25,2021,"SSA_00138",26.6119,33.5294,35.1257,35.3022,35.6135,21.7686,19.1144,16.0668,8.48327,6.71048,2.55641
2254,2021-09-13,11.7,20.8,16.25,2021,"SSA_00138",18.899,24.5282,26.4693,27.2089,26.9043,14.0935,12.4287,10.6946,5.53514,4.56027,1.47317
1085,2021-09-06,13.4,29.5,21.45,2021,"SSA_00139",34.8857,40.3463,41.2644,40.8792,40.556,23.149,21.0835,17.747,9.33935,7.32738,2.48218
1085,2021-09-06,13.4,29.5,21.45,2021,"SSA_00139",22.3444,27.0198,28.0429,27.9136,27.3576,17.704,16.0968,13.7802,7.466,6.11579,2.4293
2057,2021-09-13,11.7,20.8,16.25,2021,"SSA_00139",29.549,36.0011,37.067,36.4572,35.8701,21.1754,18.6723,15.8704,8.41426,7.54472,1.96134
2057,2021-09-13,11.7,20.8,16.25,2021,"SSA_00139",30.6972,36.3918,36.9153,36.4295,35.8076,22.8429,20.014,16.8181,8.76667,6.94775,3.28918
1001,2021-09-01,13.3,17.9,15.6,2021,"SSA_00151",20.6272,27.4947,30.5953,32.2989,32.7778,13.2229,12.0101,10.3855,5.5697,4.79113,1.85172
1001,2021-09-01,13.3,17.9,15.6,2021,"SSA_00151",29.9421,33.4935,34.2982,34.3972,34.2928,17.2802,15.6749,13.5868,7.34595,6.36043,2.22402
1001,2021-09-01,13.3,17.9,15.6,2021,"SSA_00151",28.6908,36.8219,40.1903,41.2126,41.9152,15.0937,13.112,11.1199,5.92101,4.94337,1.75985
2246,2021-09-07,15.5,30.4,22.95,2021,"SSA_00151",34.0511,39.2044,40.2964,39.979,39.3106,24.8038,21.3766,17.8073,9.59344,7.90186,3.13025
1228,2021-09-06,13.4,29.5,21.45,2021,"SSA_00156",23.3175,30.7477,33.634,33.9586,33.8461,16.1797,14.032,11.751,5.78866,4.5514,1.48789
1228,2021-09-06,13.4,29.5,21.45,2021,"SSA_00156",24.0206,32.9977,37.7906,40.0811,41.1386,16.9048,14.2468,11.7801,6.0924,4.84028,1.64743
2171,2021-08-31,12.9,16.7,14.8,2021,"SSA_00156",30.0761,39.0008,42.4133,43.7236,44.143,21.8643,18.5233,15.1332,7.73106,6.13094,2.08276
2171,2021-08-31,12.9,16.7,14.8,2021,"SSA_00156",15.1506,20.035,22.4623,23.2374,23.9125,10.5069,9.21502,7.74779,3.82179,3.22688,0.970159
2171,2021-08-31,12.9,16.7,14.8,2021,"SSA_00156",15.3804,21.2907,25.0154,27.2843,28.3459,13.3718,11.5203,9.44161,4.65378,3.78554,1.16646
1061,2021-09-09,16.2,25.8,21,2021,"SSA_00173",13.8399,20.214,24.0958,26.4463,27.503,9.39157,8.03993,6.47646,3.16377,2.49609,0.667232
1061,2021-09-09,16.2,25.8,21,2021,"SSA_00173",31.9631,41.2075,44.1228,44.601,44.0726,24.1092,20.9646,17.4526,8.75329,6.83842,2.28555
1061,2021-09-09,16.2,25.8,21,2021,"SSA_00173",26.0066,33.6683,36.3207,37.2264,37.5322,20.2851,17.9172,15.0303,7.65384,5.91637,1.96285
2108,2021-09-09,16.2,25.8,21,2021,"SSA_00173",24.7772,33.2668,35.7197,35.9004,36.1346,16.1547,13.7159,10.9382,5.40854,4.17758,1.25104
2108,2021-09-09,16.2,25.8,21,2021,"SSA_00173",27.5699,35.128,37.1362,37.3774,37.2809,20.2715,17.5772,14.4284,7.17979,5.58501,1.76783
2108,2021-09-09,16.2,25.8,21,2021,"SSA_00173",29.5116,35.884,36.6074,36.5414,36.7198,20.6369,18.0823,14.8232,7.32615,5.65435,1.75463
1105,2021-09-09,16.2,25.8,21,2021,"SSA_00178",24.9013,30.6715,31.283,31.5485,31.337,14.8055,13.1329,11.0413,5.75241,4.76762,1.47748
1105,2021-09-09,16.2,25.8,21,2021,"SSA_00178",29.8478,38.1229,39.3595,39.0681,39.0604,19.1966,17.3702,14.7665,7.60677,6.21615,2.05296
1105,2021-09-09,16.2,25.8,21,2021,"SSA_00178",26.892,32.5163,32.5152,31.8313,31.6974,18.945,16.7057,14.0918,7.50935,6.13416,2.18005
2296,2021-09-10,17.2,22.4,19.8,2021,"SSA_00178",28.0367,34.7745,36.2711,36.4068,35.8578,14.0583,13.026,11.4208,6.18258,5.10308,2.01911
2296,2021-09-10,17.2,22.4,19.8,2021,"SSA_00178",26.8229,35.2967,38.5786,37.9652,36.8839,18.3132,16.0766,13.7631,7.43838,5.96063,2.32199
1231,2021-09-01,13.3,17.9,15.6,2021,"SSA_00179",18.3265,23.439,25.0243,25.614,25.8482,11.0635,9.80546,8.23366,4.14085,3.42377,1.06032
1231,2021-09-01,13.3,17.9,15.6,2021,"SSA_00179",27.8027,33.1849,33.8725,33.5542,33.0156,20.795,18.1706,15.2895,7.84969,6.33955,2.21986
1231,2021-09-01,13.3,17.9,15.6,2021,"SSA_00179",23.4357,30.7003,33.8328,34.8712,35.4949,17.4478,15.4837,13.1705,6.88703,5.6188,1.87685
2054,2021-09-07,15.5,30.4,22.95,2021,"SSA_00179",5.582,7.74893,8.31235,8.28118,8.37174,4.06087,3.57267,2.98862,1.25201,1.07115,0.0324
2054,2021-09-07,15.5,30.4,22.95,2021,"SSA_00179",7.98747,11.4431,12.9273,13.063,12.535,6.14065,5.48794,4.6884,2.40122,2.02767,0.468267
1113,2021-09-01,13.3,17.9,15.6,2021,"SSA_00187",29.6825,33.2822,33.2123,33.418,32.9902,20.3877,18.4897,16.1887,8.84474,7.37766,2.68752
1113,2021-09-01,13.3,17.9,15.6,2021,"SSA_00187",28.2331,31.1407,31.1986,30.3721,30.5101,19.4268,18.5287,16.2838,8.73405,7.0233,2.23593
1113,2021-09-01,13.3,17.9,15.6,2021,"SSA_00187",25.2557,27.3734,27.4868,27.3659,27.2194,17.3312,16.2962,14.9882,8.55915,7.39123,2.7164
2297,2021-08-25,13.9,18.4,16.15,2021,"SSA_00187",41.0668,45.6397,45.3458,44.8167,44.739,32.5286,28.9921,24.6255,12.8349,10.1195,3.34872
2297,2021-08-25,13.9,18.4,16.15,2021,"SSA_00187",34.6306,41.7606,42.809,42.7089,42.8031,24.1545,22.6049,19.9011,10.8098,9.17583,3.09071
2297,2021-08-25,13.9,18.4,16.15,2021,"SSA_00187",23.7289,29.5572,29.958,28.2847,26.9592,16.0405,14.4372,12.6405,6.70256,5.72108,1.76949
1195,2021-09-08,13.9,28.6,21.25,2021,"SSA_00197",29.0279,36.9748,39.3858,39.1911,38.7522,24.0371,21.1105,17.7742,9.27982,7.38908,2.46342
1195,2021-09-08,13.9,28.6,21.25,2021,"SSA_00197",19.694,22.2967,22.4045,22.1853,21.8966,14.9563,13.4812,11.7024,6.28828,5.28407,1.81754
1195,2021-09-08,13.9,28.6,21.25,2021,"SSA_00197",8.56153,10.131,10.1221,10.3181,10.3086,7.25213,6.49708,6.11531,3.54292,3.31727,1.23341
2262,2021-09-01,13.3,17.9,15.6,2021,"SSA_00197",28.4082,35.2223,37.6617,37.5687,37.585,21.1016,18.3664,15.4858,8.07946,6.35372,2.11909
2262,2021-09-01,13.3,17.9,15.6,2021,"SSA_00197",12.0489,17.5339,21.16,23.1704,24.5077,7.32279,6.48909,5.84271,2.84909,2.53516,0.746465
1175,2021-09-14,14.7,17.2,15.95,2021,"SSA_00204",31.6368,40.5713,41.197,40.2438,39.7376,23.5395,20.6346,16.7226,8.62149,6.8389,5.10807
1175,2021-09-14,14.7,17.2,15.95,2021,"SSA_00204",28.6964,36.975,37.6306,38.2504,38.3104,21.6,18.8787,16.0544,8.2211,6.64004,2.21915
1175,2021-09-14,14.7,17.2,15.95,2021,"SSA_00204",29.3997,37.7226,38.4399,37.8323,37.5074,20.4319,17.8729,15.5015,8.40398,7.02031,2.49485
2128,2021-09-14,14.7,17.2,15.95,2021,"SSA_00204",25.1034,33.8229,35.8435,34.7961,33.8634,19.3435,16.7666,14.1592,7.39637,6.21412,2.02466
2128,2021-09-14,14.7,17.2,15.95,2021,"SSA_00204",21.5789,28.2559,29.3733,28.8776,28.1038,15.6159,13.7093,11.5345,5.91646,4.83829,1.54213
2128,2021-09-14,14.7,17.2,15.95,2021,"SSA_00204",26.3686,33.7477,34.633,33.3491,32.8756,18.8257,16.8289,13.9632,7.38506,5.95754,2.11622
1237,2021-09-09,16.2,25.8,21,2021,"SSA_00209",27.5299,34.5221,36.1326,35.6498,34.6832,20.775,18.4643,15.6501,8.14798,6.47604,2.27181
1237,2021-09-09,16.2,25.8,21,2021,"SSA_00209",29.9945,36.4176,38.032,37.9011,38.1126,21.7572,19.1243,15.9983,8.24419,6.50781,2.28321
1237,2021-09-09,16.2,25.8,21,2021,"SSA_00209",22.6521,26.9054,27.5581,27.6529,28.1134,16.6721,14.8833,12.5526,6.63527,5.33132,1.98009
2124,2021-09-09,16.2,25.8,21,2021,"SSA_00209",14.9389,21.6085,26.069,27.8494,28.8879,9.14975,7.90232,6.56294,3.19421,2.65978,0.644231
2124,2021-09-09,16.2,25.8,21,2021,"SSA_00209",26.5685,31.5729,32.4445,32.5037,32.4354,19.8512,17.4444,14.7165,7.66418,6.20069,2.37954
1119,2021-09-13,11.7,20.8,16.25,2021,"SSA_00227",25.7936,33.5014,34.7687,34.0499,33.9558,21.5661,18.8724,15.9045,8.4829,7.23946,2.4866
1119,2021-09-13,11.7,20.8,16.25,2021,"SSA_00227",23.1658,28.1452,28.5352,27.8428,27.0886,17.3277,15.3235,12.8959,6.64627,5.51668,1.78996
1119,2021-09-13,11.7,20.8,16.25,2021,"SSA_00227",15.8924,18.3163,18.1866,17.362,17.1317,12.0468,11.1855,9.72698,5.43608,4.63892,3.14294
2069,2021-09-13,11.7,20.8,16.25,2021,"SSA_00227",27.1344,33.8886,35.2101,35.1397,35.7385,20.5594,18.082,15.1553,8.16663,6.64009,2.27863
2069,2021-09-13,11.7,20.8,16.25,2021,"SSA_00227",26.7538,32.4673,33.328,33.1824,33.0639,19.365,16.7788,14.1245,7.40294,6.06569,2.30857
2069,2021-09-13,11.7,20.8,16.25,2021,"SSA_00227",16.7977,22.9394,24.6363,24.052,24.2868,14.2334,12.1985,10.3403,5.42758,4.45481,1.46528
1130,2021-09-10,17.2,22.4,19.8,2021,"SSA_00235",32.5992,40.2831,41.2202,41.0549,40.5676,24.7394,21.1009,17.1096,8.62583,6.67452,2.17999
1130,2021-09-10,17.2,22.4,19.8,2021,"SSA_00235",22.4953,28.8511,31.1497,31.4451,31.3342,14.9824,12.9746,10.5133,5.13873,4.08719,1.3354
1130,2021-09-10,17.2,22.4,19.8,2021,"SSA_00235",33.3046,39.0411,39.6579,39.6153,39.9386,25.0905,21.7604,17.9334,9.25182,7.25644,2.77931
2174,2021-09-07,15.5,30.4,22.95,2021,"SSA_00235",29.5741,33.5752,33.8799,33.6713,33.5279,21.7057,19.0222,15.5507,7.92879,6.23862,2.1132
2174,2021-09-07,15.5,30.4,22.95,2021,"SSA_00235",35.9675,39.7284,39.9282,39.7612,39.0277,29.3156,25.9133,21.4335,11.1202,8.57427,2.88544
1096,2021-09-10,17.2,22.4,19.8,2021,"SSA_00238",27.1893,31.8757,33.3214,33.665,33.9514,19.5424,17.2112,14.7526,7.78422,6.24756,2.16295
1096,2021-09-10,17.2,22.4,19.8,2021,"SSA_00238",31.9747,36.7212,37.9003,38.241,38.5092,25.6504,22.38,18.4488,9.59687,7.48655,2.60553
2198,2021-09-07,15.5,30.4,22.95,2021,"SSA_00238",11.7945,14.7122,15.7184,16.0838,16.4111,8.96798,7.8784,6.71685,3.42032,2.722,0.759228
2198,2021-09-07,15.5,30.4,22.95,2021,"SSA_00238",29.6858,34.5784,35.5397,36.2616,36.1989,21.4685,18.883,16.6528,8.97602,7.58041,3.06276
1177,2021-08-20,16.3,23.4,19.85,2021,"SSA_00239",36.7495,47.0465,49.7697,49.8058,47.7687,22.6308,20.7079,18.1103,9.67349,7.97572,2.80793
1177,2021-08-20,16.3,23.4,19.85,2021,"SSA_00239",29.1183,35.8722,37.2825,35.7825,35.6277,20.2325,18.2575,15.7382,8.50188,7.25062,2.88871
1177,2021-08-20,16.3,23.4,19.85,2021,"SSA_00239",39.167,47.2588,48.4283,48.9871,48.2492,21.3892,19.9944,17.3218,9.25565,7.6067,2.67144
1013,2021-09-06,13.4,29.5,21.45,2021,"SSA_00240",21.2673,29.6415,34.7216,36.4243,37.0734,14.5859,12.5724,10.2977,5.23389,4.2168,1.36846
1013,2021-09-06,13.4,29.5,21.45,2021,"SSA_00240",18.3424,24.1524,26.7073,26.7011,26.8324,12.2801,10.6132,8.85241,4.47233,3.72761,1.2911
1013,2021-09-06,13.4,29.5,21.45,2021,"SSA_00240",20.6025,28.0635,31.7655,32.9716,33.4513,14.9312,12.9605,10.7149,5.34008,4.30267,1.3068
2067,2021-09-08,13.9,28.6,21.25,2021,"SSA_00240",24.9279,32.6155,34.8589,35.4237,35.8359,17.0461,15.105,12.6529,6.37366,5.09752,1.70551
2067,2021-09-08,13.9,28.6,21.25,2021,"SSA_00240",24.7385,31.646,33.9967,34.1179,34.0981,17.6879,15.2065,12.5853,6.468,5.22642,1.93086
2067,2021-09-08,13.9,28.6,21.25,2021,"SSA_00240",19.8229,27.4791,30.7863,31.4367,31.5522,13.7961,11.7112,9.43684,4.59198,3.5965,1.13706
1070,2021-08-31,12.9,16.7,14.8,2021,"SSA_00246",24.5281,26.2589,26.1937,26.1235,26.0631,18.2459,16.8718,15.0134,8.17676,6.76616,2.34906
1070,2021-08-31,12.9,16.7,14.8,2021,"SSA_00246",41.4982,47.0952,46.6083,46.8121,46.6581,30.5188,27.1605,22.8805,12.0359,9.70687,3.42198
1070,2021-08-31,12.9,16.7,14.8,2021,"SSA_00246",19.8879,21.3024,21.24,21.2415,20.8161,17.853,16.5958,14.7927,8.29333,7.06059,2.49648
2243,2021-08-31,12.9,16.7,14.8,2021,"SSA_00246",13.9849,15.6911,15.7585,15.8351,15.716,12.3546,11.5028,10.446,6.19255,5.91164,2.14564
2243,2021-08-31,12.9,16.7,14.8,2021,"SSA_00246",15.6484,17.727,18.194,18.2948,18.5796,11.8756,10.7531,9.83015,5.76015,5.16529,2.14421
2243,2021-08-31,12.9,16.7,14.8,2021,"SSA_00246",8.21703,10.0431,10.434,10.3144,10.6781,6.66204,6.37805,5.86259,3.32203,3.45738,1.3386
1217,2021-08-23,14.3,20.6,17.45,2021,"SSA_00254",23.9258,33.1699,37.3163,38.9999,38.3015,16.4567,14.8566,12.8594,6.99908,5.75332,2.22015
1217,2021-08-23,14.3,20.6,17.45,2021,"SSA_00254",25.2389,33.0612,37.2723,38.1433,37.9261,13.9333,12.8903,11.1937,5.94059,4.96786,1.68671
1217,2021-08-23,14.3,20.6,17.45,2021,"SSA_00254",23.7589,30.6307,33.5298,35.1056,35.9226,15.5111,13.5504,11.6179,6.2418,5.25706,1.99243
2033,2021-08-23,14.3,20.6,17.45,2021,"SSA_00254",26.4964,34.3433,37.3422,38.1911,37.7451,15.7195,14.2219,12.3506,6.65467,5.44223,2.03829
2033,2021-08-23,14.3,20.6,17.45,2021,"SSA_00254",29.4322,38.0437,41.4582,41.08,40.933,22.8194,19.7576,16.387,8.54092,6.77726,2.30144
2033,2021-08-23,14.3,20.6,17.45,2021,"SSA_00254",26.3139,33.5016,35.6129,36.3537,36.8574,20.5809,18.3856,15.6361,8.45079,6.83865,2.82882
1067,2021-08-23,14.3,20.6,17.45,2021,"SSA_00262",18.8676,23.3125,23.9654,23.9796,24.0715,11.1341,9.97936,8.48235,4.26631,3.36421,1.03057
1067,2021-08-23,14.3,20.6,17.45,2021,"SSA_00262",28.7517,35.9757,37.117,36.5295,36.8933,18.8217,16.6197,13.8635,7.10811,5.68895,1.89629
1067,2021-08-23,14.3,20.6,17.45,2021,"SSA_00262",15.5401,22.0835,24.9118,25.6128,25.7983,8.28644,7.78001,6.81534,3.40531,2.95928,0.897789
2169,2021-08-23,14.3,20.6,17.45,2021,"SSA_00262",31.7579,38.7773,40.0076,39.7858,38.8094,23.499,21.1196,17.9057,9.2361,7.38179,2.46707
2169,2021-08-23,14.3,20.6,17.45,2021,"SSA_00262",19.6927,26.5646,28.5763,28.713,28.4762,15.8886,14.2099,12.1441,6.12936,4.87325,1.53241
2169,2021-08-23,14.3,20.6,17.45,2021,"SSA_00262",20.1076,25.6229,26.9089,26.5132,26.555,11.559,10.254,8.66196,4.47665,3.67081,1.25857
1012,2021-08-31,12.9,16.7,14.8,2021,"SSA_00263",41.2485,49.5442,50.1337,50.4644,50.3052,26.1451,23.4148,19.755,10.3421,8.32659,2.68138
1012,2021-08-31,12.9,16.7,14.8,2021,"SSA_00263",15.9497,21.0527,22.7802,23.0959,23.2117,11.3922,10.0736,8.47877,4.29045,3.32209,0.999113
2107,2021-09-02,13.7,19.1,16.4,2021,"SSA_00263",27.4517,32.0865,33.5992,33.6793,33.623,15.8231,14.5083,12.4715,6.77626,5.50913,2.19627
2107,2021-09-02,13.7,19.1,16.4,2021,"SSA_00263",37.8966,42.5224,42.2067,41.8452,41.3708,27.4782,24.0611,20.0376,10.5325,8.2381,2.74088
2107,2021-09-02,13.7,19.1,16.4,2021,"SSA_00263",33.1529,42.7082,44.2541,43.8261,43.293,24.5294,21.8514,18.2132,9.28258,7.27418,2.46525
2156,2021-08-24,11,23,17,2021,"SSA_00271",15.5491,21.8955,25.7748,24.6501,24.0669,8.99507,8.0339,6.67002,3.36123,2.786,0.834213
2156,2021-08-24,11,23,17,2021,"SSA_00271",18.8006,27.1627,32.6823,33.0801,32.4555,14.1105,12.476,10.3237,5.28676,4.06344,1.33412
2156,2021-08-24,11,23,17,2021,"SSA_00271",27.5446,38.8003,44.7771,44.6854,42.445,15.7387,13.8576,11.602,5.9504,4.8417,1.57037
2289,2021-09-02,13.7,19.1,16.4,2021,"SSA_00279",27.248,30.3961,30.5081,30.2807,30.3351,21.5717,19.0447,15.9956,8.31911,6.53049,2.23493
2289,2021-09-02,13.7,19.1,16.4,2021,"SSA_00279",31.2994,36.5858,36.8058,36.7054,36.6182,21.9992,19.4858,16.1957,8.40279,6.49019,2.01946
1252,2021-08-24,11,23,17,2021,"SSA_00281",31.6372,39.5512,40.9765,41.0506,41.4638,18.697,16.1314,13.5211,6.97579,5.56647,1.91037
1252,2021-08-24,11,23,17,2021,"SSA_00281",24.1478,33.2599,36.9551,35.7953,33.899,12.4345,11.1532,9.60184,4.99007,4.39276,1.4517
2162,2021-08-26,14.1,17.5,15.8,2021,"SSA_00281",26.4624,34.847,37.1446,37.5241,37.7709,21.5093,19.8284,17.4925,9.19165,7.56662,2.62779
2162,2021-08-26,14.1,17.5,15.8,2021,"SSA_00281",23.1349,25.953,25.5929,25.108,24.8922,17.9069,17.089,15.1081,8.20763,6.79478,2.38909
2162,2021-08-26,14.1,17.5,15.8,2021,"SSA_00281",15.434,19.0335,17.9871,17.3623,16.6704,11.0246,10.5609,9.62536,5.28531,4.90488,1.47384
1082,2021-09-02,13.7,19.1,16.4,2021,"SSA_00285",18.4452,23.3048,25.1709,25.8997,26.2669,14.7677,12.9132,11.0994,5.75748,4.60531,1.55794
1082,2021-09-02,13.7,19.1,16.4,2021,"SSA_00285",12.7649,17.5855,18.9899,18.9459,19.0073,8.61375,7.45143,6.17537,3.01055,2.46029,0.71079
2123,2021-08-31,12.9,16.7,14.8,2021,"SSA_00285",9.65137,13.566,14.2244,14.4458,15.0084,6.66003,6.154,5.15054,2.36937,2.05308,0.435518
2123,2021-08-31,12.9,16.7,14.8,2021,"SSA_00285",14.362,19.2622,21.2037,21.4317,21.7659,8.2558,7.28558,5.83352,2.98737,2.50214,0.887239
1160,2021-09-10,17.2,22.4,19.8,2021,"SSA_00286",25.8766,35.6246,39.2856,39.0402,38.5919,19.9732,17.0987,14.9787,7.6379,5.90945,3.13807
1160,2021-09-10,17.2,22.4,19.8,2021,"SSA_00286",23.7433,32.7958,36.9409,37.3152,36.6212,19.6253,17.0323,14.0167,7.16767,5.85369,2.01083
1160,2021-09-10,17.2,22.4,19.8,2021,"SSA_00286",27.7594,38.6897,42.6784,42.5843,41.5923,14.4671,13.2685,11.467,5.85343,4.8088,1.58461
2075,2021-09-13,11.7,20.8,16.25,2021,"SSA_00286",24.5809,32.3111,33.8007,33.3776,33.1495,16.9371,14.7474,12.2393,6.32299,5.08631,1.51125
2075,2021-09-13,11.7,20.8,16.25,2021,"SSA_00286",29.0128,37.4213,38.184,37.3393,37.0927,21.8238,18.9552,15.9315,8.20449,6.53228,2.09723
2075,2021-09-13,11.7,20.8,16.25,2021,"SSA_00286",13.2274,18.614,20.9769,21.8329,21.8973,9.18202,7.99181,6.61178,3.34205,2.79997,0.795908
1027,2021-08-23,14.3,20.6,17.45,2021,"SSA_00299",34.9301,46.0962,49.9001,50.2268,49.3232,18.7616,16.7566,14.3196,7.46261,6.00385,2.16321
1027,2021-08-23,14.3,20.6,17.45,2021,"SSA_00299",28.5363,37.072,39.456,39.8482,39.828,15.9329,14.2443,12.0833,6.32286,5.1672,2.0542
1027,2021-08-23,14.3,20.6,17.45,2021,"SSA_00299",34.9315,41.7712,42.4506,41.7304,41.0549,20.8616,18.1583,15.1525,7.70419,6.14935,2.03228
2320,2021-08-18,15.3,20.1,17.7,2021,"SSA_00299",30.889,42.6055,47.4391,48.4948,48.8622,19.7944,17.6161,15.0142,7.84492,6.23917,2.27916
2320,2021-08-18,15.3,20.1,17.7,2021,"SSA_00299",42.6275,50.3077,51.2524,51.8567,51.9964,26.9348,23.7282,20.1723,10.4707,8.32671,2.96354
2320,2021-08-18,15.3,20.1,17.7,2021,"SSA_00299",34.932,42.4264,42.9478,42.5556,42.2161,21.5079,19.6409,17.1056,9.44142,7.80873,3.16976
1039,2021-09-01,13.3,17.9,15.6,2021,"SSA_00301",16.2383,21.3152,22.3041,22.6493,23.1982,12.4054,11.2271,9.98988,5.01889,4.18575,1.13219
1039,2021-09-01,13.3,17.9,15.6,2021,"SSA_00301",22.9667,28.9179,30.5261,31.2675,32.0182,14.9549,12.9393,11.0173,5.81366,4.82608,1.62182
1039,2021-09-01,13.3,17.9,15.6,2021,"SSA_00301",21.5823,25.1973,25.3411,25.3059,24.9053,16.8948,15.3627,13.5494,7.43379,6.23535,2.0653
2015,2021-09-09,16.2,25.8,21,2021,"SSA_00301",19.9528,23.9309,23.6987,23.3441,23.1608,15.91,14.2586,12.5272,6.92387,5.65587,1.89701
2015,2021-09-09,16.2,25.8,21,2021,"SSA_00301",18.9393,24.142,24.4111,24.3684,23.9439,13.855,12.4024,10.9574,5.93411,5.04883,2.01594
2015,2021-09-09,16.2,25.8,21,2021,"SSA_00301",11.7309,13.4358,13.5309,13.1821,12.8655,8.50881,8.20353,7.80412,4.40708,3.925,1.39519
1050,2021-09-08,13.9,28.6,21.25,2021,"SSA_00308",18.9674,22.6392,22.7352,21.3096,20.9435,13.215,11.9287,10.0595,5.23454,4.43331,1.42312
2186,2021-08-25,13.9,18.4,16.15,2021,"SSA_00308",28.6925,37.2602,39.3449,39.1531,38.853,23.2452,20.1251,16.6405,8.5967,6.58683,2.24683
2186,2021-08-25,13.9,18.4,16.15,2021,"SSA_00308",27.9467,33.0917,33.6065,32.9838,32.6945,20.043,17.7133,14.7769,7.44209,5.80626,1.8485
2186,2021-08-25,13.9,18.4,16.15,2021,"SSA_00308",22.6006,31.1078,35.5947,36.3585,36.2608,17.4994,15.4248,12.7397,6.46689,5.11674,1.73122
1260,2021-08-25,13.9,18.4,16.15,2021,"SSA_00312",31.1113,37.4531,38.2915,37.9526,37.4092,24.6519,21.5288,17.9673,9.19569,7.19236,2.46729
1260,2021-08-25,13.9,18.4,16.15,2021,"SSA_00312",30.0896,36.1677,36.3359,36.291,35.9572,21.8854,19.3978,16.4082,8.46121,6.69735,2.31059
1260,2021-08-25,13.9,18.4,16.15,2021,"SSA_00312",32.9767,41.3558,42.4808,42.3071,42.0103,27.2543,23.6186,19.6283,10.1503,7.88127,2.61495
2195,2021-08-31,12.9,16.7,14.8,2021,"SSA_00312",29.1349,35.015,36.6557,37.1505,37.7807,24.257,21.3763,17.8556,9.22797,7.32151,2.52936
2195,2021-08-31,12.9,16.7,14.8,2021,"SSA_00312",22.9475,28.8723,30.7623,31.5398,31.9724,17.8581,15.5997,13.052,6.88254,5.78756,2.2239
2195,2021-08-31,12.9,16.7,14.8,2021,"SSA_00312",24.7419,32.8397,36.1943,37.1113,37.2549,20.2609,17.9489,15.1213,7.87089,6.19035,1.91789
1069,2021-09-13,11.7,20.8,16.25,2021,"SSA_00315",30.1974,35.6444,36.2808,36.7026,37.618,22.6881,20.1328,16.9808,9.02708,7.0871,2.3863
1069,2021-09-13,11.7,20.8,16.25,2021,"SSA_00315",23.049,26.4406,26.7852,26.72,26.772,17.2956,15.2001,12.9829,6.91729,5.54858,1.8246
1069,2021-09-13,11.7,20.8,16.25,2021,"SSA_00315",20.5559,23.9982,24.9547,25.1494,25.3,15.6556,13.6347,11.5517,6.14023,4.90264,1.67951
2269,2021-09-13,11.7,20.8,16.25,2021,"SSA_00315",28.5223,33.7064,34.7621,35.0275,34.9928,20.6139,18.0543,15.1106,8.05099,6.51445,2.28405
2269,2021-09-13,11.7,20.8,16.25,2021,"SSA_00315",32.4063,37.6384,38.5519,39.0646,39.1056,23.0367,20.4557,17.1959,9.13163,7.42979,2.57956
2269,2021-09-13,11.7,20.8,16.25,2021,"SSA_00315",27.1507,34.6926,37.2905,38.2591,38.9485,20.5068,17.8415,15.1253,8.04988,6.52789,2.4151
1204,2021-09-14,14.7,17.2,15.95,2021,"SSA_00343",18.6462,22.2141,23.5054,23.3553,23.435,13.8452,12.3425,10.6995,5.86442,5.15728,2.04874
1204,2021-09-14,14.7,17.2,15.95,2021,"SSA_00343",34.7694,42.6907,44.6866,44.6217,44.4663,23.13,20.5872,17.0491,8.85909,7.03251,2.74956
1204,2021-09-14,14.7,17.2,15.95,2021,"SSA_00343",26.2535,33.7925,36.3068,37.3632,37.8781,20.414,17.376,14.4755,7.69122,6.16128,2.32077
2098,2021-09-10,17.2,22.4,19.8,2021,"SSA_00343",23.5986,28.8487,30.1284,30.0687,30.168,18.1679,16.2894,13.8887,7.54595,6.09334,1.92256
2098,2021-09-10,17.2,22.4,19.8,2021,"SSA_00343",19.4345,23.1716,24.0727,24.3007,24.1376,15.2692,13.6416,11.982,6.53237,5.49893,2.18339
2098,2021-09-10,17.2,22.4,19.8,2021,"SSA_00343",34.3558,40.7932,41.2628,40.7819,40.2271,25.2297,22.1488,18.5076,9.73568,7.74434,2.69682
1168,2021-08-24,11,23,17,2021,"SSA_00359",29.2496,40.322,44.896,45.1367,43.6638,16.9598,15.4925,13.6737,7.41814,6.41896,2.16605
1168,2021-08-24,11,23,17,2021,"SSA_00359",30.8836,42.9031,45.7614,43.8728,41.2983,24.1494,21.2826,17.9732,9.48628,8.09993,2.52676
2159,2021-08-18,15.3,20.1,17.7,2021,"SSA_00359",44.4462,54.1836,55.861,56.3614,56.1536,28.9094,25.8595,22.1634,11.8835,9.95483,3.55893
2159,2021-08-18,15.3,20.1,17.7,2021,"SSA_00359",42.8928,53.8625,56.1183,57.1828,57.2584,30.2254,26.8506,22.7117,12.0245,9.90615,3.43433
2159,2021-08-18,15.3,20.1,17.7,2021,"SSA_00359",40.3866,48.1823,49.961,50.6098,50.3239,28.4115,25.1688,21.2233,11.2347,9.2607,3.3043
1185,2021-09-01,13.3,17.9,15.6,2021,"SSA_00367",14.4604,18.051,19.4839,20.1201,20.4892,10.022,8.47542,6.91709,3.35749,2.72716,0.851214
1185,2021-09-01,13.3,17.9,15.6,2021,"SSA_00367",18.0758,22.9043,24.2612,24.4595,24.3979,11.6469,10.7064,9.54468,4.88876,4.09688,1.5764
1185,2021-09-01,13.3,17.9,15.6,2021,"SSA_00367",15.2597,20.5778,23.6344,24.6853,25.3979,10.6396,9.14863,7.54874,3.7288,3.14865,1.00583
2007,2021-09-09,16.2,25.8,21,2021,"SSA_00367",13.2131,17.535,19.6941,20.517,20.9752,7.9853,7.19106,6.17538,3.15578,2.60331,0.824688
2007,2021-09-09,16.2,25.8,21,2021,"SSA_00367",20.8011,24.4815,25.3284,25.5529,25.9713,14.3399,12.8541,10.8876,5.72076,4.49796,1.34257
2007,2021-09-09,16.2,25.8,21,2021,"SSA_00367",27.5261,35.7453,38.1647,37.9974,38.1511,20.0883,17.8557,15.0326,7.63168,6.13323,2.07243
