Year,Accession,Plot_rep,PAR_1800,PAR_1100,PAR_500,PAR_300,PAR_150,PAR_50
2022,SSA_00001,1117_1,14.3487,13.1105,10.47,7.18497,3.29522,0.894456
2022,SSA_00001,1117_3,32.5654,31.1021,22.293,12.9367,5.24762,-0.697859
2022,SSA_00001,2228_2,41.2047,35.0491,21.2738,13.2667,6.15092,-0.237481
2022,SSA_00001,2228_3,23.8105,21.7578,14.8296,7.99337,1.61238,-4.85892
2022,SSA_00003,1017_1,19.8414,19.2955,14.7267,9.69541,4.00155,-0.396838
2022,SSA_00003,1017_2,15.5211,14.8122,13.3887,10.6459,4.02219,-1.23253
2022,SSA_00003,1017_3,10.6542,9.81532,8.19467,6.43167,2.72207,-1.91652
2022,SSA_00003,2042_1,26.324,23.9367,16.5042,11.3204,3.90575,-1.41319
2022,SSA_00003,2042_2,17.3929,16.9396,14.1809,10.1261,4.29648,-1.48874
2022,SSA_00003,2042_3,18.5072,16.337,11.9432,8.81053,5.1423,-0.558405
2022,SSA_00004,1175_1,26.7091,26.1207,21.4151,13.6637,5.44508,-1.59972
2022,SSA_00004,1175_2,30.5815,28.7338,20.4411,12.5613,3.92976,-3.00051
2022,SSA_00004,1175_3,30.4468,29.4883,21.8629,14.5174,5.60089,-0.992753
2022,SSA_00004,2032_1,26.2741,24.8253,18.1283,11.6578,4.49017,-0.564354
2022,SSA_00004,2032_2,26.5818,24.9166,18.7799,12.1612,5.58057,0.113329
2022,SSA_00004,2032_3,32.5506,28.9281,16.9798,10.6233,3.77424,-1.49609
2022,SSA_00005,1113_1,14.5242,13.1692,11.5733,5.57041,0.63193,0.63193
2022,SSA_00005,1113_2,11.4397,11.4499,8.34347,4.84373,-0.133156,-2.98417
2022,SSA_00005,1113_3,30.3243,29.2745,23.908,15.8666,5.63833,-1.7961
2022,SSA_00005,2141_1,32.916,31.7236,22.8411,14.7321,5.99385,-1.26657
2022,SSA_00005,2141_3,13.7091,12.9158,11.3425,9.47045,5.69368,0.484483
2022,SSA_00006,1027_1,9.11126,8.19091,7.84138,7.44152,5.91247,2.63491
2022,SSA_00006,1027_2,9.0624,8.39175,7.70494,6.73616,4.52823,0.939178
2022,SSA_00006,1027_3,10.2627,9.94324,8.42819,7.00646,3.85069,-0.130663
2022,SSA_00006,2304_1,11.3852,10.4517,8.5817,7.15469,2.9722,-0.559806
2022,SSA_00006,2304_3,8.06091,7.74388,7.23712,6.18579,4.34737,0.849157
2022,SSA_00007,1111_1,13.441,11.8292,9.31855,6.43112,3.09883,0.167511
2022,SSA_00007,1111_2,24.044,22.9403,13.9724,8.28474,2.49713,-2.22959
2022,SSA_00007,1111_3,17.9239,15.8034,10.6933,6.66569,2.48154,-0.888169
2022,SSA_00007,2253_1,22.7821,21.1218,14.824,9.60147,3.55621,-1.48617
2022,SSA_00007,2253_2,15.4243,13.826,11.5892,8.02281,3.58375,-0.744313
2022,SSA_00007,2253_3,30.1403,26.8616,17.9791,11.4013,4.572,-2.3416
2022,SSA_00008,1088_1,42.706,36.9754,24.3882,15.6387,7.02345,0.0694815
2022,SSA_00008,1088_2,41.0056,34.599,23.1101,15.3381,6.03439,-0.751222
2022,SSA_00008,1088_3,40.6338,35.0998,22.3346,14.9655,6.21723,0.26098
2022,SSA_00009,1049_1,37.4985,35.0031,25.429,15.9236,5.86382,-1.08058
2022,SSA_00009,1049_2,32.6355,29.6978,20.6128,13.7931,6.42842,0.868883
2022,SSA_00009,1049_3,26.8567,26.121,20.8979,13.3666,5.11295,-1.53194
2022,SSA_00009,2011_1,12.7431,13.0708,10.4992,9.1205,4.45809,0.865366
2022,SSA_00009,2011_2,27.322,25.4995,19.5442,13.3003,5.58399,-0.6487
2022,SSA_00010,1032_1,27.9971,23.9244,17.0743,11.0543,5.06204,-0.578137
2022,SSA_00010,1032_2,24.5876,22.4165,16.0879,12.0135,5.86353,0.574835
2022,SSA_00010,1032_3,31.0371,27.7553,19.091,12.826,4.97284,-1.50368
2022,SSA_00010,2180_1,23.7771,22.5418,15.4865,10.3623,4.06646,-2.46507
2022,SSA_00010,2180_2,31.9335,27.942,19.6482,13.1957,6.44737,0.485573
2022,SSA_00010,2180_3,26.1196,24.3912,18.1971,13.2125,6.65014,0.0347847
2022,SSA_00013,2055_1,20.0865,18.1918,13.3865,8.98621,4.38296,0.445012
2022,SSA_00013,2055_2,38.6192,32.4334,21.9845,13.6438,5.51087,0.0245418
2022,SSA_00013,2055_3,26.2978,24.2033,18.5298,11.3132,4.85717,-0.607235
2022,SSA_00018,1156_1,32.9081,29.7502,21.4858,14.9452,7.84107,0.880664
2022,SSA_00018,1156_2,32.3757,30.1039,20.819,14.2134,6.8614,0.758912
2022,SSA_00018,1156_3,37.3211,33.4658,22.7435,15.3868,8.55958,3.24702
2022,SSA_00018,2105_1,28.358,25.9596,18.7889,11.7878,4.29001,-2.512
2022,SSA_00018,2105_2,23.1107,20.385,14.0993,10.1137,4.51171,-0.141016
2022,SSA_00018,2105_3,20.5389,18.7737,12.3776,8.08122,3.05527,-1.19384
2022,SSA_00024,1197_1,13.6855,13.899,10.5909,8.5916,4.85542,-0.740621
2022,SSA_00024,1197_2,22.495,21.9442,17.5719,14.1351,8.25502,0.473282
2022,SSA_00024,1197_3,25.8451,24.4495,18.685,12.4465,6.18789,0.6173
2022,SSA_00024,2207_1,30.0728,28.2248,21.0227,14.2454,6.53338,-0.0327545
2022,SSA_00024,2207_2,17.4391,15.666,11.6755,8.59205,3.23192,-0.859807
2022,SSA_00024,2207_3,29.8546,28.3483,21.583,16.8472,7.3757,0.877223
2022,SSA_00033,1137_1,24.6317,22.4249,16.4023,12.1769,5.85676,0.289394
2022,SSA_00033,1137_2,25.0644,23.0434,17.5396,12.6731,6.34024,0.662667
2022,SSA_00033,2298_1,25.83,24.5365,19.4929,12.7201,4.90463,-1.39921
2022,SSA_00033,2298_2,28.4847,27.307,19.4966,13.2506,5.62842,-0.866965
2022,SSA_00033,2298_3,23.1388,23.8011,18.7372,13.1632,5.7864,-2.10718
2022,SSA_00041,1051_1,30.7269,26.5809,21.133,13.878,7.29621,1.13859
2022,SSA_00041,1051_2,24.6637,23.9714,19.2024,12.4785,4.78198,-1.04783
2022,SSA_00041,1051_3,19.1781,16.964,11.5866,8.55649,3.59187,0.201689
2022,SSA_00041,2133_1,26.3349,25.3487,19.6587,12.3558,5.226,-1.38944
2022,SSA_00041,2133_2,31.6053,28.4898,19.6618,12.2398,5.53263,-1.37369
2022,SSA_00041,2133_3,24.2067,23.2932,17.9526,11.9445,5.20119,-0.105306
2022,SSA_00050,1287_1,36.8025,30.8483,22.112,15.3889,6.66531,0.465178
2022,SSA_00050,1287_2,22.1651,20.5099,15.8933,10.5923,5.59418,0.688114
2022,SSA_00050,1287_3,18.0677,15.7224,11.965,8.71489,4.96265,2.06881
2022,SSA_00050,2013_1,32.1414,29.1749,20.4467,13.8681,6.9563,0.278222
2022,SSA_00050,2013_2,33.4294,30.8285,21.4525,13.7238,6.20001,-0.987756
2022,SSA_00050,2013_3,36.7201,33.6575,23.242,16.1,7.34475,0.392678
2022,SSA_00062,1144_1,40.319,34.4065,23.6207,14.4964,5.90296,-0.206294
2022,SSA_00062,1144_2,36.3036,32.5706,23.4726,15.3923,7.00508,-0.471078
2022,SSA_00062,1144_3,33.9206,32.1848,25.0821,16.8858,8.26732,1.2359
2022,SSA_00062,2066_1,16.1581,15.6439,12.0022,9.75101,5.40722,2.01749
2022,SSA_00062,2066_2,8.25492,6.93823,6.83264,6.40973,4.35132,1.90288
2022,SSA_00067,1075_1,39.4259,35.4323,23.5558,15.6543,7.14327,0.401638
2022,SSA_00067,1075_2,18.2776,16.3229,13.496,8.94559,4.63721,1.11375
2022,SSA_00067,1075_3,19.0676,17.0066,12.378,9.08853,5.74035,1.92602
2022,SSA_00067,2027_1,36.0028,31.3565,21.2252,12.6839,6.44502,-0.801511
2022,SSA_00067,2027_2,34.9014,31.1599,22.2025,15.0711,7.53326,-0.230745
2022,SSA_00067,2027_3,38.3349,32.1287,22.4409,14.6749,6.94299,-0.618469
2022,SSA_00068,1309_1,34.8311,31.9247,21.9614,13.401,4.79368,-2.04132
2022,SSA_00068,1309_2,32.4946,32.2601,22.7308,14.2528,9.1613,1.48929
2022,SSA_00068,1309_3,17.0711,15.536,11.9236,7.06821,3.91973,0.412562
2022,SSA_00068,2179_1,36.2508,31.9897,22.0332,14.5172,6.20547,-0.533546
2022,SSA_00068,2179_2,37.1453,32.6061,21.844,14.406,6.12429,-0.184531
2022,SSA_00068,2179_3,20.1535,17.1564,13.69,9.03975,4.44352,-0.271064
2022,SSA_00070,1297_1,42.7397,37.5617,25.1577,16.4983,7.88015,0.149727
2022,SSA_00070,1297_2,32.557,26.9679,19.7804,13.6206,8.06235,2.72681
2022,SSA_00070,1297_3,37.5738,34.978,24.5753,16.4051,8.2926,-1.57429
2022,SSA_00070,2006_1,41.0572,35.9263,24.3805,16.49,7.04422,0.210637
2022,SSA_00070,2006_2,39.4408,34.0862,22.3082,14.2945,5.58144,-0.180549
2022,SSA_00070,2006_3,23.8444,23.3734,18.659,13.4618,7.17025,0.12928
2022,SSA_00075,1010_1,16.4767,15.8275,12.4449,8.79691,4.67288,0.444528
2022,SSA_00075,1010_2,19.491,18.1254,12.1834,8.61882,3.41897,-0.617601
2022,SSA_00075,1010_3,36.3314,33.8927,23.8925,15.4984,6.52508,-1.23758
2022,SSA_00075,2284_1,43.4939,36.7597,23.4674,16.1595,7.31422,-0.525761
2022,SSA_00075,2284_2,38.1076,34.9843,24.2038,15.7644,7.32133,-0.14338
2022,SSA_00075,2284_3,36.1412,31.7971,22.8734,15.9631,8.78123,2.46336
2022,SSA_00079,1023_1,38.8514,33.5849,22.4623,15.0422,7.0315,0.105643
2022,SSA_00079,1023_2,30.477,28.129,20.286,14.7432,6.75127,1.66086
2022,SSA_00079,1023_3,29.3896,27.8393,22.9939,15.9317,7.21272,1.24074
2022,SSA_00079,2280_1,36.5997,32.9855,22.1868,13.915,6.07516,-1.29789
2022,SSA_00079,2280_2,37.935,34.1231,22.9867,15.0486,7.43749,0.57285
2022,SSA_00079,2280_3,33.5599,31.2201,22.7957,14.512,6.21039,-0.390438
2022,SSA_00080,1106_1,23.6471,20.9212,14.897,9.40508,4.34339,0.338241
2022,SSA_00080,1106_2,30.2769,27.5959,20.1201,12.62,6.69968,2.0196
2022,SSA_00080,1106_3,32.9166,30.1441,22.0156,15.0873,8.13028,1.68595
2022,SSA_00080,2279_1,33.1771,27.9845,19.9324,12.6843,5.25414,1.25149
2022,SSA_00080,2279_2,36.7366,31.5939,20.3071,13.181,5.8652,0.839932
2022,SSA_00080,2279_3,28.459,26.7004,16.7955,12.1559,5.22321,0.271368
2022,SSA_00091,1101_1,20.6341,17.6465,11.5346,8.63157,4.0599,-0.187581
2022,SSA_00091,1101_2,29.4418,27.6798,19.681,13.8484,9.1691,0.794532
2022,SSA_00091,1101_3,29.0077,26.3988,19.1635,12.7033,5.71194,0.482881
2022,SSA_00091,2296_1,39.0972,35.2153,24.6292,14.0631,5.08993,-1.68149
2022,SSA_00091,2296_2,42.7638,35.7711,23.1255,13.8528,6.08486,1.73021
2022,SSA_00091,2296_3,38.0807,32.1341,21.9462,13.123,4.82459,-1.82714
2022,SSA_00096,1215_1,47.8895,41.2499,26.0494,16.3985,7.02697,0.345521
2022,SSA_00096,1215_2,45.1308,41.3429,26.4232,15.3175,5.86353,-1.33251
2022,SSA_00096,1215_3,23.6205,20.758,15.2149,9.84713,4.15969,0.309863
2022,SSA_00096,2139_1,27.2759,26.3539,19.7084,12.4756,4.91347,-1.29394
2022,SSA_00096,2139_2,25.356,21.8501,14.5805,9.47699,5.01623,1.14659
2022,SSA_00096,2139_3,35.7983,31.6627,21.0189,13.24,4.93174,-0.690511
2022,SSA_00097,1268_1,32.7207,27.981,19.0373,13.7669,5.63784,0.0555827
2022,SSA_00097,1268_2,39.2953,34.7435,22.8744,14.2734,5.50022,-0.0915801
2022,SSA_00097,1268_3,34.925,29.9417,19.7906,12.41,5.02302,-1.51615
2022,SSA_00097,2194_1,39.2049,33.8766,22.1778,14.3496,5.71546,-0.212043
2022,SSA_00097,2194_2,36.6243,31.2264,20.9188,13.7665,6.7214,0.294137
2022,SSA_00097,2194_3,41.1358,33.6161,21.6857,14.9477,6.46607,0.225504
2022,SSA_00105,1043_1,13.2104,13.5198,12.3038,10.8467,7.16725,0.812042
2022,SSA_00105,1043_2,19.4118,17.701,14.8069,11.6288,7.2547,1.71188
2022,SSA_00105,1043_3,28.2166,27.1405,21.6406,15.4255,6.9029,-0.291913
2022,SSA_00105,2195_1,8.98453,9.10144,7.15044,6.97642,3.5066,0.207593
2022,SSA_00105,2195_3,28.321,26.2012,20.8584,15.4871,8.17581,1.50872
2022,SSA_00108,2146_1,28.756,25.9431,16.6843,12.3525,5.4174,-0.396232
2022,SSA_00108,2146_2,32.8985,28.0858,19.5838,13.745,6.21035,-0.427262
2022,SSA_00108,2146_3,25.8478,22.5862,16.2478,12.3077,5.79836,-0.431661
2022,SSA_00110,1300_1,32.8146,28.3671,20.6012,14.4093,6.86542,0.396415
2022,SSA_00110,1300_2,28.4087,25.6629,18.6704,13.8282,6.06852,-0.560888
2022,SSA_00110,1300_3,30.5203,27.2913,19.8086,13.0591,4.80736,-2.1276
2022,SSA_00110,2082_1,30.7235,27.8209,21.3932,14.4052,5.83815,-0.68813
2022,SSA_00110,2082_2,27.1798,23.6429,16.3814,11.2538,5.35074,-0.784887
2022,SSA_00110,2082_3,27.0566,23.8311,16.4216,12.0706,4.57745,-1.40994
2022,SSA_00113,1159_1,12.2401,11.0322,8.8743,6.87939,4.60694,1.54994
2022,SSA_00113,1159_2,20.5518,20.274,16.5372,11.3176,5.6861,-0.623031
2022,SSA_00113,1159_3,22.5678,20.7405,16.0294,11.7504,7.01214,0.327167
2022,SSA_00113,2254_1,11.6609,10.1792,7.82068,5.8388,2.50338,-0.407025
2022,SSA_00113,2254_2,13.3046,12.9172,11.5799,9.30072,4.75213,0.487424
2022,SSA_00113,2254_3,17.8663,16.3314,12.6283,10.4454,5.01486,0.779739
2022,SSA_00119,1140_1,18.1295,17.276,14.2458,10.2733,4.71516,-0.678415
2022,SSA_00119,1140_2,35.8187,33.4005,25.092,16.2436,6.75933,-0.225504
2022,SSA_00119,1140_3,20.6354,19.5303,14.9276,10.0756,4.2592,-0.455854
2022,SSA_00119,2023_1,27.7399,25.0898,18.6862,12.9272,5.78021,-0.324092
2022,SSA_00119,2023_2,31.6593,28.1559,20.7262,13.8814,6.65186,0.352183
2022,SSA_00119,2023_3,28.7086,25.8664,18.9173,13.9157,6.43637,-0.0740754
2022,SSA_00121,1229_1,5.78848,6.0009,6.23465,5.77358,5.21582,2.80835
2022,SSA_00121,1229_2,10.9896,9.91114,9.80617,8.64021,7.36424,-0.251096
2022,SSA_00121,1229_3,4.64102,4.68015,3.89135,3.47149,2.90833,1.39795
2022,SSA_00121,2059_1,15.6082,16.105,14.5229,11.7285,7.13192,-0.0897305
2022,SSA_00121,2059_3,18.4116,17.7685,15.5744,13.3143,7.17922,0.658444
2022,SSA_00123,1210_1,14.5477,16.2335,14.598,12.2588,6.27923,0.0291199
2022,SSA_00123,1210_2,23.3513,22.8004,17.898,11.9328,5.48635,-0.432476
2022,SSA_00123,1210_3,24.0054,23.1524,18.7262,12.5013,4.47336,-1.62077
2022,SSA_00123,2093_1,30.3165,28.1062,20.6433,12.9043,5.3911,-1.93395
2022,SSA_00123,2093_2,26.1434,24.827,19.2599,12.6747,5.49983,-0.217936
2022,SSA_00126,1255_1,20.5549,19.1763,16.0041,11.9252,6.55748,0.907937
2022,SSA_00126,1255_2,28.2044,25.2135,16.6722,11.9423,4.6512,-1.43203
2022,SSA_00126,1255_3,22.1024,21.2465,17.1529,13.1726,6.80186,0.343959
2022,SSA_00126,2002_2,33.6155,30.5072,21.8303,14.1814,6.24052,0.486171
2022,SSA_00126,2002_3,31.3116,29.9087,18.5057,10.5492,4.48289,-1.82255
2022,SSA_00128,1095_1,24.9149,23.208,18.0243,13.3777,6.09995,-0.507848
2022,SSA_00128,1095_2,26.7135,24.5751,19.7265,14.3238,7.36225,1.85085
2022,SSA_00128,1095_3,24.0763,23.4704,17.8744,13.5264,7.0083,0.156459
2022,SSA_00128,2312_1,23.5954,21.4295,16.5895,12.4591,7.75589,0.888382
2022,SSA_00128,2312_2,22.6185,21.7032,16.4463,12.5586,6.99056,1.63599
2022,SSA_00128,2312_3,19.8034,18.6282,13.969,10.3233,5.49661,0.502488
2022,SSA_00135,1110_1,35.0262,30.7939,20.1213,12.4992,6.82514,1.40795
2022,SSA_00135,1110_2,32.5191,30.3275,22.189,15.3703,7.13155,-0.318399
2022,SSA_00135,1110_3,34.7912,31.6036,23.3973,16.1081,7.10865,0.324538
2022,SSA_00135,2204_1,23.9879,21.847,15.5739,11.2448,6.10805,1.36982
2022,SSA_00135,2204_2,36.9382,32.2478,22.8622,14.8799,6.23099,-0.435633
2022,SSA_00135,2204_3,30.2809,26.0197,18.0145,11.8949,5.17265,-1.04341
2022,SSA_00138,1273_1,28.9552,25.774,18.4752,13.0371,5.95845,-0.055058
2022,SSA_00138,1273_2,30.3334,26.8295,19.7148,14.4837,7.26681,2.40758
2022,SSA_00138,1273_3,32.7473,29.4049,21.1602,14.7335,6.84127,0.271842
2022,SSA_00138,2221_1,32.3546,30.4507,21.4131,14.2526,5.63369,-1.15131
2022,SSA_00138,2221_2,37.1424,33.2868,21.8922,13.8015,6.51457,-0.560083
2022,SSA_00138,2221_3,35.1715,32.1731,21.2246,13.5026,5.98239,-0.979914
2022,SSA_00139,2089_1,34.925,32.241,23.2016,15.9349,7.90294,0.608979
2022,SSA_00139,2089_2,24.2751,22.5758,17.9353,13.3886,7.18048,0.909205
2022,SSA_00151,1200_1,16.1058,13.9672,11.8672,8.97845,4.08049,-0.241585
2022,SSA_00151,1200_2,36.4221,33.7639,26.5711,14.8828,7.14346,0.052566
2022,SSA_00151,1200_3,32.4934,29.7104,23.0253,14.6931,6.43755,-0.959593
2022,SSA_00151,2275_1,33.5637,33.4354,31.5102,22.7379,15.7196,6.7875
2022,SSA_00151,2275_2,19.291,18.7222,14.6723,10.999,5.99296,1.79685
2022,SSA_00151,2275_3,24.0545,21.885,17.8313,13.5892,6.88136,2.01286
2022,SSA_00156,2159_1,24.4528,23.3117,18.6096,13.8665,6.87969,-0.931769
2022,SSA_00156,2159_2,36.1043,31.7084,20.589,13.8533,5.42951,0.0627679
2022,SSA_00156,2159_3,32.0701,29.0858,20.7729,14.5867,6.2163,0.318431
2022,SSA_00160,1313_1,29.5568,27.5487,20.7248,13.3909,5.06089,-1.76882
2022,SSA_00160,1313_2,26.9408,23.9157,17.3894,12.3587,5.02902,-0.443636
2022,SSA_00160,2061_1,6.14553,6.64109,6.63678,4.60251,3.20307,0.53928
2022,SSA_00160,2061_3,28.705,27.7369,19.201,14.4338,6.67539,0.165368
2022,SSA_00173,1170_1,11.6449,10.4063,8.99225,8.10069,5.08745,1.09878
2022,SSA_00173,1170_2,33.8418,30.8616,23.7722,16.3493,7.63984,0.388369
2022,SSA_00173,2171_1,31.8323,29.8487,22.9734,15.8932,7.33929,-0.148431
2022,SSA_00173,2171_2,25.0327,23.5409,19.6072,14.1053,6.76634,0.90917
2022,SSA_00173,2171_3,20.8101,21.0608,17.1593,14.5777,6.99416,-0.129202
2022,SSA_00178,1188_1,35.8157,33.6428,24.1915,15.3189,7.42307,-0.526263
2022,SSA_00178,1188_2,34.3995,32.0196,23.4556,14.7246,5.8776,-1.61647
2022,SSA_00178,1188_3,16.5783,16.5022,12.6215,8.81051,4.40462,1.42361
2022,SSA_00178,2287_1,31.2689,25.5728,17.9916,12.3967,6.35583,0.660911
2022,SSA_00178,2287_2,33.4854,28.6821,19.6602,13.8718,6.16014,0.0961778
2022,SSA_00178,2287_3,36.883,32.1787,21.4603,14.5398,6.18272,-0.367284
2022,SSA_00179,1024_1,22.4123,21.1477,16.9912,12.0382,5.71963,0.340089
2022,SSA_00179,1024_2,23.5264,21.9116,16.3695,11.1658,5.75604,0.64667
2022,SSA_00179,1024_3,30.211,24.1085,16.4919,11.8612,6.25738,-0.90646
2022,SSA_00179,2211_1,25.3119,22.8245,16.984,11.8175,5.5367,-0.0427229
2022,SSA_00179,2211_2,26.297,23.3862,16.8504,13.6456,6.38309,1.17011
2022,SSA_00179,2211_3,30.0209,26.3731,22.6897,9.83173,5.22366,-0.536763
2022,SSA_00186,1270_1,29.847,26.2356,21.003,15.3354,7.04945,1.7585
2022,SSA_00186,1270_2,19.9719,18.1353,14.485,11.1344,6.64235,0.121727
2022,SSA_00186,1270_3,27.6332,24.7595,19.1111,13.9537,4.46329,1.6173
2022,SSA_00186,2258_1,25.1357,23.7848,17.4154,12.1114,6.57867,0.858306
2022,SSA_00186,2258_2,28.9234,26.8324,20.6317,14.6215,7.8224,1.69593
2022,SSA_00186,2258_3,25.7506,24.1438,19.6414,14.532,7.43466,0.343944
2022,SSA_00187,1018_1,26.9486,24.5907,17.0916,12.309,6.75973,0.638252
2022,SSA_00187,1018_2,23.1616,21.3008,14.5567,10.0758,4.6448,0.43096
2022,SSA_00187,1018_3,39.3979,34.8998,22.573,13.311,4.43476,-2.33239
2022,SSA_00187,2198_1,31.1772,28.3406,19.8282,12.3503,5.4541,-0.947383
2022,SSA_00187,2198_2,10.7879,10.8217,8.74144,7.13767,3.89241,-0.332
2022,SSA_00197,1093_1,32.292,29.4373,22.6538,16.2055,7.17511,0.635624
2022,SSA_00197,1093_2,21.9543,21.9356,18.3979,14.947,6.92183,1.4021
2022,SSA_00197,1093_3,36.0838,33.3257,24.0848,15.4054,6.39172,-0.733568
2022,SSA_00197,2154_1,35.1021,31.624,23.4157,14.7312,6.58563,0.00580347
2022,SSA_00197,2154_2,30.5084,27.5728,21.9391,16.3088,7.46168,0.402023
2022,SSA_00197,2154_3,39.0654,34.5958,24.5725,16.8058,7.24118,0.240943
2022,SSA_00204,1223_1,27.7368,26.3468,19.8255,13.4622,6.53802,1.06437
2022,SSA_00204,1223_2,30.8704,27.209,20.5983,14.3167,6.75111,1.43572
2022,SSA_00204,1223_3,21.0415,19.8419,14.7402,10.6658,5.5176,0.791729
2022,SSA_00204,2183_1,27.9399,25.5932,19.2916,13.4421,6.5874,0.807417
2022,SSA_00204,2183_2,24.3011,21.4904,16.2511,12.0725,6.16488,0.653894
2022,SSA_00204,2183_3,30.0764,26.8595,19.9757,13.8898,7.66769,1.62828
2022,SSA_00209,1004_1,23.0385,21.6404,16.1597,11.8494,5.11647,-1.18287
2022,SSA_00209,1004_2,23.6412,20.0494,16.8173,11.7204,5.84285,0.461282
2022,SSA_00209,1004_3,17.9556,18.2157,14.6866,12.2575,4.74701,0.113127
2022,SSA_00209,2108_1,23.2544,23.2177,17.7511,12.8187,4.79314,-1.9449
2022,SSA_00209,2108_2,18.0757,15.6976,11.7028,8.78982,4.81458,1.38202
2022,SSA_00209,2108_3,25.1988,23.6599,17.7076,12.8417,6.15516,0.123647
2022,SSA_00216,1079_1,18.4284,19.0381,17.2407,13.6048,6.81654,0.85149
2022,SSA_00216,1079_2,23.5128,22.8756,19.83,14.6591,7.63625,1.16177
2022,SSA_00216,1079_3,19.6133,19.3528,17.0856,13.9259,6.58574,0.148036
2022,SSA_00216,2047_1,9.55819,9.16908,8.61283,8.02687,4.02533,1.36296
2022,SSA_00216,2047_2,19.3643,18.2442,15.0889,12.2964,6.30406,1.11966
2022,SSA_00216,2047_3,23.3176,22.2238,18.7041,14.6704,7.48388,1.04691
2022,SSA_00222,1206_1,19.5872,18.2641,14.9129,12.8151,6.22901,0.145023
2022,SSA_00222,1206_2,25.9163,24.3923,18.4973,13.4029,6.41129,0.248576
2022,SSA_00222,1206_3,27.3012,25.0526,18.8676,13.6826,6.36803,0.285776
2022,SSA_00222,2083_1,15.7847,14.6925,11.7767,10.0018,5.69384,0.484006
2022,SSA_00222,2083_2,33.909,30.6457,20.6838,13.6151,6.28829,-1.38571
2022,SSA_00222,2083_3,24.5703,23.4591,18.0955,13.2787,6.56836,0.878806
2022,SSA_00227,1225_1,24.8892,23.7416,18.7468,13.1307,6.90748,-0.92017
2022,SSA_00227,1225_2,30.3833,28.5357,21.4174,14.1758,5.409,0.114557
2022,SSA_00227,1225_3,40.1201,36.5395,24.3114,15.0157,5.76108,-1.21447
2022,SSA_00227,2120_1,22.8375,20.3548,15.4948,10.7048,6.23441,0.0144968
2022,SSA_00227,2120_2,29.0968,26.8813,19.5422,13.5665,6.41694,0.243481
2022,SSA_00227,2120_3,32.5301,28.566,20.2767,14.1001,6.05484,0.00523028
2022,SSA_00229,2190_1,30.231,26.6492,18.9111,12.8129,6.80458,0.462108
2022,SSA_00229,2190_2,31.4242,27.5695,19.8245,14.2614,6.07648,0.355653
2022,SSA_00229,2190_3,25.2829,21.8224,15.17,12.2621,6.14868,0.558768
2022,SSA_00235,1138_1,29.2428,27.406,20.8144,14.8199,6.64992,-0.695754
2022,SSA_00235,1138_2,33.463,29.5739,20.9477,14.0293,5.75352,-0.713962
2022,SSA_00235,1138_3,27.9492,25.386,18.2989,11.0821,4.64254,-1.42099
2022,SSA_00235,2150_1,37.2575,31.6551,22.5491,15.3653,7.71288,0.87656
2022,SSA_00235,2150_2,26.5026,22.6444,16.5174,11.9403,6.76533,0.897865
2022,SSA_00235,2150_3,32.9454,27.3828,20.3444,13.8382,8.20721,1.41417
2022,SSA_00238,1305_1,18.2585,16.3525,15.2348,12.7539,6.43988,-0.23266
2022,SSA_00238,1305_2,25.7363,23.1093,17.09,15.3052,6.87672,-0.638366
2022,SSA_00238,1305_3,11.6963,11.4077,9.86588,8.08205,5.47635,1.12592
2022,SSA_00238,2245_1,39.9414,35.2316,24.96,16.2768,6.68938,0.90866
2022,SSA_00238,2245_2,32.0665,27.7583,20.4867,13.9916,6.86619,0.879479
2022,SSA_00238,2245_3,16.2846,16.2393,13.1493,10.7898,7.12022,1.5258
2022,SSA_00239,1157_1,33.6819,32.2275,22.9269,14.6999,6.89188,-0.709412
2022,SSA_00239,1157_2,21.9563,20.0505,14.6547,9.13971,4.71336,0.0229193
2022,SSA_00239,1157_3,30.9833,29.1177,22.7356,15.5234,8.44349,0.983638
2022,SSA_00239,2217_1,36.5098,33.3883,22.5929,14.4335,4.76624,-1.85704
2022,SSA_00239,2217_2,33.7815,31.6578,21.2937,12.6892,4.60325,-1.48212
2022,SSA_00239,2217_3,26.357,22.6202,14.5972,9.1361,3.3163,-0.540183
2022,SSA_00240,1148_1,25.9261,23.4448,17.4736,12.4379,5.76965,-0.719356
2022,SSA_00240,1148_2,23.7803,21.0785,14.7689,9.53091,3.92954,-0.257666
2022,SSA_00240,1148_3,37.627,32.1883,18.1935,10.5618,3.67093,-0.980732
2022,SSA_00240,2060_1,33.6555,31.3448,23.1349,15.2731,7.05729,0.708031
2022,SSA_00240,2060_2,25.2987,24.2509,20.553,14.9298,7.69377,0.216355
2022,SSA_00240,2060_3,31.8309,28.2296,20.6519,14.2215,6.39295,-0.190678
2022,SSA_00241,1301_1,2.02251,1.35775,1.5783,1.14774,0.905401,0.192528
2022,SSA_00241,1301_3,4.08309,3.41217,4.28766,3.76374,3.20056,2.00688
2022,SSA_00241,2100_1,17.3774,17.1483,14.7891,12.007,6.7435,-0.578186
2022,SSA_00241,2100_2,26.2839,25.3387,20.3455,14.8805,5.86479,-0.418966
2022,SSA_00241,2100_3,13.8136,13.7758,11.6682,9.9201,5.83613,1.76619
2022,SSA_00254,1108_1,24.8785,23.3535,19.1199,13.2939,6.27628,0.0556608
2022,SSA_00254,1108_2,13.4675,13.7336,9.81543,8.26508,3.70254,0.264338
2022,SSA_00254,1108_3,28.2289,25.2952,20.3304,15.2169,6.77924,-0.143991
2022,SSA_00254,2175_1,27.9671,24.2246,18.0545,13.2145,6.44299,0.335274
2022,SSA_00254,2175_2,22.8907,21.0505,16.237,12.4189,6.20551,0.134328
2022,SSA_00254,2175_3,23.065,20.3969,16.2815,11.4637,5.54076,0.263775
2022,SSA_00262,1042_1,43.3789,36.3527,23.7218,15.7203,7.52961,2.12763
2022,SSA_00262,1042_2,29.758,27.1024,20.6824,14.4359,7.95565,0.0701712
2022,SSA_00262,1042_3,22.3365,22.1324,17.5983,12.9503,6.28066,-1.03495
2022,SSA_00262,2028_1,23.7714,23.2327,18.8859,12.4676,5.61006,-0.849409
2022,SSA_00262,2028_2,26.3812,24.5714,19.1938,13.8815,7.5452,1.80708
2022,SSA_00262,2028_3,14.9609,14.2538,12.2516,9.22185,4.05092,0.816615
2022,SSA_00271,1158_1,21.2771,20.8578,18.0309,13.1491,6.69676,1.401
2022,SSA_00271,1158_2,18.8399,19.0207,15.8837,11.5733,7.2975,1.54001
2022,SSA_00271,1158_3,20.4573,19.2514,16.1569,10.558,5.18636,0.334152
2022,SSA_00271,2230_1,31.7281,29.7878,20.8171,12.7247,4.37196,-0.642504
2022,SSA_00271,2230_2,31.5141,29.8455,22.4912,14.5552,7.74973,1.95308
2022,SSA_00271,2230_3,38.093,34.383,26.6287,18.0212,8.82346,2.60561
2022,SSA_00275,1248_1,29.7158,27.3091,20.4733,13.1024,4.85806,-2.18129
2022,SSA_00275,1248_2,22.7589,21.0392,17.4367,12.1947,5.32712,-1.31983
2022,SSA_00275,1248_3,33.9058,30.9148,22.1761,15.1125,5.61928,-1.15176
2022,SSA_00275,2140_1,21.148,20.9615,17.2268,12.8729,5.78051,-0.587854
2022,SSA_00275,2140_2,24.5171,22.7317,19.2086,12.9649,5.01683,-1.31246
2022,SSA_00275,2140_3,17.3464,16.6113,13.7842,10.099,4.55636,-1.95679
2022,SSA_00279,1147_1,44.6082,39.1503,23.5943,15.7453,6.30095,0.0202562
2022,SSA_00279,1147_2,34.123,28.936,19.8623,13.7346,6.21724,1.97962
2022,SSA_00279,1147_3,34.4798,29.8913,19.1849,13.6669,7.02136,1.27665
2022,SSA_00279,2289_1,29.5097,25.844,18.902,13.2708,5.41742,-1.07234
2022,SSA_00279,2289_2,29.2313,26.4575,18.6476,11.7879,3.60911,-1.50358
2022,SSA_00286,1044_1,22.1412,21.798,18.6958,13.3509,5.54325,-0.585889
2022,SSA_00286,1044_2,30.9231,29.1128,22.2085,15.0543,7.78768,1.44186
2022,SSA_00286,1044_3,5.64586,5.34323,4.72898,4.07782,2.95262,2.02057
2022,SSA_00286,2264_1,37.282,33.5505,22.6685,13.3234,5.38068,-1.5474
2022,SSA_00286,2264_2,33.8619,31.6013,22.375,14.4952,6.77702,0.190503
2022,SSA_00286,2264_3,31.2264,27.5083,18.5959,13.2537,5.18755,0.106276
2022,SSA_00299,1151_1,20.2054,17.589,14.0778,9.58,4.46123,-0.0839268
2022,SSA_00299,1151_2,39.6305,36.3408,26.0074,16.1771,6.68733,-0.406409
2022,SSA_00299,1151_3,21.7716,20.3561,14.8012,10.4443,5.29292,1.38841
2022,SSA_00299,2081_1,27.8423,25.7929,18.7856,14.2801,7.56658,2.51908
2022,SSA_00299,2081_2,31.239,28.6648,19.724,14.3334,6.15643,-0.10339
2022,SSA_00299,2081_3,13.4873,11.575,10.1034,7.3489,3.40072,0.930009
2022,SSA_00304,2271_1,32.2259,29.2975,21.864,13.9012,5.53786,-0.855454
2022,SSA_00304,2271_2,33.8197,31.5722,22.0812,13.9451,5.66704,-0.254259
2022,SSA_00304,2271_3,28.4397,25.5737,18.631,12.0589,5.7147,0.945903
2022,SSA_00312,2157_1,26.584,24.7203,17.8412,13.7364,8.87768,3.31524
2022,SSA_00312,2157_2,28.2328,25.4799,19.9369,13.5562,6.87831,0.609388
2022,SSA_00312,2157_3,27.278,23.9094,17.5486,12.5636,7.27907,1.41196
2022,SSA_00359,1209_1,22.8759,21.2621,14.1533,9.44409,3.80651,-0.182236
2022,SSA_00359,1209_2,25.6427,25.0839,20.3321,13.9055,6.65362,0.457545
2022,SSA_00359,1209_3,22.854,19.9996,14.1931,10.0041,4.18345,0.582585
2022,SSA_00359,2297_1,38.9124,35.409,24.194,15.2735,5.85856,-0.337802
2022,SSA_00359,2297_2,28.9431,25.585,19.5996,14.5903,7.38469,2.33985
2022,SSA_00359,2297_3,44.3033,38.2585,25.1978,15.6692,7.11533,0.0253499
2022,SSA_00367,1073_1,44.2224,37.8504,22.3269,13.5432,5.23243,-1.45102
2022,SSA_00367,1073_2,47.6015,38.7143,23.339,14.1821,5.30267,-0.725976
2022,SSA_00367,1073_3,22.5067,20.3322,14.9351,9.81121,4.0473,0.509572
2023,SSA_00001,2210_1,21.4589,20.4421,14.713,9.58849,3.85701,0.611614
2023,SSA_00001,2210_2,23.3739,21.6251,17.8661,13.2149,7.44363,2.65171
2023,SSA_00001,2210_3,32.4732,28.5326,20.7228,14.6506,8.34582,1.29972
2023,SSA_00003,1006_1,16.3022,14.3576,12.8266,9.22171,4.9035,0.441664
2023,SSA_00003,1006_3,23.4072,20.524,15.0228,11.0912,4.91877,1.11934
2023,SSA_00003,2282_1,26.1291,24.0968,17.0047,12.0871,4.52092,-1.10124
2023,SSA_00003,2282_2,14.2157,13.7439,9.48046,7.18499,2.8893,-0.490162
2023,SSA_00003,2282_3,12.8856,11.9221,10.732,7.34545,3.74701,0.413332
2023,SSA_00004,2054_1,22.7371,22.3737,18.5348,12.2668,3.95227,-0.730589
2023,SSA_00004,2054_2,44.1499,38.6752,22.3281,13.3153,4.98712,-1.65998
2023,SSA_00004,2054_3,25.5945,21.5582,14.7023,9.06594,3.57915,-0.54152
2023,SSA_00005,1214_1,33.9735,31.493,22.6356,14.3644,6.0665,0.565267
2023,SSA_00005,1214_2,38.343,34.2996,22.0039,14.3547,6.65752,0.279555
2023,SSA_00005,1214_3,31.781,28.5133,20.4958,13.8441,7.23844,1.15597
2023,SSA_00005,2139_1,33.1198,28.257,19.4782,13.6757,6.87175,0.993862
2023,SSA_00005,2139_2,25.3782,23.2741,17.9605,13.1482,7.3459,1.37987
2023,SSA_00005,2139_3,30.5062,27.6538,19.2064,13.3217,6.26307,0.0181434
2023,SSA_00006,1314_1,4.19036,3.68891,3.2172,3.09627,2.12107,0.455905
2023,SSA_00006,1314_2,10.9101,8.69663,8.5188,7.14736,3.4048,0.163729
2023,SSA_00006,1314_3,5.58371,5.30954,4.78827,4.3342,2.59803,-0.31402
2023,SSA_00006,2234_1,10.4555,10.4816,9.9885,8.08271,5.50985,0.494878
2023,SSA_00006,2234_3,11.7756,11.2087,9.43917,9.60243,6.17358,-0.401581
2023,SSA_00007,1143_1,15.4381,14.1987,10.4139,7.59377,4.15589,0.577323
2023,SSA_00007,1143_2,20.436,18.4401,14.0854,9.53647,4.87816,-0.0958593
2023,SSA_00007,1143_3,24.3895,22.92,15.2351,9.45314,3.68839,-0.77728
2023,SSA_00007,2043_1,8.94811,8.5751,6.89846,5.02839,2.31876,-0.786766
2023,SSA_00007,2043_2,8.56476,8.14108,6.78256,4.78709,2.32617,-0.501455
2023,SSA_00007,2043_3,18.8726,17.294,13.2639,8.48446,3.53328,-0.448644
2023,SSA_00008,1141_1,11.087,11.7368,10.3999,8.15535,4.61468,-1.20254
2023,SSA_00008,1141_2,32.2809,30.627,24.6001,14.9466,7.01594,-0.690164
2023,SSA_00008,1141_3,25.3293,23.3496,19.7908,14.2541,7.81617,0.807896
2023,SSA_00008,2261_1,21.859,21.0406,16.0525,11.2475,5.29266,-0.412071
2023,SSA_00008,2261_2,20.9063,19.6691,15.8913,10.9976,6.24062,0.567382
2023,SSA_00008,2261_3,31.4525,28.3691,20.8178,13.0701,5.54908,-0.159496
2023,SSA_00009,1187_1,35.1592,30.5579,23.0483,15.6644,8.23703,1.58298
2023,SSA_00009,1187_2,25.4889,22.7404,15.9289,9.78438,4.22077,-1.41354
2023,SSA_00009,1187_3,13.8309,12.9488,10.3416,8.28165,4.62957,-0.0690552
2023,SSA_00009,2074_1,26.8594,24.3803,14.7506,8.33424,3.30314,-0.201717
2023,SSA_00009,2074_2,28.5006,26.7513,19.2763,13.0995,4.98488,-0.592695
2023,SSA_00009,2074_3,30.3702,26.3174,18.1717,11.1826,5.52682,0.0519739
2023,SSA_00010,1076_1,18.6288,16.6721,13.4139,9.98481,5.06239,-0.0803616
2023,SSA_00010,1076_2,22.5377,22.3543,17.649,13.0346,7.00557,1.90192
2023,SSA_00010,1076_3,38.5669,33.4058,22.2505,13.5314,5.56542,-1.80441
2023,SSA_00010,2034_1,20.0299,18.2544,13.7754,9.51819,4.77455,-0.0920624
2023,SSA_00010,2034_2,29.7622,26.4797,18.8196,12.584,5.13214,-1.34347
2023,SSA_00010,2034_3,22.5076,21.4278,17.3049,12.9354,6.36592,0.469539
2023,SSA_00013,1259_1,30.4819,28.0079,20.621,14.6617,7.16803,1.08849
2023,SSA_00013,1259_2,25.7216,22.9009,16.2598,11.8476,7.44012,2.34945
2023,SSA_00013,1259_3,32.9404,31.3791,23.3663,14.606,6.55762,-0.477857
2023,SSA_00013,2026_1,21.1961,19.3611,14.9179,11.1389,6.1022,0.741533
2023,SSA_00013,2026_2,25.0421,21.831,16.2214,12.3306,6.57371,2.01511
2023,SSA_00013,2026_3,28.8003,27.0598,21.2203,14.6842,6.28377,-1.14468
2023,SSA_00018,1139_1,14.926,13.5932,11.0339,8.25986,4.01994,-1.24469
2023,SSA_00018,1139_2,22.4449,19.3531,13.8584,10.647,4.54869,0.579284
2023,SSA_00018,1139_3,27.8161,24.4941,18.0255,11.9889,5.26006,-1.18661
2023,SSA_00018,2160_1,36.4274,31.9399,21.7411,14.4146,6.22503,0.0925351
2023,SSA_00018,2160_2,21.1876,20.3226,16.8321,12.3595,5.27616,-0.411662
2023,SSA_00018,2160_3,29.6124,27.3176,20.6545,13.629,6.09074,0.151608
2023,SSA_00024,1086_1,15.5463,15.0867,13.149,10.8042,5.26133,-0.299728
2023,SSA_00024,1086_2,18.5159,17.9274,16.4183,12.6343,5.87493,-0.791987
2023,SSA_00024,1086_3,10.6923,10.6259,9.25453,8.55384,6.03995,0.585747
2023,SSA_00024,2027_1,20.3324,18.9057,16.839,11.6394,4.75682,-0.996587
2023,SSA_00024,2027_2,23.9955,23.4745,19.7582,15.3749,7.32488,2.07745
2023,SSA_00024,2027_3,21.7755,22.3761,19.2845,14.2458,5.25563,-0.334518
2023,SSA_00033,1153_1,31.3942,28.4123,21.4577,15.1427,6.31146,-0.0978931
2023,SSA_00033,1153_2,28.1136,26.1642,20.5558,12.8062,5.35697,-1.55649
2023,SSA_00033,1153_3,33.858,29.3109,19.6553,12.9701,5.52564,-0.674347
2023,SSA_00033,2191_1,35.9828,30.2003,20.6192,13.1343,5.60434,-0.554485
2023,SSA_00033,2191_2,34.6169,33.8613,23.0915,13.3858,5.44233,-1.05585
2023,SSA_00033,2191_3,9.02166,8.07816,6.19947,4.52867,1.43098,-1.88801
2023,SSA_00041,1093_1,36.6118,30.6612,19.6974,12.9198,5.68651,-0.932303
2023,SSA_00041,1093_2,27.2734,25.5942,17.5888,12.1736,3.92593,-1.63743
2023,SSA_00041,1093_3,24.6063,22.4559,15.3009,9.05749,3.07611,-2.46263
2023,SSA_00041,2267_1,35.305,30.8836,20.2078,13.0763,4.87259,-1.84048
2023,SSA_00041,2267_2,28.4547,27.1713,20.6071,14.4547,6.59301,0.499459
2023,SSA_00041,2267_3,36.4234,32.3281,21.6637,12.8686,4.26243,-2.40519
2023,SSA_00050,1280_2,26.0858,24.7737,17.957,13.2856,5.64098,-0.984994
2023,SSA_00050,1280_3,10.9769,11.055,9.75841,8.29218,4.87937,-0.143432
2023,SSA_00050,2011_2,18.12,17.1016,13.0685,9.84686,5.56185,0.477783
2023,SSA_00050,2011_3,29.1513,26.0048,18.9565,13.6864,7.58298,1.47772
2023,SSA_00062,1246_1,17.1752,14.3252,10.9071,8.42436,3.80519,-0.499605
2023,SSA_00062,1246_2,32.0936,29.7777,20.8534,13.3619,5.56959,0.470599
2023,SSA_00062,1246_3,23.1036,21.1056,13.1097,8.10942,3.70153,-0.258002
2023,SSA_00062,2218_1,30.6099,27.5877,16.911,8.98864,2.63154,-2.93885
2023,SSA_00062,2218_3,30.4841,28.4176,21.7158,15.426,6.81282,0.0643854
2023,SSA_00067,1140_1,29.8868,27.4024,21.5151,15.1016,6.20187,-0.240243
2023,SSA_00067,1140_3,21.7929,20.2072,15.8205,10.6245,5.01225,0.666949
2023,SSA_00067,2150_1,21.6662,19.3383,15.501,11.5279,6.34426,2.96679
2023,SSA_00067,2150_2,20.8819,18.5672,14.4418,10.026,4.8804,0.0482356
2023,SSA_00067,2150_3,29.1,25.6,19.5,13.6,6.67,0.124
2023,SSA_00068,1244_1,29.6058,27.3669,18.6411,11.3965,4.33665,-1.7509
2023,SSA_00068,1244_2,20.0941,19.0279,15.0348,11.34,6.20182,1.17625
2023,SSA_00068,1244_3,25.3143,23.4549,17.3,12.4244,6.70124,0.906241
2023,SSA_00068,2013_1,22.7492,19.5132,14.1785,10.3883,4.17639,-0.191265
2023,SSA_00068,2013_2,23.7613,21.4492,16.5316,11.5186,5.96659,1.71033
2023,SSA_00068,2013_3,32.5556,27.9389,18.5561,13.435,6.34379,0.954293
2023,SSA_00070,1184_1,40.2224,34.4737,23.2323,14.1317,5.99615,-1.31666
2023,SSA_00070,1184_2,32.4358,29.5476,21.3977,13.7794,6.22131,0.754396
2023,SSA_00070,1184_3,28.6333,25.3172,18.3113,13.1195,6.21996,0.398237
2023,SSA_00070,2187_1,37.4443,32.3835,20.1035,13.0467,4.42882,-2.3488
2023,SSA_00070,2187_2,18.3131,18.4993,12.7891,8.21573,1.7549,-2.90772
2023,SSA_00070,2187_3,38.9204,33.2063,22.2672,15.0872,7.89129,0.623441
2023,SSA_00075,1173_1,23.5524,20.4625,15.4835,10.8253,6.30951,1.1738
2023,SSA_00075,1173_2,29.8251,26.2685,19.2464,14.287,8.95247,3.06443
2023,SSA_00075,2151_1,24.081,22.0682,16.5438,10.6753,5.19194,-0.98513
2023,SSA_00075,2151_2,23.4554,20.9464,16.4304,12.7571,6.66302,1.59183
2023,SSA_00075,2151_3,23.7574,23.1724,18.7572,13.5941,7.16775,0.846274
2023,SSA_00079,1085_1,24.6318,24.4996,19.7951,14.5264,6.43623,0.358958
2023,SSA_00079,1085_2,23.711,23.6978,18.9907,13.4322,5.94608,0.150524
2023,SSA_00079,1085_3,30.4822,28.8626,18.7353,11.2441,4.59553,-1.01351
2023,SSA_00079,2129_1,34.8306,30.1861,21.0293,13.8079,6.4598,0.532124
2023,SSA_00079,2129_2,28.9297,27.4539,20.7541,14.2531,7.55916,0.993915
2023,SSA_00080,1221_1,31.5546,28.6812,20.3638,15.4204,7.36799,1.28269
2023,SSA_00080,1221_2,17.3356,16.0607,13.4796,11.6666,6.92291,1.8854
2023,SSA_00080,1221_3,16.0957,14.759,12.5449,10.4708,6.8165,3.21228
2023,SSA_00080,2048_1,30.3997,27.698,21.0171,15.6432,9.34761,2.46322
2023,SSA_00080,2048_2,31.1724,29.376,22.9704,16.0353,7.94708,0.716708
2023,SSA_00080,2048_3,17.5944,16.1431,12.761,9.7151,6.23124,1.62951
2023,SSA_00091,1067_1,24.3444,23.7275,20.463,14.1742,5.959,0.588982
2023,SSA_00091,1067_2,30.8313,27.3467,21.5581,16.0284,8.51691,2.11634
2023,SSA_00091,1067_3,24.5733,22.739,15.6896,10.5974,4.56918,-0.752964
2023,SSA_00091,2119_1,18.0903,15.9499,11.2235,6.59164,3.36591,-0.289886
2023,SSA_00091,2119_2,27.4794,25.2538,19.1122,12.4411,6.59044,1.30114
2023,SSA_00091,2119_3,28.8346,26.3581,18.3555,12.3076,5.25811,0.0166003
2023,SSA_00096,1206_1,43.2996,36.9123,24.2577,15.7577,7.30747,1.09311
2023,SSA_00096,1206_2,23.8902,20.8314,14.3488,9.13651,3.72099,0.235457
2023,SSA_00096,1206_3,35.7033,31.4875,23.0734,14.8889,7.33015,0.327536
2023,SSA_00096,2076_1,23.6924,22.7574,19.0329,14.0396,5.95939,0.237738
2023,SSA_00096,2076_2,32.9573,29.7215,21.6314,13.9323,6.17514,-0.40483
2023,SSA_00096,2076_3,33.9525,31.4183,23.6417,16.0374,6.52051,-0.116117
2023,SSA_00097,1031_1,24.9351,22.9665,17.945,14.8169,7.64976,1.72547
2023,SSA_00097,1031_2,30.9021,25.5453,19.0661,14.1478,7.66617,1.90132
2023,SSA_00097,1031_3,30.4396,26.0795,19.529,13.466,6.30727,0.0338389
2023,SSA_00097,2159_1,18.9933,17.2153,12.6974,9.11902,4.51481,-0.0595682
2023,SSA_00097,2159_2,17.5914,16.7707,12.4895,10.2275,5.57632,1.9175
2023,SSA_00097,2159_3,28.1142,24.3682,17.5841,13.2725,5.85498,0.280549
2023,SSA_00105,2183_1,28.4409,25.8819,18.1934,12.0883,4.52005,-1.12396
2023,SSA_00105,2183_2,32.0954,30.0755,21.8157,13.9456,6.05299,-1.03775
2023,SSA_00105,2183_3,16.3916,14.9299,11.3411,8.14505,3.42699,-0.647191
2023,SSA_00108,1297_1,15.6322,16.2675,12.4636,8.59326,2.96516,-0.993338
2023,SSA_00108,1297_2,24.0178,22.3633,16.5167,11.8144,6.64592,0.478107
2023,SSA_00108,1297_3,28.2237,23.4585,15.9789,10.8997,5.20133,-0.21239
2023,SSA_00108,2258_1,33.1826,29.4633,20.3694,11.8399,4.87337,-0.900797
2023,SSA_00108,2258_2,17.5701,16.0653,13.1469,9.71068,6.81285,0.987124
2023,SSA_00108,2258_3,8.51014,9.20973,7.51397,5.98589,3.78159,1.79058
2023,SSA_00110,1043_1,38.055,33.5048,21.6371,13.3737,5.95763,-0.572328
2023,SSA_00110,1043_2,26.0312,25.2495,20.4231,14.8411,7.79245,1.99018
2023,SSA_00110,1043_3,38.6496,34.2012,24.1288,16.3785,9.24254,2.6172
2023,SSA_00110,2025_1,37.4751,33.341,22.7427,14.0959,5.86675,-0.10228
2023,SSA_00110,2025_2,23.1688,21.1971,15.6508,12.0165,6.82559,3.09455
2023,SSA_00110,2025_3,26.3451,23.324,18.586,12.8172,8.68172,4.51034
2023,SSA_00113,1127_1,22.4338,20.6248,16.1273,11.7487,5.89018,-0.0109431
2023,SSA_00113,1127_2,16.976,16.0688,14.3321,10.9577,5.25904,0.821768
2023,SSA_00113,1127_3,17.2273,15.523,13.2425,8.8765,4.66217,0.0580134
2023,SSA_00113,2085_1,18.5312,17.3166,13.4228,10.0276,6.24091,1.13873
2023,SSA_00113,2085_2,13.3925,11.9403,9.95921,7.55024,4.05439,0.293214
2023,SSA_00113,2085_3,26.1314,23.2806,16.4632,11.8824,5.70214,1.07084
2023,SSA_00119,1301_1,28.102,25.139,18.9188,13.7665,6.29873,1.17795
2023,SSA_00119,1301_2,31.0326,28.2119,21.2899,14.5162,7.70971,2.68797
2023,SSA_00119,1301_3,30.0167,26.9594,19.1764,12.8381,5.72548,-0.880401
2023,SSA_00119,2198_1,31.7828,29.4845,23.5654,17.4539,8.70752,1.82816
2023,SSA_00119,2198_2,22.4329,20.9323,17.7864,13.0914,5.80645,1.70965
2023,SSA_00119,2198_3,33.7307,29.8842,22.5342,14.574,6.43981,-1.04315
2023,SSA_00121,1222_1,22.1685,21.0222,18.453,12.9943,8.23484,0.0861784
2023,SSA_00121,1222_2,3.27339,3.80246,3.10769,3.32956,2.59807,0.928142
2023,SSA_00121,1222_3,18.1595,17.4928,15.0958,12.858,7.29196,1.59379
2023,SSA_00121,2306_1,2.9,3.04,2.73,2.07,2.11,0.133
2023,SSA_00121,2306_2,21.1901,20.1795,16.7589,12.94,6.03283,-0.375211
2023,SSA_00121,2306_3,5.93498,6.54791,6.84383,6.30218,4.70653,3.03552
2023,SSA_00123,1126_1,18.9843,16.4583,11.5233,7.42147,3.46631,0.108964
2023,SSA_00123,1126_2,33.4476,29.0456,19.8251,14.2123,6.51256,1.26177
2023,SSA_00123,1126_3,27.2476,25.2311,18.3778,13.6351,7.23864,0.750368
2023,SSA_00123,2003_1,21.6958,18.6271,13.8989,10.8645,5.16271,0.781814
2023,SSA_00123,2003_2,24.7401,22.5778,16.1005,10.9653,5.18369,0.40185
2023,SSA_00123,2003_3,24.3325,23.9598,18.4789,13.2943,6.19008,-0.64118
2023,SSA_00126,1133_1,14.7698,14.3513,13.8663,13.157,11.5984,6.27321
2023,SSA_00126,1133_2,13.3246,13.2934,13.6241,12.8069,11.2402,7.92253
2023,SSA_00126,1133_3,28.0223,26.9922,22.9757,16.7866,8.3641,1.3751
2023,SSA_00126,2167_2,19.4194,17.4051,14.4961,11.245,5.90515,1.7057
2023,SSA_00126,2167_3,9.74142,9.17321,8.5737,7.47321,5.22949,2.58914
2023,SSA_00128,1279_1,17.6743,17.6091,15.1541,11.2481,5.66203,-0.942652
2023,SSA_00128,1279_2,20.0944,19.9046,18.0893,13.7609,10.2916,-3.74359
2023,SSA_00128,1279_3,12.5117,13.5453,12.2683,10.4754,7.05551,3.29794
2023,SSA_00128,2039_1,11.2505,10.5308,9.22951,7.48167,4.26898,-1.22223
2023,SSA_00128,2039_3,15.9768,14.4748,12.7712,9.33286,5.34405,0.549979
2023,SSA_00135,1095_1,28.9175,24.3715,15.6859,9.9532,5.2544,-0.380026
2023,SSA_00135,1095_2,21.9111,21.0704,18.7351,7.35026,0.857907,-1.69945
2023,SSA_00135,1095_3,18.1785,15.8567,12.1427,8.39117,4.09944,-0.595775
2023,SSA_00135,2296_1,21.4339,20.1907,15.9672,11.4083,5.68124,-0.161558
2023,SSA_00135,2296_2,32.7367,29.5568,20.3935,14.9475,7.36358,2.1329
2023,SSA_00135,2296_3,27.3423,24.5769,17.5378,12.325,4.09777,-1.94309
2023,SSA_00138,2186_1,11.0616,10.2364,7.63133,6.0798,3.33001,-0.161101
2023,SSA_00138,2186_2,11.8913,12.0535,9.97512,8.01467,4.17929,0.0359349
2023,SSA_00138,2186_3,12.8158,11.8529,10.0283,7.79277,4.8283,1.44754
2023,SSA_00139,1017_1,37.7187,32.0631,22.1913,15.0407,7.81944,2.42794
2023,SSA_00139,1017_2,25.4587,21.7237,14.6041,10.1221,4.23044,-0.876878
2023,SSA_00139,1017_3,41.374,35.9366,24.5308,16.2159,7.59098,1.09037
2023,SSA_00139,2127_1,41.3008,38.1593,26.9867,17.8612,7.51036,1.22859
2023,SSA_00139,2127_2,29.3737,25.858,17.1168,11.3488,3.73015,-2.28603
2023,SSA_00139,2127_3,42,37.4,24.1,17.1,7.48,0.798
2023,SSA_00151,1170_1,23.2335,21.5791,16.5354,11.886,5.40866,0.481113
2023,SSA_00151,1170_2,17.4543,16.8749,14.8569,11.6681,7.02734,1.30561
2023,SSA_00151,1170_3,27.1615,24.68,18.3007,13.0365,6.84759,0.565072
2023,SSA_00151,2274_1,17.5194,17.0205,14.198,11.4658,5.20821,-0.395944
2023,SSA_00151,2274_2,24.7077,23.833,18.6487,13.3814,6.98679,-0.855964
2023,SSA_00151,2274_3,37.2445,32.7621,22.5837,16.7308,8.08462,1.81331
2023,SSA_00156,1253_1,4.25519,4.3596,3.60541,3.28599,1.2349,-0.577346
2023,SSA_00156,1253_2,29.2008,28.0587,21.5558,14.7218,7.33397,0.232692
2023,SSA_00156,1253_3,32.5406,28.5833,19.1215,12.874,5.40701,-0.53583
2023,SSA_00156,2146_1,28.0883,28.2815,20.6662,14.2259,7.45093,-0.974924
2023,SSA_00156,2146_2,9.17816,9.96237,9.72624,8.23321,5.54502,1.40799
2023,SSA_00156,2146_3,19.7201,18.6435,17.074,14.3863,9.88529,4.07188
2023,SSA_00160,1289_1,16.0563,14.649,11.9116,9.0826,5.55829,0.574429
2023,SSA_00160,1289_2,9.27736,8.7508,8.68948,6.26418,3.18931,0.200451
2023,SSA_00160,1289_3,7.42257,7.22702,5.88206,4.93868,4.43588,1.53184
2023,SSA_00160,2036_1,6.40213,6.96286,6.06787,6.11383,5.06164,2.60203
2023,SSA_00160,2036_2,16.5252,15.5747,11.9549,9.40948,4.34963,0.561189
2023,SSA_00160,2036_3,14.0136,12.265,11.458,8.36709,4.75232,-0.0373483
2023,SSA_00173,1025_1,7.96125,4.81684,4.03086,2.42751,2.73396,-0.131815
2023,SSA_00173,1025_2,26.0499,22.2191,21.5277,11.3573,5.84162,-4.56277
2023,SSA_00173,1025_3,27.9458,26.3233,19.1401,12.8296,6.19856,-0.323577
2023,SSA_00173,2318_1,18.3951,18.5075,17.1659,14.8811,10.6867,3.63012
2023,SSA_00173,2318_2,22.3231,21.9792,19.7058,16.2872,9.39825,4.11635
2023,SSA_00173,2318_3,7.73897,7.25587,6.71433,6.35447,4.89605,1.28223
2023,SSA_00178,1005_1,5.15967,6.06513,5.005,4.28201,3.61399,2.04884
2023,SSA_00178,1005_3,32.0315,28.7955,21.0363,15.5604,8.81517,2.52822
2023,SSA_00178,2308_1,23.3846,22.8648,18.2767,13.2546,6.89924,0.742674
2023,SSA_00178,2308_2,19.9322,18.1197,12.3993,8.17361,4.22772,0.150807
2023,SSA_00179,1077_1,25.4624,24.4504,18.3592,13.9491,7.69213,2.90571
2023,SSA_00179,1077_2,28.5036,26.4844,21.4288,16.288,9.22078,3.2518
2023,SSA_00179,1077_3,19.9912,18.4777,17.2535,13.8897,8.31283,4.32422
2023,SSA_00179,2295_1,29.3527,26.6929,18.9869,12.2163,5.95227,0.0528501
2023,SSA_00179,2295_2,7.25519,7.88117,6.47983,5.98211,3.69947,0.407116
2023,SSA_00179,2295_3,14.4747,14.1917,12.7784,10.1988,5.83951,0.825375
2023,SSA_00186,1048_1,31.1484,26.9074,20.0803,14.3743,7.55281,1.11361
2023,SSA_00186,1048_2,30.238,26.8547,20.1074,13.6862,7.50706,-0.397595
2023,SSA_00186,1048_3,31.8659,31.1537,21.6929,16.1408,7.59012,2.25621
2023,SSA_00186,2259_1,18.2205,18.4457,16.1814,12.7313,5.66009,-1.23261
2023,SSA_00186,2259_2,22.8189,22.1508,18.0561,12.5823,5.98342,0.225146
2023,SSA_00186,2259_3,19.9574,19.5945,17.5255,14.6259,7.48165,1.11555
2023,SSA_00187,1226_1,22.5958,20.679,15.4086,10.0603,4.53394,-0.297315
2023,SSA_00187,1226_2,23.596,20.8189,15.2599,9.8759,4.3105,0.195642
2023,SSA_00187,1226_3,23.9875,21.448,17.3,13.234,7.32215,1.61421
2023,SSA_00187,2153_1,24.2916,22.8769,18.5977,13.925,7.72658,3.12564
2023,SSA_00187,2153_2,31.41,29.5438,22.2996,15.3424,8.08691,1.48351
2023,SSA_00187,2153_3,15.845,14.9119,12.7205,10.1773,6.23427,1.78997
2023,SSA_00197,1146_1,30.3839,28.4452,19.7541,13.2248,5.18606,-0.840874
2023,SSA_00197,1146_2,15.0079,13.7208,11.1006,8.21813,4.5707,0.394657
2023,SSA_00197,1146_3,21.1543,19.7437,15.7995,12.7063,6.23269,0.586119
2023,SSA_00197,2111_1,24.0096,22.1342,16.9822,12.3619,6.43899,1.48069
2023,SSA_00197,2111_2,17.1298,15.8375,13.0199,10.1424,6.60626,1.17461
2023,SSA_00197,2111_3,35.7801,31.7784,22.4682,14.7348,5.97173,0.930659
2023,SSA_00204,1044_1,24.594,22.0384,16.1555,11.5235,5.19145,-1.47249
2023,SSA_00204,1044_2,26.327,24.3116,17.7127,11.9147,6.3424,0.570147
2023,SSA_00204,1044_3,37.7,32.9052,21.9021,14.3242,6.63748,-0.624615
2023,SSA_00204,2158_1,22.7148,19.9262,13.2004,8.96079,2.94667,-1.65203
2023,SSA_00204,2158_2,22.0496,20.237,14.2717,8.77919,3.4445,-1.51658
2023,SSA_00204,2158_3,37.7273,33.8859,22.6364,15.386,6.77445,-1.09445
2023,SSA_00209,1238_1,24.8715,23.7394,18.8564,12.0355,4.20703,-2.46482
2023,SSA_00209,1238_2,19.2184,17.2484,13.2127,9.54366,4.34712,-0.294444
2023,SSA_00209,2101_1,18.76,17.4936,14.3609,11.3185,5.51499,0.366647
2023,SSA_00209,2101_2,24.563,23.0065,17.7193,11.9242,5.98136,-0.353421
2023,SSA_00209,2101_3,11.5374,10.5319,7.89012,5.36316,3.84989,-0.183498
2023,SSA_00216,1083_1,29.6479,26.3081,20.2241,13.95,6.38836,0.51443
2023,SSA_00216,1083_2,24.6088,24.1766,18.8245,13.447,6.39454,0.287087
2023,SSA_00216,1083_3,21.2114,19.7432,15.3424,11.9471,6.04437,0.0650947
2023,SSA_00222,1123_1,34.0691,31.0482,21.8099,13.9571,5.64706,-1.52552
2023,SSA_00222,1123_2,35.1859,31.9241,20.9479,13.273,5.53606,-1.92724
2023,SSA_00222,1123_3,42.3807,37.6218,24.7489,16.0937,7.54396,0.959971
2023,SSA_00222,2033_1,4.18163,4.39344,4.02118,3.76504,2.11631,-0.962648
2023,SSA_00222,2033_2,27.782,23.8314,16.5491,10.9242,4.91974,1.11961
2023,SSA_00222,2033_3,32.3255,30.0571,21.6809,14.4085,5.91882,-1.79289
2023,SSA_00227,1013_1,28.7129,25.2273,18.8685,13.5703,7.5735,2.03032
2023,SSA_00227,1013_2,21.5512,18.894,14.0141,10.6373,7.63638,2.25011
2023,SSA_00227,1013_3,22.4283,20.053,15.3043,10.3071,6.0025,0.908702
2023,SSA_00227,2103_1,23.7914,21.7361,16.8873,13.3914,7.51989,1.87228
2023,SSA_00227,2103_2,14.6118,16.9978,13.7879,11.1937,7.27888,2.51586
2023,SSA_00227,2103_3,15.3117,14.5058,11.3248,9.21467,6.38223,1.63234
2023,SSA_00229,2067_1,28.9768,26.9113,19.4913,14.154,6.82122,-0.416163
2023,SSA_00229,2067_2,24.8461,21.2784,15.2782,11.2068,5.90892,1.70465
2023,SSA_00229,2067_3,28.3077,25.1819,16.7048,10.4351,3.27315,-1.83325
2023,SSA_00235,1102_1,31.4124,28.0857,20.9799,15.3612,9.29895,0.667911
2023,SSA_00235,1102_2,37.3315,32.5205,22.6341,14.3531,7.61109,-0.191566
2023,SSA_00235,1102_3,25.6732,23.1771,16.6932,11.4556,5.80241,1.5746
2023,SSA_00235,2205_1,31.3538,26.5498,18.5498,13.1738,5.63225,-0.641085
2023,SSA_00235,2205_2,28.2547,24.7703,17.1561,11.3315,4.39541,4.01606
2023,SSA_00235,2205_3,28.549,26.1615,19.9498,13.0477,5.06872,-2.13037
2023,SSA_00238,1315_2,31.3867,28.6223,20.1389,14.7632,7.20298,1.29384
2023,SSA_00238,1315_3,12.1485,11.475,11.2003,8.83053,4.50607,-0.0247687
2023,SSA_00239,1042_1,41.5544,36.6285,24.297,16.3084,7.09884,-0.168682
2023,SSA_00239,1042_2,32.5084,29.295,20.3871,14.0426,5.70961,-1.48875
2023,SSA_00239,1042_3,33.4072,30.4321,22.785,15.4275,6.83955,1.33888
2023,SSA_00239,2271_1,30.9113,28.4985,19.906,12.8977,4.69482,-1.009
2023,SSA_00239,2271_2,31.5244,28.3855,19.2877,13.0669,5.57285,-0.0905526
2023,SSA_00239,2271_3,39.4432,34.9266,23.1496,13.7904,5.94761,-1.28147
2023,SSA_00240,1033_1,35.2883,31.4273,21.8287,14.179,6.60689,0.198004
2023,SSA_00240,1033_2,40.7905,36.056,24.4113,15.7071,6.88148,-0.732648
2023,SSA_00240,1033_3,35.5245,33.5494,24.4903,15.955,6.65788,-0.621207
2023,SSA_00241,1128_1,6.58288,6.32236,5.31757,4.43027,2.19648,-0.917345
2023,SSA_00241,1128_2,12.4205,12.6276,10.1892,8.04207,3.36378,-1.08078
2023,SSA_00241,1128_3,11.6012,10.4908,9.24879,9.39629,4.33496,0.559165
2023,SSA_00241,2079_1,19.0371,17.4621,14.9427,12.4515,7.00952,1.23065
2023,SSA_00241,2079_2,12.5083,12.7171,10.6064,8.54939,4.09655,-0.483894
2023,SSA_00241,2079_3,16.1607,14.5151,13.0156,10.0865,4.91887,0.194845
2023,SSA_00254,1219_1,25.2935,23.3631,16.9714,13.2877,7.03514,0.545047
2023,SSA_00254,1219_2,20.6681,20.2404,17.8759,13.4608,6.92285,-0.171711
2023,SSA_00254,1219_3,28.514,25.9688,18.9496,14.4412,8.08108,1.21489
2023,SSA_00254,2122_1,20.614,20.5132,17.0185,13.1882,5.27757,-1.94969
2023,SSA_00254,2122_2,28.2,27.2,21.2,14.7,6.03,-1.14
2023,SSA_00254,2122_3,18.075,17.035,12.692,9.42053,3.40225,-2.30316
2023,SSA_00262,1050_1,25.9722,24.557,19.0222,11.7932,4.10687,-1.80224
2023,SSA_00262,1050_2,28.1826,25.4387,17.9836,12.3525,6.22345,0.63179
2023,SSA_00262,1050_3,24.9764,23.1288,17.7176,13.0183,6.69999,0.443643
2023,SSA_00262,2161_1,32.9295,28.0257,20.1084,13.1809,6.18782,0.453771
2023,SSA_00262,2161_2,24.2538,22.9595,16.3644,10.0395,4.53906,-0.307289
2023,SSA_00262,2161_3,30.213,27.7882,19.979,12.741,5.38602,-1.68002
2023,SSA_00271,1272_1,20.8155,19.3633,15.7451,11.2947,5.84965,1.06343
2023,SSA_00271,1272_2,33.1791,29.9806,21.9642,14.8562,6.70861,1.0424
2023,SSA_00271,1272_3,30.8274,27.9948,21.5396,13.2505,6.74068,0.170219
2023,SSA_00271,2120_3,7.29796,8.70284,8.42114,8.84663,7.04391,3.29959
2023,SSA_00275,1148_1,36.1027,31.397,21.7272,14.7613,7.03894,-0.0193818
2023,SSA_00275,1148_3,27.9558,26.5579,22.0526,15.4815,8.69142,1.57566
2023,SSA_00275,2114_1,23.824,22.1096,17.7419,12.8203,5.95307,-1.03339
2023,SSA_00275,2114_2,31.8342,28.4496,22.4262,16.6297,7.83487,0.896463
2023,SSA_00275,2114_3,25.737,24.0656,18.9817,14.5557,7.17313,0.198727
2023,SSA_00279,1303_1,32.4353,28.0363,20.7716,15.0565,6.90582,-0.644612
2023,SSA_00279,1303_2,19.522,17.804,12.5888,8.06818,3.37669,-1.25149
2023,SSA_00279,1303_3,29.7454,25.7674,20.2002,12.6714,5.6699,-1.02378
2023,SSA_00279,2144_1,27.9272,26.3038,19.9915,13.1608,5.96047,-0.727203
2023,SSA_00279,2144_2,36.3107,31.8542,21.4825,14.6702,7.64717,0.928985
2023,SSA_00279,2144_3,27.6917,25.1759,19.9112,14.1251,7.20554,-0.353738
2023,SSA_00286,1223_1,25.9333,24.2671,19.6689,13.5644,6.20803,-0.812619
2023,SSA_00286,1223_2,24.9292,22.2772,18.0182,11.8773,5.75404,-0.673423
2023,SSA_00286,1223_3,28.1795,26.2816,19.8969,14.7987,6.71545,-0.620341
2023,SSA_00286,2134_1,30.2914,27.1278,18.4433,14.5597,7.57149,0.167846
2023,SSA_00286,2134_2,21.2753,19.7294,17.2355,13.3383,6.76515,0.797979
2023,SSA_00286,2134_3,29.4327,27.3762,20.578,14.4894,7.24612,0.695775
2023,SSA_00299,1118_1,33.7987,30.7315,23.5945,16.4946,7.40606,1.08517
2023,SSA_00299,1118_2,28.4984,26.7434,20.1105,15.3562,9.05048,1.73346
2023,SSA_00299,1118_3,37.2324,31.252,21.0095,14.4357,6.9176,0.24297
2023,SSA_00299,2245_1,31.773,29.3033,21.3143,14.2839,7.16805,0.105212
2023,SSA_00299,2245_2,26.5143,24.3239,17.0832,10.01,3.80089,-1.32898
2023,SSA_00304,1292_1,30.9279,29.17,23.3705,16.4995,9.25916,2.34904
2023,SSA_00304,1292_2,21.7839,19.4878,16.1108,11.9766,6.29803,1.23674
2023,SSA_00304,1292_3,25.1489,23.4581,18.2078,12.9376,6.67562,-0.15171
2023,SSA_00304,2080_1,28.4962,27.2679,23.249,17.5918,8.97121,0.923411
2023,SSA_00304,2080_2,24.5576,23.2508,17.6343,12.184,5.72704,0.0273172
2023,SSA_00304,2080_3,32.6359,29.2357,20.8928,14.046,7.12858,-0.134115
2023,SSA_00312,1225_1,33.6955,28.5849,20.363,14.5356,7.9211,1.6172
2023,SSA_00312,1225_2,36.6509,31.0727,20.9444,13.454,6.06115,-0.814937
2023,SSA_00312,1225_3,35.4316,31.3073,20.9859,14.8343,6.46782,-0.543954
2023,SSA_00312,2045_1,28.5296,26.2801,19.5439,14.1203,7.68467,1.7227
2023,SSA_00312,2045_2,21.1945,19.2627,14.0772,10.5165,4.78745,0.00640487
2023,SSA_00312,2045_3,30.3195,26.6943,20.1821,14.1078,7.5058,0.458362
2023,SSA_00359,1103_1,12.7929,12.3319,10.0418,8.73696,5.84755,1.1753
2023,SSA_00359,1103_2,13.8852,14.7002,12.9213,9.09913,4.21733,0.445254
2023,SSA_00359,1103_3,17.0538,14.6883,11.0383,7.56868,3.71831,0.495469
2023,SSA_00359,2163_1,36.0272,32.4868,22.437,14.8341,6.3876,-1.28476
2023,SSA_00359,2163_2,36.5736,33.4818,23.6022,16.2556,7.69801,1.2049
2023,SSA_00367,1070_1,9.74689,9.25746,7.22322,5.3624,3.17985,-1.63961
2023,SSA_00367,1070_2,6.99115,6.21612,5.50943,4.85169,2.87401,-0.331394
2023,SSA_00367,1070_3,18.7749,17.2964,15.0214,11.9816,7.55767,2.07755
2023,SSA_00367,2227_1,17.4455,17.1925,13.7249,10.89,5.54058,1.28101
2023,SSA_00367,2227_2,27.4412,26.1399,19.6275,14.23,7.10014,0.982987
2023,SSA_00367,2227_3,16.9913,16.2651,14.357,12.7791,6.4966,0.438866
