Accession,ACa2022_400,ACa2022_600,ACa2022_800,ACa2022_1000,ACa2022_1250,ACa2022_300,ACa2022_250,ACa2022_200,ACa2022_100,ACa2022_75,ACa2022_25,ACa2023_400,ACa2023_600,ACa2023_800,ACa2023_1000,ACa2023_1250,ACa2023_300,ACa2023_250,ACa2023_200,ACa2023_100,ACa2023_75,ACa2023_25,GsCa2022_400,GsCa2022_600,GsCa2022_800,GsCa2022_1000,GsCa2022_1250,GsCa2022_300,GsCa2022_250,GsCa2022_200,GsCa2022_100,GsCa2022_75,GsCa2022_25,GsCa2023_400,GsCa2023_600,GsCa2023_800,GsCa2023_1000,GsCa2023_1250,GsCa2023_300,GsCa2023_250,GsCa2023_200,GsCa2023_100,GsCa2023_75,GsCa2023_25,AQ2022_1800,AQ2022_1100,AQ2022_500,AQ2022_300,AQ2022_150,AQ2022_50,AQ2023_1800,AQ2023_1100,AQ2023_500,AQ2023_300,AQ2023_150,AQ2023_50
SSA_00001,31.4756,39.4676,40.4689,39.6605,39.7325,23.627,20.3815,17.185,9.0781,7.28971,2.78185,27.6004,33.145,32.9547,32.1193,31.8207,23.307,20.4139,17.6161,8.55118,7.51148,2.59766,0.117165,0.117625,0.102681,0.082065,0.0664487,0.113963,0.117519,0.12677,0.141294,0.170976,0.185345,0.117844,0.119106,0.10416,0.0920739,0.0817249,0.129499,0.137246,0.149923,0.164783,0.182908,0.190649,27.9823,25.2549,17.2166,10.3454,4.07654,-1.22495,25.7686,23.5333,17.7673,12.4847,6.54882,1.52102
SSA_00003,16.9935,21.8056,23.369,23.7657,24.4613,12.1919,10.6642,8.74183,4.29965,3.48851,1.0325,15.8518,19.3759,20.871,21.3301,21.4127,12.1516,10.568,8.73195,4.38318,3.4416,1.0656,0.0685194,0.0685965,0.062154,0.0555252,0.0512487,0.0653155,0.0680359,0.0705346,0.0735747,0.076728,0.0792994,0.0680051,0.0685295,0.0621797,0.0535771,0.0459771,0.0680299,0.0709456,0.0745758,0.0780777,0.0822327,0.0855451,18.0401,16.8561,13.1564,9.505,4.01506,-1.16771,18.588,16.9289,13.0133,9.38609,4.1959,0.076587
SSA_00004,33.0298,40.9763,41.7816,42.0284,42.2761,24.2836,20.7017,17.0648,8.83333,7.11943,2.46044,39.9624,49.1257,49.9,50.0992,50.0548,29.033,25.2443,21.1763,11.0369,8.87648,3.05334,0.131529,0.131537,0.120484,0.106468,0.0953084,0.123918,0.128443,0.135438,0.142599,0.159858,0.168002,0.182464,0.186887,0.173994,0.155627,0.137765,0.16922,0.18057,0.194016,0.207995,0.229006,0.237988,28.8573,27.1688,19.6012,12.5308,4.80345,-1.25668,30.8271,27.5357,18.5218,11.5493,4.17285,-0.977362
SSA_00005,30.7844,40.3607,43.2319,43.7676,43.8437,22.2669,19.3154,16.185,8.32485,6.63631,2.30126,28.718,34.9518,36.5103,36.4447,36.7999,19.6135,17.4821,14.7827,7.84958,6.46448,2.16542,0.12163,0.124732,0.117837,0.109835,0.100686,0.117533,0.126185,0.133343,0.140546,0.15187,0.157392,0.117114,0.112911,0.0931581,0.0739926,0.061985,0.102625,0.112922,0.121578,0.132347,0.150197,0.158753,20.5827,19.7066,15.6017,10.0967,3.56492,-0.986084,32.1836,28.9152,20.2967,13.7848,6.74053,0.732112
SSA_00006,13.0072,16.9795,18.8906,19.5954,20.4328,9.44018,8.30436,7.17755,3.66247,3.12131,0.982655,13.2672,17.1845,18.6668,18.7588,18.9712,10.4231,9.26231,8.05017,4.32804,3.73619,1.22411,0.0501047,0.0508121,0.0495483,0.0466389,0.0432967,0.0474709,0.0501958,0.0554293,0.0593385,0.0664857,0.0720031,0.0617201,0.063269,0.0610027,0.0558427,0.0498488,0.0628741,0.0674355,0.0748269,0.0842246,0.0996184,0.106111,9.5765,8.94429,7.95867,6.90493,4.32219,0.746556,8.58304,7.87709,7.19039,6.45259,3.96147,0.0797822
SSA_00007,18.8898,22.4786,23.0216,21.6429,21.646,13.951,12.4463,10.8647,5.65319,4.70458,1.57125,20.5459,23.3721,23.5749,23.5962,23.5057,16.7858,14.7739,12.4024,6.3363,4.93921,1.50469,0.0734286,0.0734393,0.0576277,0.0384645,0.0308917,0.0692069,0.0754753,0.084431,0.0899605,0.100218,0.107464,0.096608,0.0987264,0.0951659,0.0905701,0.0847927,0.0997936,0.103465,0.10812,0.112533,0.119752,0.123581,20.6259,18.7304,13.0628,8.40119,3.29824,-1.25372,16.1082,14.9282,11.1132,7.48055,3.48344,-0.33878
SSA_00008,39.3292,46.9276,47.7265,47.5507,46.2035,28.6305,24.8295,21.1613,11.2099,8.93402,2.99096,26.7749,32.3318,31.1017,28.5846,29.0642,21.0463,18.8747,16.4919,8.95019,7.71612,2.3456,0.161447,0.16121,0.141164,0.109004,0.0824248,0.147038,0.156644,0.174236,0.187159,0.204005,0.214989,0.0994753,0.0993019,0.0747564,0.0546402,0.0449454,0.100835,0.11147,0.126005,0.144068,0.174991,0.189599,41.4485,35.5581,23.2776,15.3141,6.42503,-0.140254,23.8192,22.4654,17.9254,12.1119,6.08819,-0.181499
SSA_00009,27.5128,36.3826,38.9431,37.8547,37.4099,20.5261,17.6802,14.762,7.72422,6.22793,2.18396,25.9762,32.9947,34.5091,34.3007,34.1411,17.6863,15.6742,13.2979,6.98421,5.82039,1.96512,0.101712,0.10172,0.0903493,0.0693009,0.0554627,0.101393,0.106627,0.112924,0.122435,0.135042,0.144838,0.124552,0.124891,0.112231,0.094092,0.0803177,0.108215,0.115331,0.124139,0.133693,0.151081,0.163578,27.4111,25.8784,19.3966,13.1008,5.48945,-0.305395,26.7015,23.9494,16.9196,11.0578,5.15037,-0.107008
SSA_00010,29.2706,34.9696,36.0386,35.9953,35.7737,21.8298,18.9712,15.9103,8.36637,6.7385,2.22672,29.4021,34.1579,34.8682,34.7193,34.5764,24.3415,21.4077,18.0167,9.49033,7.58029,2.55353,0.11454,0.112812,0.0947822,0.0759707,0.0623768,0.106888,0.114128,0.123014,0.134221,0.1497,0.163659,0.118308,0.118897,0.0961249,0.0740726,0.061426,0.127362,0.137411,0.147909,0.162095,0.177755,0.187582,27.5753,24.8285,17.5975,12.1107,5.5104,-0.575282,25.3389,23.099,17.2022,11.9314,5.651,-0.158141
SSA_00013,37.7331,46.5108,47.9759,47.178,46.6502,27.1094,23.408,19.4648,9.99622,7.95664,2.68267,30.8801,37.523,38.5383,38.4031,38.4211,21.0157,19.0322,16.241,8.5301,6.94927,2.35545,0.148707,0.149451,0.143181,0.131994,0.120691,0.131902,0.141765,0.148624,0.157877,0.168901,0.174188,0.120871,0.118898,0.0992539,0.0819949,0.0687713,0.10402,0.116452,0.126438,0.13767,0.151716,0.16006,28.3345,24.9428,17.9669,11.3144,4.917,-0.0458935,27.3637,25.09,18.7678,13.2115,6.68757,0.762008
SSA_00018,30.4245,36.071,36.9435,36.8509,36.6567,23.3959,20.2149,16.8221,8.79415,6.97387,2.37563,24.4849,28.7932,29.4804,29.815,29.7756,17.7723,15.5294,12.8651,6.60043,5.21663,1.63749,0.119457,0.119786,0.112153,0.0999796,0.091226,0.11822,0.124164,0.131154,0.139172,0.150536,0.157688,0.0951966,0.0967901,0.0883101,0.0769748,0.0684376,0.0884325,0.0928651,0.0978523,0.103356,0.110049,0.115442,29.1021,26.4064,18.3857,12.4214,5.85317,0.173292,25.4024,22.8367,17.0243,11.8831,5.23677,-0.33659
SSA_00024,23.0822,32.7018,38.2188,41.3427,43.2807,17.8853,15.2863,12.8071,6.53454,5.3,1.70413,21.3804,28.4612,31.534,32.918,33.9478,14.8753,12.8732,10.617,5.36393,4.22257,1.281,0.091534,0.0931932,0.0913281,0.08635,0.0803189,0.0947536,0.098463,0.10523,0.110673,0.118941,0.122423,0.0797634,0.0805377,0.0778784,0.0719271,0.0643412,0.0743324,0.077347,0.0807572,0.0850045,0.0873779,0.0893911,23.232,22.0886,16.8548,12.4763,6.07322,0.0557705,18.4763,18.0661,15.7839,12.2087,5.75226,0.0400627
SSA_00033,25.4446,32.2776,33.8204,33.8544,33.3541,18.5586,16.3212,14.1217,7.53193,6.21642,1.96559,33.8989,39.9072,40.3294,39.5293,38.9611,25.723,22.9216,19.8309,10.621,8.61211,2.91999,0.0961323,0.0966376,0.0863201,0.0683673,0.0537871,0.0913406,0.0979027,0.108834,0.119551,0.140114,0.150115,0.136712,0.136513,0.112326,0.0852144,0.0685374,0.129787,0.144395,0.162843,0.17942,0.205259,0.215439,25.4299,24.2226,18.3337,12.7968,5.70329,-0.684261,28.8312,26.0045,18.5965,11.9946,4.94529,-0.97118
SSA_00041,30.3487,37.3837,39.0498,38.7219,37.5067,23.177,20.3177,16.8273,8.68095,6.9031,2.29989,31.8015,36.526,36.9502,36.8799,36.5601,24.2415,21.299,18.0573,9.46899,7.6211,2.46131,0.130463,0.130808,0.122395,0.108181,0.0948701,0.125636,0.133766,0.143537,0.153117,0.165417,0.174746,0.146782,0.148367,0.138026,0.120661,0.104168,0.134444,0.143643,0.157648,0.171792,0.190054,0.200259,26.1193,24.108,18.1992,11.9089,5.27165,-0.429332,31.4457,28.1824,19.1776,12.4251,4.7361,-1.4631
SSA_00050,32.2702,39.9822,40.6095,40.8074,40.5517,26.0299,22.7494,18.9371,9.77225,7.67653,2.59631,28.4334,36.2404,37.4547,38.0024,38.7346,20.0417,17.9875,15.1903,7.97059,6.44126,2.23646,0.11651,0.115908,0.0979016,0.079237,0.0621781,0.12506,0.134336,0.150735,0.155927,0.164817,0.170469,0.100588,0.100777,0.0727883,0.0560953,0.0447201,0.0930414,0.103234,0.111291,0.119684,0.131528,0.140437,29.8877,26.7903,19.1852,13.0647,6.2872,0.484207,21.0835,19.7338,14.9351,11.2778,5.91629,0.206769
SSA_00062,28.2126,35.6395,37.5405,36.7699,37.6562,20.7204,18.1418,15.278,8.05008,6.56404,2.23899,28.2394,33.8901,34.5625,34.1242,34.4333,23.1871,20.1965,17.1826,9.02025,7.33173,2.45598,0.120497,0.121652,0.113148,0.0986967,0.0835024,0.115028,0.122338,0.131741,0.142037,0.156066,0.164649,0.120718,0.121287,0.109043,0.0932003,0.0807509,0.125782,0.133012,0.144428,0.15688,0.175924,0.183943,26.9912,24.3488,18.202,12.5871,6.18678,0.895781,26.6933,24.2428,16.6994,10.8621,4.50413,-0.632294
SSA_00067,33.6272,39.4353,39.8101,39.5613,39.0811,25.7067,23.1091,19.3021,9.98075,7.941,2.69036,25.6679,29.6476,29.5713,29.3455,28.9962,20.8819,19.6872,17.07,9.08007,7.42782,2.49179,0.140787,0.143136,0.133303,0.117965,0.105154,0.136442,0.152424,0.163109,0.171641,0.183441,0.188709,0.111172,0.112355,0.101405,0.0898089,0.0810651,0.110344,0.12955,0.14253,0.156925,0.176825,0.184244,31.0017,27.2345,19.2164,12.6864,6.40702,0.298448,24.6656,22.223,17.3557,12.176,5.82176,0.713146
SSA_00068,34.0419,42.6762,43.0893,42.3941,42.8181,25.2139,22.194,19.3889,9.96834,7.92369,2.78152,27.6667,33.2375,33.4995,33.2728,33.1736,22.1562,19.5781,16.4963,8.7417,7.13228,2.41854,0.136001,0.135191,0.114679,0.097368,0.0860358,0.127439,0.13909,0.15252,0.165167,0.18577,0.205599,0.115426,0.115806,0.106309,0.0929073,0.0805365,0.119202,0.127166,0.135704,0.147032,0.161967,0.17202,29.6577,26.9121,19.0305,12.1142,5.77467,-0.188101,25.68,23.1251,16.707,11.7505,5.62108,0.467492
SSA_00070,36.2462,44.283,44.7532,44.0731,43.4448,27.1059,24.0426,20.5541,10.9054,8.81394,2.99463,32.0347,38.4636,38.9122,38.3132,38.2842,24.9961,22.3023,19.1466,10.2479,8.30721,2.78632,0.147523,0.147476,0.122588,0.0988045,0.0797532,0.143,0.155237,0.173385,0.190935,0.210889,0.220924,0.147353,0.145836,0.125303,0.103188,0.0871402,0.147256,0.156408,0.173192,0.190223,0.207385,0.216172,36.2022,32.1489,22.4769,15.1284,7.3385,0.243602,32.6615,28.9046,19.6835,12.8967,5.41874,-0.799518
SSA_00075,34.8987,45.0914,47.2256,46.7252,46.5068,26.3282,23.3128,19.6009,10.2255,8.30336,2.84267,24.9086,30.1462,30.3201,29.8248,29.8498,19.1267,17.1427,14.5133,7.74395,6.4304,2.08152,0.12683,0.127807,0.108123,0.081957,0.0665671,0.128505,0.141295,0.153284,0.164357,0.184475,0.192401,0.0968199,0.0968066,0.0715841,0.0540065,0.0457095,0.096937,0.105884,0.115741,0.126431,0.143748,0.151433,31.6736,28.5644,19.8442,13.4669,6.33895,0.0639267,24.9343,22.5836,17.2923,12.4277,6.85694,1.13824
SSA_00079,38.9926,47.5679,48.9419,49.0252,48.6704,29.8581,25.8286,21.5161,11.1794,8.91833,3.10189,32.3397,38.5442,39.3948,39.4682,39.5424,23.1297,20.5018,17.2572,9.04173,7.30958,2.45231,0.169208,0.171517,0.161511,0.144622,0.128737,0.16591,0.174047,0.185892,0.197261,0.212416,0.221762,0.133739,0.133354,0.11799,0.0965056,0.080466,0.120228,0.129452,0.140399,0.150646,0.164778,0.173812,34.4688,31.3136,22.2853,14.8655,6.78642,0.315294,28.517,26.94,19.8609,13.4528,6.19936,0.204403
SSA_00080,34.217,39.3221,39.4549,39.1282,38.9941,27.7732,24.7257,21.4316,11.4519,9.25924,3.22793,22.3718,24.3357,23.9708,24.0265,23.8009,18.8463,17.4697,15.8152,8.93025,7.66307,2.73162,0.143324,0.142584,0.122113,0.0994427,0.0822173,0.145153,0.158036,0.17872,0.198388,0.223906,0.236177,0.102482,0.0998867,0.0746162,0.0607157,0.0489071,0.102955,0.114545,0.132897,0.154361,0.187271,0.204471,30.8689,27.49,19.0113,12.5223,5.91932,1.06776,24.0254,22.1197,17.1895,13.1586,7.43889,1.86497
SSA_00091,36.2823,44.3012,44.8032,43.6703,42.7145,27.4065,23.7968,20.0719,10.6897,8.56877,2.92789,30.8979,36.2653,36.3956,35.6462,35.0518,25.0147,21.8361,18.4608,9.79522,7.71117,2.67221,0.150174,0.152414,0.139207,0.120499,0.103883,0.146862,0.154829,0.167625,0.184612,0.202762,0.211886,0.14131,0.145761,0.141476,0.134165,0.125115,0.147191,0.154724,0.166802,0.181134,0.197185,0.205412,33.1709,29.1409,20.0134,12.7037,5.82339,-0.114764,25.6922,23.5625,17.7337,12.0234,5.70992,0.496702
SSA_00096,39.4832,48.8841,50.5187,50.0959,46.1493,29.6404,25.5512,21.15,10.9171,8.57184,2.89532,33.8902,38.1605,38.1341,37.8726,37.9609,26.6944,23.3733,19.434,10.048,7.95814,2.66199,0.162291,0.163688,0.150682,0.123914,0.127913,0.15816,0.167814,0.177339,0.188708,0.199464,0.205885,0.161464,0.159255,0.129742,0.101309,0.083265,0.153532,0.162782,0.173119,0.182988,0.195586,0.203823,34.1785,30.5363,20.4992,12.7926,5.3186,-0.252498,32.2492,28.8547,20.9977,13.9654,6.16894,0.228815
SSA_00097,33.0914,38.7049,40.0976,40.0988,39.5905,26.4833,22.9148,19.1512,10.1797,7.81614,2.61578,21.7053,25.3733,26.2381,26.0943,25.6593,17.7263,15.6853,13.3904,7.12416,5.8179,1.93907,0.149588,0.152274,0.14996,0.143078,0.13533,0.148256,0.154988,0.162854,0.171983,0.181099,0.186831,0.107415,0.10882,0.10385,0.0940957,0.0846645,0.107154,0.112553,0.12097,0.131119,0.145505,0.1537,37.3177,31.8975,21.0807,13.919,5.844,-0.207425,25.1626,22.1576,16.5518,12.5083,6.26155,0.966518
SSA_00105,31.5187,38.8176,40.3401,40.1524,39.8723,23.6568,20.3397,17.0435,8.8746,7.16753,2.43837,29.9475,35.891,36.3983,36.0782,35.5882,22.784,19.5984,16.4087,8.72955,7.07793,2.38856,0.128676,0.13043,0.12786,0.123864,0.118295,0.121018,0.125991,0.134099,0.143504,0.157725,0.16622,0.134628,0.135063,0.130331,0.122076,0.113683,0.128917,0.134103,0.141907,0.156346,0.173543,0.183704,19.6289,18.7328,15.352,12.0729,6.60145,0.789665,25.6426,23.6291,17.1167,11.393,4.66668,-0.936299
SSA_00108,29.6032,33.7561,33.355,33.7803,33.3042,23.0677,20.5878,17.4766,9.19702,7.42014,2.51641,25.1585,30.2323,29.7971,29.1175,29.487,20.6568,18.5902,16.1863,8.77503,7.51935,2.55837,0.12651,0.126586,0.105626,0.091085,0.0772861,0.119062,0.129475,0.142013,0.153861,0.171918,0.18204,0.0960038,0.0963933,0.0738355,0.0599566,0.0516311,0.10158,0.112305,0.125879,0.143263,0.171886,0.18247,29.1674,25.5384,17.5053,12.8017,5.8087,-0.418385,21.1894,19.4713,14.3316,9.80731,5.0467,0.191548
SSA_00110,32.9872,39.7791,41.1968,41.6049,41.6109,25.4324,22.0261,18.3657,9.57482,7.72852,2.59691,32.4276,36.5024,36.4035,36.13,35.549,25.6728,22.6966,19.4557,10.3905,8.46899,2.8989,0.162961,0.164469,0.158037,0.145562,0.131434,0.156926,0.163765,0.173911,0.184995,0.205617,0.2167,0.150105,0.150584,0.135593,0.112124,0.0920345,0.143826,0.153986,0.16866,0.186194,0.211392,0.221623,29.4506,26.1027,18.8794,13.171,5.58461,-0.862505,31.6208,28.4696,20.5281,13.9205,7.39445,1.92294
SSA_00113,20.6947,27.8458,30.2102,31.1706,32.1597,15.5507,13.5195,11.4363,5.92448,4.69809,1.64481,17.7795,22.8158,24.4602,25.4217,25.8371,14.6807,12.9713,10.9285,5.6302,4.64503,1.44323,0.0801684,0.0799703,0.0772674,0.0675053,0.0630735,0.079857,0.0855694,0.0919267,0.096991,0.107565,0.11659,0.074682,0.0762747,0.0736458,0.0696484,0.0663303,0.0803916,0.085377,0.0911812,0.0973144,0.10831,0.116478,16.3652,15.2458,12.245,9.25539,4.92926,0.352368,19.1154,17.459,13.9245,10.1739,5.30147,0.561937
SSA_00119,31.172,41.4636,43.7252,42.2835,42.2693,22.4264,19.2957,16.1737,8.34997,6.82716,2.19299,23.553,29.9569,30.4219,30.0027,29.9772,18.9385,16.5334,14.1167,7.48579,6.16268,2.01842,0.110117,0.110202,0.0951157,0.0749608,0.0616586,0.102997,0.109409,0.117864,0.126357,0.142529,0.147173,0.0948076,0.0956531,0.0831129,0.0699216,0.061544,0.0998647,0.105253,0.114513,0.126003,0.144006,0.151874,27.1152,24.8865,18.7658,12.8862,5.76702,-0.234293,29.5163,26.7685,20.5452,14.3734,6.78128,0.913362
SSA_00121,19.5614,28.3018,35.1104,39.2957,41.5418,14.2219,11.875,9.47954,4.56235,3.55809,1.03588,19.2675,26.1502,29.3464,30.6132,31.1538,14.0144,11.969,9.86865,4.95801,3.89708,1.17158,0.0622739,0.0630892,0.0617684,0.0599132,0.0564373,0.0615756,0.0626158,0.0641478,0.0649938,0.0666681,0.0678525,0.0726433,0.0735673,0.069758,0.0643794,0.060188,0.0704955,0.0742345,0.0767793,0.0808024,0.0845314,0.0883354,11.0878,10.8931,10.0059,8.58561,5.9599,0.904783,12.2711,12.0142,10.4982,8.41566,5.16237,0.900236
SSA_00123,28.5891,35.4315,36.6976,35.1481,35.848,21.3374,18.9119,16.3083,8.57843,7.11081,2.39443,29.2885,33.3835,34.0883,34.0528,33.6083,22.8894,20.2009,17.3028,9.16895,7.41092,2.59238,0.105236,0.106563,0.0938356,0.0739852,0.0613673,0.101857,0.111334,0.124006,0.136872,0.153714,0.164582,0.126154,0.127978,0.116562,0.100795,0.0875558,0.12224,0.130945,0.143107,0.156627,0.173075,0.182531,23.6729,23.0239,18.2251,12.4544,5.42597,-0.835202,25.0747,22.65,16.3674,11.7322,5.62567,0.443932
SSA_00126,35.8154,43.261,42.7405,41.9096,41.4506,26.4915,23.409,19.3558,9.82833,7.67215,2.61165,21.7955,28.1114,29.4067,29.0139,28.9008,17.277,15.3792,12.7721,6.50189,5.18671,1.64281,0.142852,0.143817,0.139773,0.129598,0.119193,0.13427,0.147333,0.154512,0.159062,0.167324,0.171106,0.0869872,0.0879022,0.0860456,0.0827956,0.0799935,0.0902487,0.0968876,0.102055,0.106515,0.114911,0.118244,27.1578,25.2105,18.033,12.3541,5.74679,-0.303302,17.0555,16.243,14.7072,12.2937,8.46747,3.97314
SSA_00128,28.8618,35.9897,37.5726,37.557,38.1714,21.778,18.885,15.9286,8.42071,6.86241,2.3431,16.2732,21.8803,22.7223,22.441,23.045,12.5731,11.0854,9.58781,5.10643,4.45218,1.44845,0.110546,0.111646,0.0934192,0.0668747,0.0531125,0.111032,0.117145,0.127408,0.138079,0.156763,0.166795,0.0782573,0.0788608,0.0634009,0.0507566,0.0454009,0.0811634,0.0865587,0.0945505,0.105321,0.122613,0.136649,23.6203,22.1691,17.105,12.7615,6.78559,0.754387,15.5015,15.2129,13.5025,10.4598,6.52443,-0.412112
SSA_00135,30.7595,37.4755,39.075,38.85,38.5644,20.7934,18.1999,15.2389,7.9144,6.38271,2.07289,26.1907,32.1088,32.5741,32.1915,32.0211,19.158,17.0404,14.4272,7.54571,6.01134,1.96726,0.128733,0.130232,0.120675,0.104518,0.0907789,0.107793,0.11432,0.121624,0.129709,0.140746,0.146043,0.0965594,0.0960106,0.0791683,0.0626676,0.052803,0.0906225,0.0978251,0.106406,0.11439,0.124139,0.132853,32.2573,28.8066,20.3597,13.6662,6.4295,0.217478,25.0867,22.6038,16.7437,10.7292,4.55906,-0.441165
SSA_00138,37.6371,44.7184,45.7879,45.7858,45.494,28.9757,25.2702,21.21,11.0252,8.74709,2.97194,12.5095,15.7266,16.1448,15.9475,16.2977,9.95133,9.04732,7.46998,4.14578,3.59653,1.21247,0.154521,0.155423,0.141026,0.1201,0.0981998,0.149866,0.15943,0.174666,0.186424,0.20265,0.212621,0.0483468,0.0475505,0.039026,0.0330052,0.0284622,0.0516434,0.0555997,0.0610143,0.0685534,0.0791562,0.0890738,32.7841,29.6532,20.6467,13.9685,6.3662,-0.0111581,11.9229,11.3809,9.21159,7.29575,4.11253,0.44079
SSA_00139,24.5259,32.3326,34.7124,33.3797,31.9393,19.0772,16.7386,14.2058,7.50961,6.16168,2.02685,34.854,41.0827,41.1354,40.6916,41.0303,26.8568,23.6663,19.6905,10.2638,8.02997,2.68235,0.10372,0.1039,0.0891518,0.0675658,0.0534886,0.105125,0.111969,0.127591,0.134482,0.148635,0.15728,0.150369,0.14703,0.10865,0.0834813,0.0672468,0.146099,0.15762,0.166026,0.174876,0.186148,0.192683,29.6,27.4084,20.5685,14.6618,7.54171,0.759092,36.2043,31.8568,21.5883,14.6148,6.39356,0.396997
SSA_00151,26.1055,35.3049,38.0273,37.8747,37.0663,19.9602,17.0917,14.2063,7.33846,6.1154,2.03889,22.1785,29.7824,32.3049,32.3536,31.666,17.1075,14.486,12.0016,6.19016,5.09656,1.52777,0.0977996,0.0976246,0.0863692,0.0686744,0.0530347,0.10022,0.105231,0.111799,0.120146,0.137325,0.14665,0.0902153,0.0912554,0.0797521,0.0642638,0.0511798,0.0892569,0.0919232,0.0960685,0.102687,0.113402,0.122879,26.9884,25.2473,20.9129,14.3134,7.70923,1.57477,24.5535,22.7916,17.5206,13.0281,6.59387,0.485534
SSA_00156,32.9036,40.7698,43.0814,43.4389,43.5851,24.6493,21.3394,17.7543,9.1494,7.27908,2.461,28.543,33.4373,34.1245,34.0165,33.9006,22.2127,19.6284,16.5634,8.56897,6.82515,2.25324,0.131607,0.132347,0.123566,0.106328,0.0925294,0.125527,0.132773,0.142637,0.150922,0.16436,0.171608,0.122929,0.124478,0.117799,0.107704,0.0992708,0.121488,0.132617,0.143465,0.150616,0.163697,0.168666,30.8757,28.0353,19.9905,14.1022,6.17517,-0.183523,20.4972,19.6481,15.2915,11.2879,6.14286,0.604076
SSA_00160,27.3788,34.2169,35.9224,35.3621,35.7531,20.3002,17.9675,15.3666,8.10016,6.28198,2.05117,17.4772,21.4535,22.1529,22.309,22.4486,14.761,13.4192,11.9311,6.40626,5.22475,1.72669,0.106534,0.106318,0.0895193,0.0708442,0.0578459,0.102872,0.11236,0.126954,0.139645,0.153212,0.163431,0.0837992,0.0848519,0.0761977,0.0685168,0.063462,0.09165,0.101379,0.115452,0.127197,0.143131,0.152209,22.837,21.4606,15.988,11.1965,4.99209,-0.376952,11.6162,10.9049,9.32732,7.36264,4.55785,0.905432
SSA_00173,35.2103,44.628,46.9254,47.2367,47.2194,26.2601,22.8115,18.4737,9.25466,7.13201,2.34653,25.5786,32.8743,34.1134,34.1488,34.0656,19.2229,17.1376,14.3965,7.46517,6.03263,2.01396,0.143535,0.14394,0.14108,0.134522,0.126193,0.139335,0.149561,0.155458,0.157621,0.162469,0.164888,0.112637,0.113191,0.100149,0.0876226,0.0774088,0.112923,0.124019,0.131555,0.1399,0.15207,0.159182,24.6324,23.1436,18.5009,13.8052,6.76542,0.423737,18.4024,16.8503,14.7141,10.6895,6.62586,0.668421
SSA_00178,35.3816,42.769,43.7363,43.4249,43.1025,27.0764,23.3451,19.5307,10.2802,8.36872,2.92014,23.9119,29.5956,29.4072,28.6793,28.4365,19.2756,16.9709,14.7973,8.06804,6.92391,2.47703,0.151893,0.151996,0.141714,0.123433,0.105156,0.142202,0.149139,0.159126,0.172068,0.190248,0.203614,0.0962455,0.0948568,0.0702166,0.0558422,0.046831,0.0993124,0.105837,0.117063,0.131204,0.153983,0.17786,31.4051,28.0997,19.8968,13.277,6.06733,-0.0548856,20.127,18.9613,14.1794,10.3177,5.88903,1.36764
SSA_00179,26.2551,30.6048,31.037,30.9655,31.0998,19.881,17.3443,14.5706,7.4921,5.70748,1.95493,23.8459,27.1582,27.2005,27.1995,27.0068,19.173,17.1314,14.7173,7.78918,6.29096,2.08976,0.116253,0.116281,0.112654,0.105029,0.0962931,0.105944,0.112283,0.121094,0.129137,0.137608,0.144542,0.120649,0.123354,0.114494,0.104016,0.0928993,0.119583,0.130256,0.144792,0.164863,0.176317,0.186147,26.2966,23.2919,17.7294,11.7267,5.81275,0.111821,20.84,19.6964,15.8811,12.0873,6.78617,1.96118
SSA_00186,31.1616,36.4618,37.0304,36.472,35.9596,23.5324,20.9931,17.5552,9.11444,7.2299,2.41907,34.5909,40.4213,40.6663,40.0516,39.6959,27.3475,23.85,19.7576,10.1745,7.95679,2.6201,0.145153,0.144647,0.142336,0.136365,0.126328,0.13164,0.137636,0.145011,0.153662,0.168548,0.169939,0.163787,0.167362,0.167001,0.162001,0.155827,0.166282,0.1744,0.18139,0.189897,0.201175,0.205038,26.2103,23.9819,18.7146,13.6148,6.66514,1.06595,25.7082,24.1845,18.9406,14.0235,6.96253,0.513384
SSA_00187,31.4195,38.4723,39.8952,39.6332,40.2536,23.5046,20.7295,17.7847,9.32143,7.73346,2.62968,27.7786,30.7274,30.1144,29.5109,29.9304,22.6482,20.347,17.952,10.0308,8.31949,2.9019,0.129387,0.128286,0.11533,0.0971064,0.0839821,0.123296,0.133055,0.148336,0.161263,0.186813,0.19882,0.122873,0.12224,0.0969687,0.0777465,0.0644333,0.119176,0.131653,0.151476,0.176857,0.207772,0.223832,26.2946,23.9907,16.5582,11.0368,5.03716,-0.508512,23.621,21.7131,16.9311,12.1025,6.36906,1.31861
SSA_00197,34.9004,42.1786,43.1348,42.4632,41.8811,26.5891,23.3417,19.875,10.4319,8.28183,2.77918,26.222,30.3686,29.9461,29.1241,29.8015,20.7529,18.4899,15.9063,8.48565,6.87105,2.40653,0.150062,0.15075,0.129998,0.0996606,0.078895,0.144467,0.154837,0.171139,0.186261,0.203208,0.212137,0.113654,0.114635,0.0774113,0.057046,0.0469448,0.116619,0.128274,0.145532,0.160171,0.180418,0.193139,32.501,29.7485,22.5106,15.734,6.96286,0.325488,23.9109,21.9433,16.5207,11.898,5.8344,0.620977
SSA_00204,25.6105,28.5109,28.6474,28.1033,28.2161,20.0922,17.7805,15.071,7.97526,6.36055,2.14323,21.0769,29.5337,32.5066,33.2307,34.449,16.6191,14.8461,12.7217,6.73622,5.58711,1.87261,0.109731,0.109466,0.0990791,0.0857712,0.0727856,0.0993711,0.106195,0.117321,0.128207,0.138611,0.144169,0.0803157,0.0801431,0.0680822,0.0545054,0.0471252,0.0867524,0.0941794,0.103032,0.112637,0.127867,0.138117,26.9943,24.5568,18.4471,12.9749,6.53778,1.06357,28.5188,25.5507,17.6465,11.8147,5.22282,-0.965003
SSA_00209,23.275,28.4472,29.8926,29.1444,27.5238,16.695,14.4578,12.2592,6.38294,5.24603,1.71071,28.112,31.9114,32.3034,32.3303,31.8178,21.3788,18.6123,15.8087,8.45544,6.71565,2.36231,0.0814727,0.0814663,0.0716274,0.0543403,0.041039,0.0755311,0.0800927,0.0868506,0.0974348,0.106413,0.114019,0.11841,0.12013,0.109088,0.0893621,0.0674944,0.110989,0.119221,0.129161,0.139035,0.153517,0.160249,21.8607,20.4134,15.8042,11.7129,5.24487,-0.174617,19.7901,18.404,14.4079,10.037,4.78008,-0.585906
SSA_00216,22.463,28.3234,29.8398,30.1463,30.2994,15.5264,13.128,10.7558,5.46021,4.43928,1.47004,26.0176,31.869,32.8624,32.6159,32.8015,20.5265,17.6705,14.906,7.81867,6.38539,2.26454,0.0875572,0.0878946,0.0850626,0.0787221,0.0708232,0.0783116,0.0801623,0.0835562,0.0874953,0.0946369,0.100011,0.116571,0.117947,0.109133,0.0949422,0.0820786,0.120493,0.12586,0.136216,0.147069,0.161133,0.172513,18.9658,18.4839,16.0937,12.8639,6.4753,0.948472,25.156,23.4093,18.1303,13.1147,6.27576,0.288871
SSA_00222,30.8633,38.1238,40.0905,40.3624,40.226,23.003,19.8226,16.5185,8.52582,6.82788,2.31165,27.0902,33.5079,34.3415,34.4959,34.7974,21.0353,18.3235,15.4312,8.02925,6.55808,2.1488,0.132459,0.133106,0.124201,0.112781,0.100909,0.125402,0.13085,0.139463,0.146253,0.157153,0.164719,0.0998791,0.0999954,0.0895745,0.0796559,0.0710996,0.101579,0.108797,0.117017,0.12631,0.141265,0.153042,24.5114,22.751,17.139,12.7994,6.2598,0.109412,29.3208,26.4793,18.293,12.0702,5.28033,-0.688121
SSA_00227,31.0533,38.1955,39.5768,39.9042,39.8473,23.4819,20.4187,17.2399,9.02941,7.62732,2.58009,23.7914,27.7088,27.7584,27.4589,27.3294,19.4938,17.2097,14.7678,7.90189,6.51025,2.15466,0.116965,0.11683,0.105971,0.0909709,0.0774023,0.114478,0.121861,0.132496,0.145363,0.16372,0.171129,0.0989777,0.0985419,0.09216,0.081227,0.070416,0.101376,0.106657,0.11747,0.129217,0.145418,0.153501,29.9762,27.4365,19.9649,13.4489,6.13062,-0.292813,21.0679,19.569,15.0311,11.3857,7.06556,1.86827
SSA_00229,29.8587,35.3064,35.639,34.8484,35.8212,22.1518,19.3623,16.1426,8.38993,6.75205,2.28783,29.1389,32.8209,32.9545,32.7282,32.5815,23.8645,20.8854,17.5842,9.26974,7.37702,2.56139,0.11216,0.113037,0.0904651,0.0705613,0.0564603,0.104995,0.110587,0.118174,0.127109,0.145892,0.157996,0.119547,0.118861,0.105988,0.0908903,0.0796522,0.120869,0.127765,0.139063,0.150564,0.164551,0.174192,28.9794,25.347,17.9685,13.1121,6.34325,0.458843,27.3769,24.4572,17.1581,11.932,5.33443,-0.181587
SSA_00235,33.5822,39.0838,39.0201,38.7061,38.2656,25.3355,21.9979,18.2437,9.41769,7.36224,2.49317,32.9241,38.8456,39.6007,39.4949,39.0557,26.7736,23.3807,19.451,10.0657,7.7943,2.58402,0.150862,0.152023,0.148595,0.141455,0.133749,0.138931,0.144204,0.151115,0.157619,0.164329,0.16885,0.150724,0.154552,0.152121,0.146482,0.140118,0.158234,0.166613,0.175119,0.183576,0.19157,0.197642,31.2267,27.3414,19.912,13.5125,6.6219,0.0596468,30.4291,26.8775,19.3272,13.1205,6.30147,0.549257
SSA_00238,31.8365,37.2748,38.6787,38.9468,38.7897,22.896,19.8653,16.6558,8.5757,6.78926,2.28251,18.3183,23.1437,24.272,25.3747,25.5656,14.775,13.3094,11.4349,6.11993,5.12391,1.73668,0.124274,0.124766,0.120936,0.113569,0.105219,0.109913,0.116552,0.12569,0.133084,0.142335,0.149595,0.0748709,0.0736354,0.058783,0.055103,0.0487494,0.0808415,0.0879301,0.097276,0.10718,0.120687,0.132663,23.9973,21.6831,16.7978,12.8666,6.57813,0.594807,21.7676,20.0486,15.6696,11.7968,5.85452,0.634533
SSA_00239,38.2908,48.4548,51.2744,52.0694,52.2776,28.8655,25.2694,21.2426,11.0174,8.89137,2.95858,32.1707,37.5168,38.6334,39.2777,39.3251,27.0261,24.0923,20.7642,11.0362,8.93986,2.99628,0.154661,0.156341,0.144978,0.120731,0.0982903,0.151417,0.16642,0.182134,0.195767,0.219776,0.227504,0.138498,0.14137,0.133249,0.118492,0.104437,0.143823,0.157835,0.17695,0.194893,0.224965,0.237188,30.545,28.177,19.8001,12.6036,5.45576,-0.597033,34.8915,31.3611,21.6354,14.2556,5.97721,-0.449928
SSA_00240,31.5659,41.1865,44.077,44.2226,43.9043,22.4611,19.5343,16.4084,8.42094,6.66758,2.21019,38.6538,45.9241,46.632,46.2493,45.9855,30.5749,27.0548,22.776,11.9511,9.59236,3.17898,0.12136,0.122334,0.11436,0.0996617,0.0855918,0.113462,0.122052,0.130877,0.138685,0.149736,0.157398,0.158289,0.160462,0.142301,0.117019,0.0975667,0.163,0.17683,0.191956,0.204645,0.226577,0.235026,29.6864,26.7561,19.1293,12.8258,5.75236,-0.204008,37.2011,33.6776,23.5768,15.2803,6.71542,-0.385284
SSA_00241,25.8671,35.3164,40.6679,43.3445,44.6882,18.1685,16.2878,13.6398,6.90766,5.48415,1.78101,21.7983,28.3948,31.2967,32.0535,32.2222,17.1847,15.1192,12.6979,6.57109,5.18724,1.56471,0.0903702,0.0913213,0.0881313,0.0825579,0.0744104,0.0829222,0.0933059,0.0993809,0.103345,0.108778,0.108991,0.0827598,0.0845026,0.0822231,0.078188,0.0734428,0.085642,0.0915721,0.0981097,0.103544,0.110884,0.114172,12.7161,12.2065,10.5337,8.34381,4.51007,0.593688,13.0518,12.3558,10.5534,8.826,4.32003,-0.0828941
SSA_00254,30.9768,38.1959,40.1561,40.3314,40.1813,24.0883,21.0526,17.7651,9.3506,7.58761,2.58547,23.7659,31.1636,34.3335,35.0591,35.6964,20.2457,17.7031,14.8413,7.73965,6.32276,2.0888,0.125939,0.125045,0.115715,0.093301,0.0746943,0.126554,0.135053,0.14681,0.157806,0.17723,0.185817,0.0988076,0.0999243,0.0923869,0.0783655,0.0677194,0.110225,0.1172,0.126092,0.135319,0.150779,0.15793,23.4163,21.3424,16.6398,12.3122,5.82455,0.151564,23.5608,22.3867,17.4512,13.0831,6.12482,-0.634105
SSA_00262,32.9192,41.3327,42.2913,41.5049,41.2362,23.1263,19.9543,16.6729,8.66641,6.77424,2.53398,30.7037,34.919,34.6277,34.1255,34.0331,24.4881,21.3118,17.9919,9.47386,7.59025,2.50162,0.133148,0.136322,0.127113,0.112116,0.098757,0.120427,0.128296,0.137889,0.14742,0.163002,0.169791,0.131442,0.131781,0.10961,0.0874205,0.0735336,0.131661,0.1404,0.151115,0.164393,0.183114,0.187232,26.7645,24.6076,18.7223,13.1129,6.49535,0.489522,27.7546,25.3163,18.5292,12.1876,5.52387,-0.376725
SSA_00271,27.3001,37.7173,42.2722,41.3602,39.4233,20.8417,17.8432,14.7849,7.58302,6.05022,2.04808,25.1008,33.2469,35.4438,34.9526,34.3597,17.3499,15.0955,12.4992,6.28192,4.981,1.59389,0.104902,0.105065,0.0918797,0.0688754,0.0508075,0.107313,0.112436,0.118745,0.125874,0.137151,0.143924,0.107108,0.109007,0.102365,0.0845198,0.0663014,0.0986134,0.10336,0.109286,0.114666,0.12221,0.127153,26.9849,25.5244,20.0014,13.4302,6.68763,1.19856,23.03,21.5104,16.9175,12.062,6.58571,1.39391
SSA_00275,31.0791,39.0087,40.7655,40.808,41.011,23.2085,20.2092,17.1954,9.04377,7.52434,2.62794,31.0091,39.615,41.1429,40.9479,40.5075,25.1427,21.9597,18.6218,9.98188,8.24166,2.93886,0.124026,0.123797,0.110346,0.0903768,0.0761304,0.12007,0.128366,0.140334,0.151976,0.173126,0.188385,0.131461,0.133142,0.11063,0.0899503,0.0760856,0.144495,0.154879,0.167068,0.183914,0.211022,0.224896,24.8986,23.2613,18.3843,12.7244,5.19303,-1.41833,29.0907,26.5159,20.5859,14.8497,7.33829,0.323615
SSA_00279,38.1479,43.0016,43.0961,42.9448,42.8749,29.389,25.6329,21.4872,11.1996,8.65821,2.9825,31.7409,35.7112,36.6088,36.8217,36.7076,26.2758,22.8761,19.2637,10.0075,7.91385,2.5786,0.169919,0.171461,0.161317,0.14439,0.127556,0.163136,0.175079,0.187827,0.201166,0.213654,0.221106,0.132593,0.135177,0.122742,0.102168,0.085958,0.139051,0.149142,0.160615,0.170828,0.182769,0.191263,34.3904,30.0558,20.0382,13.6411,5.71321,0.140121,28.9387,25.8236,19.1576,12.9587,6.1276,-0.511972
SSA_00286,29.4317,38.2777,40.5815,40.1628,39.1501,22.194,19.2834,16.2166,8.35939,6.87932,2.31423,26.6292,32.9794,33.6061,33.0312,32.4599,21.5649,18.9412,16.1121,8.50701,6.83798,2.27089,0.115594,0.116969,0.109962,0.0930518,0.0725384,0.114255,0.122567,0.131797,0.140621,0.156301,0.164086,0.109593,0.11081,0.104637,0.0909359,0.0711575,0.11688,0.124469,0.136589,0.148179,0.165965,0.174054,26.8467,24.819,18.2121,12.2592,5.6048,0.270986,26.6736,24.5099,18.9735,13.7713,6.71005,-0.0741306
SSA_00299,34.1193,42.1488,44.2365,43.8798,43.0391,26.9895,23.7979,20.1175,10.4853,8.35975,2.85697,31.1985,35.1084,33.7352,33.6345,32.7507,23.4871,20.8568,17.8341,9.39712,7.50697,2.49961,0.154309,0.156799,0.148174,0.133307,0.11971,0.1512,0.162072,0.173098,0.186045,0.201052,0.213703,0.133538,0.131151,0.099915,0.0828511,0.0687415,0.120369,0.131608,0.144874,0.157389,0.171764,0.18,25.696,23.3864,17.2499,12.0273,5.5942,0.707294,31.5634,28.4708,20.6224,14.1161,6.86861,0.367567
SSA_00304,31.3142,41.1968,45.2843,46.4026,46.5836,24.5179,21.1215,17.1933,8.89368,7.17374,2.46165,27.8525,34.9371,35.8983,35.5509,34.8184,20.0096,17.4719,14.6399,7.69823,6.26839,2.15931,0.118951,0.122819,0.111636,0.094078,0.0801079,0.122458,0.127912,0.134887,0.141855,0.156036,0.16359,0.128457,0.127343,0.116333,0.104897,0.0930968,0.11629,0.122339,0.129847,0.138358,0.153709,0.161673,31.4951,28.8144,20.8588,13.3017,5.63987,-0.0546033,27.2584,25.3117,19.9109,14.2059,7.34327,0.708446
SSA_00312,31.2035,35.6936,35.5735,34.9821,34.6536,23.9636,20.9789,17.8458,9.35257,7.4123,2.33317,31.6084,34.78,34.847,34.361,34.0512,26.2195,23.1098,19.3226,10.1957,8.06126,2.73883,0.14006,0.143455,0.13875,0.129207,0.116203,0.130205,0.138727,0.15205,0.161699,0.174254,0.182323,0.159571,0.162764,0.162043,0.157947,0.152711,0.163091,0.170015,0.177249,0.188061,0.202803,0.210337,27.365,24.7032,18.4422,13.2854,7.67836,1.77886,30.9703,27.2003,19.3494,13.5948,6.738,0.407629
SSA_00359,33.8743,40.1219,40.4194,39.7689,39.3365,25.6589,22.6682,19.2245,10.2069,8.28526,2.88098,24.0638,28.2588,26.5975,26.3151,26.9491,18.4361,16.2822,13.7986,7.23249,6.02845,2.09996,0.170815,0.167394,0.145704,0.120771,0.101042,0.133442,0.144984,0.158825,0.176728,0.196471,0.206069,0.0997323,0.0960889,0.0782852,0.0630416,0.0525351,0.0968851,0.10337,0.111477,0.121817,0.138401,0.148244,30.5886,27.5997,19.6116,13.1478,5.83369,0.480882,23.2666,21.5378,16.0081,11.2989,5.57376,0.407234
SSA_00367,38.8192,46.6059,48.2059,48.3037,47.7992,30.0053,26.0494,21.604,11.0907,8.59352,2.86853,16.6759,20.5458,21.2052,20.8501,21.2476,13.1821,11.6358,10.0362,5.30383,4.33167,1.41694,0.165887,0.168933,0.157419,0.138134,0.120682,0.159824,0.169707,0.181009,0.191386,0.203692,0.218584,0.0719833,0.0696575,0.0538246,0.0427574,0.035746,0.07264,0.0785555,0.0847637,0.0916156,0.103726,0.11188,38.1102,32.299,20.2003,12.5122,4.8608,-0.555808,16.2318,15.3946,12.5772,10.0158,5.45814,0.468235
