Accession,2022_CO2_400,2022_CO2_600,2022_CO2_800,2022_CO2_1000,2022_CO2_1250,2022_CO2_300,2022_CO2_250,2022_CO2_200,2022_CO2_100,2022_CO2_75,2022_CO2_25,2022_PAR_1800,2022_PAR_1100,2022_PAR_500,2022_PAR_300,2022_PAR_150,2022_PAR_50,2023_CO2_400,2023_CO2_600,2023_CO2_800,2023_CO2_1000,2023_CO2_1250,2023_CO2_300,2023_CO2_250,2023_CO2_200,2023_CO2_100,2023_CO2_75,2023_CO2_25,2023_PAR_1800,2023_PAR_1100,2023_PAR_500,2023_PAR_300,2023_PAR_150,2023_PAR_50
SSA_00001,19.9447,20.0535,20.2897,20.5305,20.7856,20.6595,20.7915,21.2821,15.0567,11.8739,4.05063,16.5089,15.4787,11.619,3.28323,-0.788227,-1.93833,19.5754,19.6826,19.9134,20.1483,20.3969,20.2703,20.4,20.8573,14.8285,11.7641,4.00802,16.5089,15.4787,11.619,3.28323,-0.788227,-1.93833
SSA_00003,7.14058,7.70823,8.12537,8.44857,8.7386,8.70298,8.90055,9.24901,9.50903,7.10117,2.54543,7.2107,6.77695,4.72052,0.474187,-1.4175,-2.03073,7.74258,8.32829,8.77529,9.12627,9.44487,9.41897,9.64615,10.057,9.95906,7.45161,2.64616,7.2107,6.77695,4.72052,0.474187,-1.4175,-2.03073
SSA_00004,30.5501,30.8768,31.2326,31.5644,31.9023,30.7431,30.3899,29.8623,18.6189,14.9405,4.98381,27.0954,25.2717,18.2427,10.2931,1.65414,-1.64519,32.648,32.9875,33.3593,33.7101,34.0694,32.7744,32.3686,31.7121,19.6381,15.6404,5.22776,27.0954,25.2717,18.2427,10.2931,1.65414,-1.64519
SSA_00005,22.9738,23.1111,23.3797,23.6522,23.9397,23.6937,23.7754,24.2418,16.5545,12.9697,4.40726,17.8552,16.7265,12.652,3.85682,-0.655133,-1.92058,20.8152,20.9336,21.1719,21.4113,21.6628,21.4622,21.5454,21.923,15.2643,12.1406,4.12538,17.8552,16.7265,12.652,3.85682,-0.655133,-1.92058
SSA_00006,7.48049,8.0542,8.48886,8.82805,9.13438,9.08963,9.30464,9.68887,9.73809,7.28372,2.59712,7.19474,6.75921,4.70762,0.469581,-1.41871,-2.03094,8.17542,8.77075,9.23289,9.6011,9.93882,9.92447,10.1729,10.6314,10.2781,7.70096,2.71641,7.19474,6.75921,4.70762,0.469581,-1.41871,-2.03094
SSA_00007,12.1563,12.2418,12.4301,12.6264,12.837,12.8406,13.0491,13.4987,11.2142,8.97684,3.10877,10.7853,10.1389,7.29718,1.398,-1.20821,-1.99774,13.1526,13.2383,13.4435,13.6587,13.8903,13.9089,14.1422,14.6714,11.9836,9.40827,3.25787,10.7853,10.1389,7.29718,1.398,-1.20821,-1.99774
SSA_00008,25.9169,26.103,26.3842,26.6597,26.9454,26.3725,26.2689,26.3101,17.2249,13.7452,4.63106,21.8364,20.4084,15.6074,6.09378,-0.0977325,-1.85182,26.3775,26.5757,26.8713,27.159,27.4558,26.8641,26.7549,26.7913,17.5192,13.9175,4.69415,21.8364,20.4084,15.6074,6.09378,-0.0977325,-1.85182
SSA_00009,19.7205,19.8138,20.0644,20.3221,20.5958,20.5255,20.7053,21.3332,15.2377,11.8623,4.05756,15.3415,14.3878,10.7124,2.83215,-0.889253,-1.95184,18.3728,18.4675,18.6941,18.9266,19.1736,19.1073,19.2739,19.7949,14.3797,11.3421,3.87925,15.3415,14.3878,10.7124,2.83215,-0.889253,-1.95184
SSA_00010,21.3359,21.4423,21.6907,21.9427,22.2086,22.0182,22.1201,22.5679,15.6939,12.3723,4.21016,17.3705,16.2784,12.2835,3.64356,-0.705569,-1.92737,22.0789,22.2022,22.4674,22.7355,23.0176,22.8275,22.9304,23.4454,16.1341,12.6251,4.30038,17.3705,16.2784,12.2835,3.64356,-0.705569,-1.92737
SSA_00013,19.8049,19.8872,20.1326,20.3879,20.6613,20.5926,20.7787,21.4285,15.2993,11.9102,4.07024,15.16,14.2173,10.5727,2.76572,-0.904354,-1.95395,18.902,19.003,19.2389,19.4824,19.7417,19.6797,19.8584,20.4399,14.7669,11.5566,3.95477,15.16,14.2173,10.5727,2.76572,-0.904354,-1.95395
SSA_00018,17.2281,17.3024,17.5475,17.8058,18.0839,18.1076,18.3675,19.1223,14.3255,11.0161,3.78415,12.6505,11.8643,8.65967,1.93165,-1.0891,-1.97996,16.1282,16.2142,16.4397,16.6763,16.9309,16.9466,17.1852,17.8278,13.6087,10.5525,3.63453,12.6505,11.8643,8.65967,1.93165,-1.0891,-1.97996
SSA_00024,11.5621,11.6566,11.8715,12.0968,12.3396,12.3317,12.5836,13.1171,11.417,8.76475,3.05183,8.82398,8.28877,5.86711,0.875456,-1.32539,-2.01587,10.9207,11.0274,11.2368,11.4538,11.6861,11.6746,11.9074,12.3843,11.0145,8.48797,2.96519,8.82398,8.28877,5.86711,0.875456,-1.32539,-2.01587
SSA_00033,22.7667,22.8929,23.1504,23.4084,23.6789,23.3992,23.442,23.8003,16.1584,12.7704,4.33699,18.8006,17.5887,13.3655,4.29919,-0.550827,-1.90715,23.6058,23.7364,24.005,24.2753,24.5592,24.2499,24.2895,24.6599,16.6615,13.1165,4.45064,18.8006,17.5887,13.3655,4.29919,-0.550827,-1.90715
SSA_00041,26.4689,26.6519,26.9538,27.2508,27.5585,27.0314,26.9559,27.1095,17.7668,13.9995,4.73209,20.9084,19.5446,14.9478,5.48001,-0.259819,-1.87128,26.0798,26.2617,26.5548,26.8438,27.1437,26.623,26.5539,26.6947,17.5624,13.8802,4.68978,20.9084,19.5446,14.9478,5.48001,-0.259819,-1.87128
SSA_00050,18.0329,18.1176,18.3508,18.5933,18.8528,18.829,19.0353,19.6668,14.4324,11.2435,3.85677,14.2628,13.3728,9.87801,2.44898,-0.974229,-1.96353,17.7264,17.8216,18.0526,18.2918,18.5471,18.5235,18.7259,19.3288,14.261,11.1311,3.81983,14.2628,13.3728,9.87801,2.44898,-0.974229,-1.96353
SSA_00062,19.7283,19.8241,20.062,20.3079,20.5705,20.4804,20.6436,21.22,15.1131,11.841,4.04481,15.6956,14.7185,10.9864,2.96421,-0.859873,-1.94788,19.8311,19.9246,20.1704,20.4227,20.6907,20.6044,20.7698,21.3608,15.1993,11.8724,4.05899,15.6956,14.7185,10.9864,2.96421,-0.859873,-1.94788
SSA_00067,21.4552,21.5729,21.8254,22.085,22.3608,22.2048,22.3321,22.8875,15.8952,12.4401,4.23871,16.7753,15.7246,11.8178,3.38954,-0.762537,-1.93462,21.0133,21.1265,21.3737,21.627,21.8957,21.7423,21.8685,22.3869,15.6443,12.2815,4.18507,16.7753,15.7246,11.8178,3.38954,-0.762537,-1.93462
SSA_00068,22.9888,23.1044,23.3667,23.6335,23.9157,23.6591,23.7327,24.1754,16.4845,12.9496,4.39809,18.0395,16.895,12.7898,3.93943,-0.635311,-1.9179,21.8829,21.9973,22.2483,22.5012,22.7673,22.5386,22.6147,23.0173,15.8503,12.5211,4.25633,18.0395,16.895,12.7898,3.93943,-0.635311,-1.9179
SSA_00070,28.9553,29.1901,29.515,29.8321,30.1594,29.4018,29.2194,29.1434,18.7116,14.7657,4.97328,22.5609,21.0778,16.1016,6.62205,0.0475223,-1.83516,26.7509,26.9622,27.2654,27.5568,27.8554,27.207,27.0636,27.0283,17.551,13.9679,4.70766,22.5609,21.0778,16.1016,6.62205,0.0475223,-1.83516
SSA_00075,22.8854,23.0175,23.2819,23.5494,23.8312,23.5734,23.6444,24.0717,16.4313,12.9115,4.38638,18.1092,16.9623,12.8482,3.97414,-0.627787,-1.91705,23.0296,23.1707,23.4387,23.7095,23.9946,23.7377,23.808,24.2501,16.5154,12.9579,4.40321,18.1092,16.9623,12.8482,3.97414,-0.627787,-1.91705
SSA_00079,29.134,29.3785,29.7044,30.0199,30.3447,29.5333,29.3214,29.17,18.6432,14.7575,4.96698,23.2938,21.7469,16.5383,7.16279,0.211912,-1.81481,28.4786,28.73,29.0526,29.3628,29.6809,28.9,28.7023,28.5663,18.3328,14.5439,4.89548,23.2938,21.7469,16.5383,7.16279,0.211912,-1.81481
SSA_00080,24.6245,24.7777,25.0576,25.3382,25.6324,25.2644,25.2751,25.6061,17.1181,13.4593,4.56125,19.2781,18.0513,13.7533,4.55832,-0.49035,-1.89989,24.089,24.2318,24.5065,24.7806,25.0672,24.7191,24.7337,25.0566,16.8109,13.2456,4.49191,19.2781,18.0513,13.7533,4.55832,-0.49035,-1.89989
SSA_00091,27.5283,27.7404,28.0474,28.3467,28.6558,27.989,27.8449,27.8304,18.0241,14.2808,4.81408,22.232,20.7735,15.8846,6.3805,-0.0208028,-1.84321,26.3576,26.5557,26.8444,27.1254,27.4158,26.7941,26.6703,26.6612,17.3996,13.8936,4.67623,22.232,20.7735,15.8846,6.3805,-0.0208028,-1.84321
SSA_00096,29.2214,29.4729,29.8046,30.126,30.4567,29.6675,29.4664,29.3512,18.7818,14.8218,4.99176,22.9017,21.3898,16.3124,6.87242,0.121597,-1.82616,28.463,28.6982,29.0202,29.3313,29.6511,28.8958,28.7111,28.6114,18.3939,14.564,4.90503,22.9017,21.3898,16.3124,6.87242,0.121597,-1.82616
SSA_00097,23.5345,23.6714,23.9365,24.2042,24.4863,24.1787,24.2212,24.593,16.6345,13.1059,4.44555,18.7299,17.5346,13.3186,4.26924,-0.557385,-1.90786,22.8232,22.965,23.2244,23.4845,23.7573,23.4803,23.5254,23.8957,16.2169,12.801,4.34838,18.7299,17.5346,13.3186,4.26924,-0.557385,-1.90786
SSA_00105,19.7448,19.8335,20.0814,20.3364,20.6077,20.5331,20.7089,21.3274,15.2151,11.8587,4.05566,15.4131,14.4497,10.7681,2.85756,-0.884737,-1.95144,19.7319,19.8274,20.0668,20.3156,20.5818,20.5027,20.6767,21.2888,15.1764,11.8596,4.05208,15.4131,14.4497,10.7681,2.85756,-0.884737,-1.95144
SSA_00108,21.2195,21.3339,21.5867,21.8464,22.1221,21.9782,22.1129,22.6775,15.8106,12.3648,4.21529,16.5622,15.5281,11.6597,3.30465,-0.783324,-1.93766,20.6904,20.8032,21.0528,21.3073,21.5762,21.4396,21.5732,22.1016,15.5155,12.1626,4.14959,16.5622,15.5281,11.6597,3.30465,-0.783324,-1.93766
SSA_00110,26.7207,26.9102,27.206,27.499,27.8041,27.2422,27.156,27.2724,17.8487,14.0995,4.75953,21.1038,19.7255,15.0913,5.60537,-0.228002,-1.86758,25.6559,25.829,26.1127,26.392,26.6818,26.1692,26.0962,26.2197,17.252,13.6884,4.6237,21.1038,19.7255,15.0913,5.60537,-0.228002,-1.86758
SSA_00113,9.28569,9.40366,9.61127,9.82506,10.0529,9.99283,10.2107,10.6325,10.0719,7.79434,2.73455,7.30814,6.85849,4.78233,0.495413,-1.41268,-2.02995,8.91218,9.01158,9.20913,9.41213,9.62839,9.55239,9.75613,10.144,9.71367,7.59976,2.66979,7.30814,6.85849,4.78233,0.495413,-1.41268,-2.02995
SSA_00119,19.4265,19.529,19.7636,20.0063,20.2655,20.1797,20.3459,20.9078,14.9704,11.7539,4.01421,15.5695,14.6021,10.8878,2.91685,-0.869858,-1.94911,18.744,18.8443,19.0763,19.3134,19.5646,19.4903,19.6524,20.1798,14.5744,11.4631,3.92159,15.5695,14.6021,10.8878,2.91685,-0.869858,-1.94911
SSA_00121,7.93162,8.52208,8.9797,9.34079,9.66975,9.64803,9.88569,10.3192,10.1057,7.56615,2.67793,7.18111,6.74634,4.69792,0.466236,-1.41949,-2.03107,9.08847,9.20298,9.4101,9.62242,9.84908,9.77066,9.98533,10.3977,9.99981,7.67658,2.69887,7.18111,6.74634,4.69792,0.466236,-1.41949,-2.03107
SSA_00123,21.7999,21.9318,22.1781,22.4236,22.6804,22.4167,22.4664,22.7823,15.6509,12.4643,4.22662,18.7287,17.5336,13.3179,4.26874,-0.557536,-1.90789,22.8156,22.9565,23.2161,23.4763,23.7491,23.4724,23.5176,23.8876,16.2136,12.7981,4.34751,18.7287,17.5336,13.3179,4.26874,-0.557536,-1.90789
SSA_00126,18.1434,18.2217,18.4423,18.6704,18.9138,18.8532,19.0242,19.5468,14.2268,11.2725,3.85227,15.1329,14.1896,10.5489,2.75479,-0.906529,-1.9542,18.9904,19.0838,19.3207,19.5655,19.8266,19.7655,19.9464,20.5393,14.8226,11.5895,3.96586,15.1329,14.1896,10.5489,2.75479,-0.906529,-1.9542
SSA_00128,17.2862,17.3723,17.5909,17.8173,18.0591,18.0264,18.2141,18.7519,13.881,10.9679,3.75727,14.4328,13.5374,10.0143,2.50911,-0.961369,-1.96181,17.537,17.6238,17.8483,18.0805,18.3282,18.2971,18.4889,19.0509,14.0764,11.0509,3.78952,14.4328,13.5374,10.0143,2.50911,-0.961369,-1.96181
SSA_00135,19.8024,19.9043,20.1498,20.404,20.6754,20.6013,20.78,21.4116,15.2619,11.894,4.06578,15.3678,14.4074,10.7274,2.83966,-0.887398,-1.95155,18.5869,18.6743,18.897,19.1276,19.374,19.3023,19.4688,19.9995,14.4476,11.4291,3.90367,15.3678,14.4074,10.7274,2.83966,-0.887398,-1.95155
SSA_00138,18.4933,18.5875,18.8118,19.0387,19.278,19.1838,19.3239,19.7712,14.2751,11.3661,3.8772,16.0942,15.083,11.2859,3.11365,-0.825546,-1.94312,19.6646,19.7583,19.9988,20.2439,20.5034,20.401,20.5499,21.0759,15.0137,11.7893,4.02825,16.0942,15.083,11.2859,3.11365,-0.825546,-1.94312
SSA_00139,21.0842,21.2055,21.4497,21.6941,21.9501,21.7375,21.8169,22.186,15.4247,12.2509,4.16237,17.9777,16.838,12.7431,3.9113,-0.642052,-1.91881,21.9659,22.0759,22.3238,22.5754,22.841,22.6098,22.6876,23.0959,15.8935,12.5648,4.26828,17.9777,16.838,12.7431,3.9113,-0.642052,-1.91881
SSA_00151,14.6323,14.7169,14.9462,15.1897,15.453,15.4874,15.7606,16.4318,13.0876,10.0473,3.46686,10.7394,10.0911,7.2591,1.38396,-1.2111,-1.99814,13.1642,13.2631,13.472,13.6907,13.9256,13.9455,14.1822,14.7195,12.0678,9.41446,3.26277,10.7394,10.0911,7.2591,1.38396,-1.2111,-1.99814
SSA_00156,20.7011,20.8162,21.0569,21.303,21.5638,21.4083,21.5284,22.0122,15.4201,12.1563,4.14068,16.8788,15.8191,11.9003,3.43279,-0.753679,-1.93365,21.8727,21.9972,22.2593,22.5273,22.8111,22.6434,22.767,23.3305,16.1371,12.6008,4.29218,16.8788,15.8191,11.9003,3.43279,-0.753679,-1.93365
SSA_00160,17.7268,17.8165,18.0404,18.272,18.5192,18.4799,18.667,19.2159,14.1441,11.1459,3.8163,14.5761,13.6845,10.1346,2.56348,-0.949323,-1.96014,17.6718,17.7603,17.9857,18.2183,18.4658,18.4312,18.6194,19.1818,14.1236,11.0797,3.80016,14.5761,13.6845,10.1346,2.56348,-0.949323,-1.96014
SSA_00173,21.4363,21.5382,21.7816,22.0299,22.2931,22.0964,22.1943,22.6398,15.6958,12.3985,4.21565,17.4661,16.3668,12.3531,3.68371,-0.695353,-1.92584,21.2762,21.3999,21.6462,21.896,22.1596,21.9672,22.0658,22.5052,15.6404,12.3449,4.20018,17.4661,16.3668,12.3531,3.68371,-0.695353,-1.92584
SSA_00178,18.6502,18.7459,18.9692,19.1995,19.445,19.3666,19.5266,20.0418,14.4566,11.442,3.90755,15.562,14.5954,10.8828,2.91412,-0.870507,-1.94921,19.0973,19.1972,19.4259,19.6624,19.9151,19.8337,19.9972,20.5442,14.7443,11.6123,3.96648,15.562,14.5954,10.8828,2.91412,-0.870507,-1.94921
SSA_00179,20.7121,20.8325,21.069,21.3082,21.5605,21.3728,21.4669,21.8698,15.2635,12.1292,4.12263,17.5579,16.4472,12.4213,3.72245,-0.686697,-1.92477,21.2024,21.318,21.5649,21.8142,22.0765,21.8814,21.9765,22.3994,15.5831,12.3115,4.18862,17.5579,16.4472,12.4213,3.72245,-0.686697,-1.92477
SSA_00186,28.9711,29.231,29.56,29.8744,30.196,29.3466,29.1172,28.9072,18.4504,14.6595,4.92912,23.9312,22.3398,16.9118,7.68657,0.378797,-1.79535,29.3929,29.6471,29.9771,30.294,30.6193,29.7477,29.5091,29.2859,18.6488,14.7999,4.97587,23.9312,22.3398,16.9118,7.68657,0.378797,-1.79535
SSA_00187,24.0815,24.2164,24.4963,24.7784,25.0747,24.7729,24.8181,25.2491,16.9805,13.2965,4.51316,18.5876,17.4041,13.2132,4.20104,-0.574155,-1.91013,22.1675,22.3017,22.5517,22.8023,23.0654,22.8041,22.8572,23.2093,15.8766,12.5855,4.2728,18.5876,17.4041,13.2132,4.20104,-0.574155,-1.91013
SSA_00197,24.5257,24.6663,24.9506,25.2366,25.5369,25.1965,25.2291,25.6151,17.1982,13.4752,4.56856,18.8042,17.6098,13.3913,4.31456,-0.549137,-1.90736,22.4886,22.6294,22.8844,23.139,23.4054,23.1263,23.1683,23.5052,16.0085,12.6799,4.30483,18.8042,17.6098,13.3913,4.31456,-0.549137,-1.90736
SSA_00204,14.5144,14.5851,14.7906,15.006,15.2374,15.2495,15.4731,16.0205,12.595,9.89787,3.41658,12.0934,11.36,8.25852,1.77003,-1.12523,-1.9853,14.9969,15.0694,15.2841,15.5095,15.7516,15.7688,16.0033,16.5925,12.9664,10.1008,3.48644,12.0934,11.36,8.25852,1.77003,-1.12523,-1.9853
SSA_00209,12.1914,12.283,12.4899,12.7065,12.9391,12.9475,13.1853,13.7016,11.586,9.01301,3.13284,9.86471,9.26516,6.61813,1.14592,-1.26461,-2.00638,12.4439,12.5402,12.7517,12.9736,13.212,13.2215,13.4673,14.0085,11.7943,9.11546,3.16772,9.86471,9.26516,6.61813,1.14592,-1.26461,-2.00638
SSA_00216,20.714,20.8258,21.0658,21.3071,21.5605,21.3724,21.4645,21.8615,15.2676,12.1165,4.12071,17.6271,16.5159,12.4763,3.75467,-0.67879,-1.92364,21.4685,21.5972,21.8464,22.0983,22.3637,22.1613,22.2539,22.6847,15.7227,12.4053,4.22036,17.6271,16.5159,12.4763,3.75467,-0.67879,-1.92364
SSA_00222,16.5939,16.6804,16.8892,17.1056,17.3368,17.31,17.4951,18.0065,13.4256,10.6942,3.66315,14.2654,13.3752,9.88,2.44986,-0.974037,-1.9635,18.1107,18.2022,18.4368,18.6808,18.9419,18.9185,19.1259,19.7663,14.484,11.2751,3.86749,14.2654,13.3752,9.88,2.44986,-0.974037,-1.9635
SSA_00227,17.6393,17.7204,17.9444,18.1778,18.4281,18.4009,18.6005,19.1895,14.1572,11.1003,3.80532,14.2652,13.375,9.87983,2.44979,-0.974053,-1.9635,17.6462,17.7328,17.9614,18.1984,18.4517,18.4271,18.6279,19.2212,14.1993,11.0991,3.8082,14.2652,13.375,9.87983,2.44979,-0.974053,-1.9635
SSA_00229,17.6647,17.7543,17.9658,18.1831,18.4142,18.3486,18.5056,18.9792,13.8312,11.064,3.77655,15.3949,14.4329,10.7492,2.84985,-0.885209,-1.95127,18.8256,18.9019,19.1294,19.3646,19.6157,19.5461,19.7144,20.2689,14.6068,11.4895,3.92886,15.3949,14.4329,10.7492,2.84985,-0.885209,-1.95127
SSA_00235,28.0118,28.2516,28.5634,28.8643,29.1738,28.4209,28.234,28.116,18.0782,14.3794,4.83861,23.2271,21.6923,16.4995,7.11305,0.197529,-1.81628,27.5809,27.8072,28.115,28.4111,28.7151,27.9817,27.8039,27.6928,17.8594,14.2366,4.78868,23.2271,21.6923,16.4995,7.11305,0.197529,-1.81628
SSA_00238,20.3452,20.4507,20.6874,20.9297,21.1871,21.0425,21.1693,21.6499,15.2497,12.0471,4.1028,16.7037,15.6518,11.7558,3.35711,-0.769733,-1.93554,19.9814,20.0856,20.3234,20.5645,20.8192,20.6876,20.8142,21.2903,15.0494,11.8733,4.05052,16.7037,15.6518,11.7558,3.35711,-0.769733,-1.93554
SSA_00239,28.8283,29.0583,29.3837,29.7014,30.0295,29.2952,29.1231,29.0755,18.6934,14.7352,4.96499,22.3888,20.916,15.9719,6.47927,0.0102757,-1.83868,28.449,28.6772,29.0009,29.3155,29.6396,28.9201,28.7563,28.7123,18.5161,14.6139,4.92493,22.3888,20.916,15.9719,6.47927,0.0102757,-1.83868
SSA_00240,27.5498,27.7644,28.0754,28.3803,28.6957,28.0666,27.9435,27.9938,18.1738,14.3375,4.8378,21.7279,20.3023,15.5187,6.00764,-0.118753,-1.85377,25.8999,26.0837,26.3646,26.6405,26.9268,26.3633,26.2651,26.321,17.2447,13.7483,4.63384,21.7279,20.3023,15.5187,6.00764,-0.118753,-1.85377
SSA_00241,11.9934,12.0842,12.2857,12.4975,12.7256,12.7308,12.965,13.4695,11.3737,8.94146,3.10502,9.75766,9.17281,6.54566,1.11995,-1.27003,-2.00717,12.2238,12.3208,12.5271,12.7442,12.9779,12.9842,13.226,13.7532,11.5925,9.03255,3.13734,9.75766,9.17281,6.54566,1.11995,-1.27003,-2.00717
SSA_00254,18.7849,18.8587,19.0874,19.3248,19.5788,19.5146,19.6917,20.2594,14.6468,11.5134,3.93591,15.0951,14.1561,10.5284,2.7434,-0.910903,-1.95513,18.9235,19.0227,19.2616,19.5075,19.7691,19.7096,19.8902,20.4791,14.7963,11.5629,3.95852,15.0951,14.1561,10.5284,2.7434,-0.910903,-1.95513
SSA_00262,22.81,22.9355,23.1943,23.4539,23.7264,23.4508,23.4976,23.8694,16.2092,12.7959,4.34645,18.7001,17.495,13.2881,4.24895,-0.562713,-1.90865,23.5685,23.7036,23.9778,24.2524,24.54,24.2395,24.2841,24.6686,16.6882,13.1132,4.45206,18.7001,17.495,13.2881,4.24895,-0.562713,-1.90865
SSA_00271,17.9914,18.0758,18.319,18.5725,18.8439,18.8398,19.0677,19.7649,14.5519,11.2609,3.8652,13.7439,12.8846,9.48105,2.27537,-1.01279,-1.96897,16.6103,16.6947,16.9087,17.1322,17.3722,17.3611,17.5662,18.1389,13.5951,10.6919,3.67217,13.7439,12.8846,9.48105,2.27537,-1.01279,-1.96897
SSA_00275,25.6247,25.8162,26.1024,26.3826,26.6727,26.1537,26.0762,26.1854,17.2258,13.6724,4.61831,21.2575,19.8686,15.193,5.69867,-0.201668,-1.86392,26.7076,26.8987,27.1937,27.4855,27.7891,27.2218,27.1301,27.2343,17.8043,14.0761,4.75136,21.2575,19.8686,15.193,5.69867,-0.201668,-1.86392
SSA_00279,24.5986,24.7728,25.0408,25.306,25.5824,25.1282,25.0851,25.2444,16.778,13.3696,4.51391,20.6661,19.3194,14.7691,5.32887,-0.298099,-1.87583,25.194,25.3668,25.6499,25.9285,26.2177,25.7494,25.6999,25.8697,17.1247,13.5638,4.58669,20.6661,19.3194,14.7691,5.32887,-0.298099,-1.87583
SSA_00286,19.719,19.8095,20.0501,20.2974,20.5604,20.4686,20.6289,21.1945,15.1001,11.8269,4.04166,15.7972,14.8039,11.0569,2.99887,-0.851977,-1.94679,19.118,19.2205,19.4551,19.6947,19.9485,19.8624,20.0186,20.5446,14.7482,11.5963,3.96469,15.7972,14.8039,11.0569,2.99887,-0.851977,-1.94679
SSA_00299,26.8331,27.0262,27.3251,27.6206,27.928,27.3637,27.2729,27.3899,17.8936,14.1217,4.76833,21.1602,19.7811,15.131,5.64141,-0.21791,-1.86618,26.1146,26.3011,26.5996,26.8911,27.192,26.6529,26.5744,26.6819,17.5521,13.8847,4.69015,21.1602,19.7811,15.131,5.64141,-0.21791,-1.86618
SSA_00304,19.7747,19.8738,20.1228,20.3798,20.6534,20.5824,20.763,21.3977,15.2679,11.8862,4.06459,15.3219,14.3627,10.6926,2.82248,-0.891826,-1.95226,18.8034,18.8978,19.1254,19.3611,19.6128,19.5452,19.7159,20.2767,14.618,11.4936,3.9303,15.3219,14.3627,10.6926,2.82248,-0.891826,-1.95226
SSA_00312,25.9645,26.1565,26.4467,26.7295,27.0212,26.4621,26.3635,26.4251,17.3124,13.7592,4.64379,21.6619,20.2481,15.4922,5.97867,-0.129803,-1.85589,26.5024,26.6962,26.9857,27.2705,27.5663,26.9751,26.8699,26.9202,17.5941,13.9811,4.71317,21.6619,20.2481,15.4922,5.97867,-0.129803,-1.85589
SSA_00359,23.5687,23.7019,23.9664,24.2334,24.5147,24.2028,24.2418,24.6066,16.6279,13.1077,4.44568,18.8041,17.5928,13.3702,4.30201,-0.550506,-1.90718,22.4781,22.6228,22.8778,23.1326,23.3994,23.1219,23.1659,23.506,16.0177,12.6844,4.30641,18.8041,17.5928,13.3702,4.30201,-0.550506,-1.90718
SSA_00367,17.984,18.0736,18.3065,18.5504,18.8126,18.7966,19.0127,19.6719,14.4628,11.2482,3.85754,13.9522,13.0902,9.64985,2.34798,-0.997309,-1.96688,16.7609,16.8386,17.058,17.285,17.5272,17.512,17.7114,18.2689,13.6879,10.7452,3.69166,13.9522,13.0902,9.64985,2.34798,-0.997309,-1.96688
