BBslope,Km6_CO2,Ki57,Km2_HCO3,Km7_PGA,KaRac,tao_ActRubisco,Km6_O2,Vm6y23,Km18_Ru5P,Km12_E4P,Vm6,Jmaxy23,Km2_PEP,Km14_GAP,Km12_DHAP,Km10_GAP,Jmax,MRd,Perm_CO2,Km33_NADP,Vm4y23,Km18_ATP,Vm5y23,Ki18_Pi,Km1_CO2,Vm7_8y23,Vm2y23,Vm3y23,Vm2,Vm35Mc_OAAy23,Km15_GAP,Km6_RuBP,Vm4,Km10_DHAP,gm,Vm5,Vm12y23,Vm7_8,Vm33y23
1.87781818181818,4.356,2.43690909090909,2.90745454545455,101102395747.718,5.32072727272727,141806096349.537,4.39109090909091,10.5334545454545,7.25418181818182,7.23436363636364,14.9505454545455,11.4930909090909,2.20309090909091,7.21254545454545,7.56436363636364,7.35090909090909,15.1714545454545,12.7843636363636,4.53236363636364,7.30436363636364,11.8309090909091,7.23763636363636,11.9589090909091,8.22181818181818,4.21654545454545,137534382435.697,7.22454545454545,11.1074545454545,14.2716363636364,11.0101818181818,8.85727272727273,7.69,15.1665454545455,8.15090909090909,4.69672727272727,15.2965454545455,11.7816363636364,101102395754.637,149505598674.711
1.08018181818182,3.25327272727273,11.1649090909091,11.7787272727273,3.85872727272727,4.37381818181818,12.6690909090909,5.64363636363636,31.1405454545455,5.44945454545455,5.47618181818182,20.4185454545455,30.9167272727273,15.7952727272727,8.06054545454545,7.1,13.6401818181818,20.3701818181818,61.3134545454545,20.0029090909091,18.0787272727273,30.9438181818182,19.3129090909091,31.042,16.5381818181818,21.5963636363636,31.5941818181818,30.2338181818182,31.1629090909091,19.3634545454545,30.8032727272727,22.3514545454545,23.1401818181818,20.2554545454545,23.7476363636364,24.7176363636364,20.9030909090909,32.0614545454545,21.0072727272727,30.7634545454545
4.54145454545455,48.5554545454546,4.74454545454545,10.7872727272727,580954565333.246,54.4947272727273,57.9865454545455,46.9747272727273,81.6865454545455,60.9063636363636,61.1085454545454,61.6792727272727,83.3229090909091,12.294,61.9523636363636,60.4381818181818,60.4327272727273,65.6630909090909,51.9058181818182,31.5387272727273,62.1783636363636,84.2307272727273,61.6221818181818,86.1972727272727,67.3021818181818,11.2450909090909,81.3923636363636,61.1221818181818,81.6514545454545,40.08,82.4656363636364,71.8254545454545,56.6761818181818,65.0538181818182,62.3394545454545,10.2410909090909,66.9509090909091,83.5972727272727,580954565339.468,83.5305454545455
1.68981818181818,8.53927272727273,5.89581818181818,7.06727272727273,99782227451.4371,9.05963636363636,248117960618.162,9.49145454545454,15.5738181818182,21.7863636363636,21.4396363636364,33.7423636363636,16.364,9.24490909090909,15.0056363636364,24.3976363636364,22.5267272727273,34.1692727272727,70.0969090909091,12.9229090909091,18.9736363636364,16.4081818181818,20.4918181818182,16.3709090909091,26.8056363636364,14.2376363636364,332832311163.551,12.3496363636364,18.0818181818182,31.9812727272727,15.7283636363636,15.976,16.5714545454545,34.0898181818182,25.906,16.36,34.3047272727273,24.1641818181818,99782227466.6066,348430592583.575
11.9409090909091,5.29472727272727,75.37,71.0809090909091,7.37581818181818,15.6723636363636,65.6412727272727,21.8243636363636,126.391090909091,11.6689090909091,12.4036363636364,80.7132727272727,126.536363636364,82.7970909090909,28.4901818181818,19.7490909090909,49.5830909090909,80.2243636363636,116.286909090909,90.8558181818182,67.294,126.554,75.1365454545455,126.902363636364,59.536,114.963818181818,126.852363636364,125.762363636364,126.534727272727,77.2212727272727,126.408181818182,90.7363636363636,100.800909090909,79.81,92.5969090909091,125.528181818182,80.0396363636364,127.424727272727,81.9738181818182,126.717454545455
2.16345454545455,4.36545454545455,12.3061818181818,11.8761818181818,5.87345454545455,4.68872727272727,14.7701818181818,5.49218181818182,48.0316363636364,7.29327272727273,7.02618181818182,10.6865454545455,48.2056363636364,14.9156363636364,8.37618181818182,7.27363636363636,13.7214545454545,11.7716363636364,59.6690909090909,20.7418181818182,21.0112727272727,48.1767272727273,21.0207272727273,48.7205454545455,16.6943636363636,20.2621818181818,85250856442.5487,47.4085454545455,48.1112727272727,9.01218181818182,48.1181818181818,24.8978181818182,25.3410909090909,11.646,25.0590909090909,23.5912727272727,12.4747272727273,48.6458181818182,11.4369090909091,47.8341818181818
15.1214545454545,92.1174545454545,19.1323636363636,50.0892727272727,290867395110.2,95.9376363636364,97.5121818181818,93.4572727272727,72.9087272727273,120.200181818182,114.961090909091,134.634363636364,75.2694545454545,50.8083636363636,112.363272727273,125.557818181818,118.387272727273,132.635090909091,127.884363636364,77.2683636363636,110.734909090909,74.874,112.590909090909,75.422,131.679454545455,33.578,73.4249090909091,69.4858181818182,74.9045454545455,102.92,74.5952727272727,112.048727272727,95.6745454545455,135.732181818182,121.259636363636,33.1207272727273,138.625090909091,76.2843636363636,133.82,72.7447272727273
1.83145454545455,14.3325454545455,19.1047272727273,37.7598181818182,810392961531.16,17.5756363636364,32.8436363636364,15.7814545454545,148.495090909091,20.912,21.6709090909091,21.2867272727273,148.752181818182,46.222,18.7725454545455,24.4165454545455,26.0901818181818,22.0907272727273,50.8529090909091,51.734,32.8296363636364,148.924363636364,41.7449090909091,149.094181818182,34.1,82.246,148.528,147.409272727273,148.864545454545,17.6752727272727,148.790545454545,47.6405454545455,58.3789090909091,22.1832727272727,56.6287272727273,93.3921818181818,22.732,149.157090909091,810392961538.213,148.614181818182
1.09818181818182,5.11909090909091,3.28345454545455,2.84345454545455,85765567942.4711,6.064,6.73690909090909,5.39181818181818,17.6103636363636,10.4543636363636,10.4474545454545,11.0589090909091,17.8149090909091,3.45163636363636,8.84018181818182,11.4047272727273,10.7289090909091,11.6423636363636,27.0670909090909,6.42836363636364,9.29454545454545,17.8405454545455,10.0152727272727,18.0176363636364,12.6203636363636,5.812,85765567949.5249,16.9407272727273,17.9449090909091,7.39090909090909,17.7385454545455,9.86727272727273,9.29018181818182,11.7252727272727,11.9652727272727,6.86236363636364,12.1401818181818,18.8969090909091,212839446486.226,75894615689.4651
0.747454545454545,4.23981818181818,1.31872727272727,1.91781818181818,93907593433.4958,4.31945454545454,4.95981818181818,5.24018181818182,8.46381818181818,11.7245454545455,11.7721818181818,11.048,8.37036363636364,2.54763636363636,8.14945454545455,12.6845454545455,11.4856363636364,11.4425454545455,81.2367272727273,4.70654545454545,8.50272727272727,8.48854545454545,10.7129090909091,8.41327272727273,13.1525454545455,3.20272727272727,129924335229.594,7.41327272727273,9.42854545454546,9.33145454545455,8.37636363636364,7.38327272727273,7.14563636363636,11.416,12.5914545454545,3.73,12.0770909090909,12.3623636363636,93907593435.9307,8.20909090909091
0.816363636363636,2.97,3.94727272727273,3.51072727272727,180794301749.787,3.68563636363636,7.66781818181818,3.26054545454545,19.7472727272727,6.11618181818182,6.08545454545455,12.7892727272727,19.9092727272727,4.90181818181818,5.28490909090909,6.43636363636364,7.63909090909091,13.3334545454545,33.2214545454545,8.88490909090909,8.87945454545455,19.8536363636364,10.1563636363636,20.1874545454545,9.30072727272727,8.16472727272727,20.5085454545455,18.7218181818182,20.1132727272727,10.9418181818182,19.7761818181818,11.7245454545455,12.0807272727273,13.446,12.7285454545455,9.76690909090909,13.7132727272727,21.0770909090909,180794301757.81,19.8256363636364
1.46345454545455,8.00090909090909,18.4983636363636,17.2907272727273,8.85745454545455,10.3043636363636,17.3652727272727,10.9570909090909,35.492,12.1621818181818,12.1681818181818,78.1503636363637,35.6998181818182,27.9223636363636,17.2143636363636,13.1045454545455,27.1163636363636,78.6434545454545,49.8701818181818,39.5901818181818,37.2089090909091,35.4232727272727,39.9205454545455,35.6896363636364,33.0678181818182,37.0012727272727,35.8210909090909,32.4932727272727,35.5383636363636,75.9229090909091,35.1810909090909,47.8492727272727,49.4554545454546,78.4814545454545,48.8610909090909,43.5563636363636,78.8963636363636,37.2307272727273,78.3727272727273,34.9865454545455
6.61890909090909,40.6398181818182,641053925067.119,23.4098181818182,127460228309.118,46.756,55.8214545454545,40.8229090909091,232.083090909091,71.1641818181818,73.4774545454545,40.5881818181818,232.54,44.9592727272727,63.1118181818182,79.1710909090909,74.2634545454545,46.9032727272727,110.270545454545,80.2661818181818,79.1730909090909,232.657454545455,85.346,232.965636363636,86.0063636363636,60.0010909090909,127460228515.871,230.742909090909,232.421636363636,19.7247272727273,232.462,102.808909090909,103.420727272727,49.446,110.100363636364,72.5358181818182,52.1087272727273,232.948545454545,1246908473162.8,232.558545454545
1.97690909090909,9.60345454545455,3.35218181818182,2.59672727272727,28.7290909090909,12.4314545454545,12.7869090909091,10.0929090909091,23.7216363636364,16.2289090909091,16.226,33.8681818181818,24.9970909090909,3.17636363636364,16.7549090909091,17.5309090909091,17.1830909090909,34.69,21.0670909090909,11.0112727272727,16.7087272727273,25.3821818181818,16.6196363636364,26.0872727272727,19.3578181818182,5.39927272727273,32.1756363636364,16.0169090909091,24.7376363636364,30.198,24.4323636363636,19.8549090909091,18.0869090909091,34.6441818181818,18.9125454545455,7.00472727272727,35.1112727272727,25.8856363636364,217118461065.305,24.7661818181818
3.11527272727273,11.2316363636364,14.8830909090909,16.6318181818182,95884371605.5398,13.0941818181818,27.646,11.2603636363636,14.3421818181818,17.8192727272727,17.4098181818182,115.593818181818,15.9221818181818,25.7596363636364,16.3125454545455,17.5381818181818,24.2374545454545,115.704,46.2976363636364,38.8414545454545,34.6278181818182,16.1169090909091,38.0676363636364,16.8234545454545,30.7454545454545,38.2094545454545,1416154033132.24,9.78981818181818,15.1303636363636,115.054909090909,15.0609090909091,47.7818181818182,49.8525454545454,115.779090909091,49.4629090909091,43.9403636363636,115.849636363636,16.7178181818182,95884371711.5645,15.1163636363636
0.366,1.08509090909091,0.956727272727273,0.894363636363636,100849438177.099,1.25418181818182,95466020980.6825,1.16945454545455,5.10781818181818,2.42927272727273,2.37836363636364,4.31690909090909,5.20272727272727,1.19563636363636,1.94345454545455,2.61527272727273,2.45709090909091,4.47854545454545,14.0141818181818,2.18218181818182,2.56418181818182,5.25636363636364,2.92672727272727,5.41181818181818,3.00563636363636,2.04363636363636,45842366092.5713,4.70872727272727,5.20363636363636,3.75836363636364,5.17545454545454,3.22454545454545,3.14654545454545,4.49672727272727,3.684,2.44836363636364,4.566,5.45472727272727,55007072092.1833,49574343381.7978
1.39054545454545,2.27327272727273,1.97472727272727,2.33745454545455,107160035729.497,2.676,4.18727272727273,2.51218181818182,6.71945454545455,5.90818181818182,6.12709090909091,16.5616363636364,7.09909090909091,2.83654545454545,4.64218181818182,6.61472727272727,6.12890909090909,16.8267272727273,26.6669090909091,5.17781818181818,6.50272727272727,7.31927272727273,7.43690909090909,7.51272727272727,7.44527272727273,4.92509090909091,222524253222.531,5.68618181818182,7.35454545454545,15.6730909090909,7.02,8.074,7.75454545454545,16.7872727272727,9.50763636363636,5.75054545454545,16.9245454545455,8.432,17.3612727272727,6.73454545454545
1.88290909090909,6.056,3.25254545454545,5.02672727272727,335353962720.653,7.90781818181818,10.1363636363636,6.39836363636364,27.7632727272727,12.4354545454545,12.7336363636364,33.1890909090909,29.1358181818182,6.11109090909091,10.6690909090909,13.6545454545455,12.3745454545455,34.9983636363636,24.2723636363636,12.9330909090909,15.576,29.3205454545455,16.1296363636364,29.6747272727273,14.3516363636364,9.60745454545454,671416594664.87,25.0874545454545,29.1023636363636,29.5316363636364,28.7925454545455,20.956,20.1998181818182,34.8627272727273,20.9105454545455,11.3183636363636,35.6069090909091,30.3510909090909,32.0241818181818,660620555485.849
2.99763636363636,6.80090909090909,4.13781818181818,6.18036363636364,20.0176363636364,7.78618181818182,7.64963636363636,6.88927272727273,14.5481818181818,11.4330909090909,11.5669090909091,34.0294545454545,15.3205454545455,5.61909090909091,10.8792727272727,12.2027272727273,11.5192727272727,33.8309090909091,17.6454545454545,7.32181818181818,10.32,15.2763636363636,11.1012727272727,15.0716363636364,15.2872727272727,13.9603636363636,586090100731.953,11.2367272727273,14.7610909090909,33.0903636363636,14.8403636363636,11.0169090909091,10.2292727272727,34.2125454545455,12.5165454545455,15.4845454545455,33.862,15.3250909090909,35.9005454545455,14.9932727272727
7.69654545454546,14.1485454545455,16.7601818181818,19.5858181818182,290809356622.232,16.0545454545455,18.9390909090909,14.1769090909091,36.7416363636364,20.0552727272727,20.5492727272727,54.7452727272727,36.8510909090909,19.2056363636364,20.0334545454545,21.7785454545455,20.6972727272727,55.2707272727273,29.5649090909091,23.6038181818182,20.422,37.1969090909091,23.0270909090909,37.2730909090909,23.9743636363636,34.0825454545455,290809356638.222,33.2138181818182,36.8749090909091,49.6843636363636,36.6436363636364,27.2483636363636,28.6189090909091,55.6414545454546,28.8325454545455,37.2981818181818,55.8738181818182,38.7207272727273,62.0312727272727,36.3145454545455
2.65981818181818,12.0978181818182,2.83672727272727,4.69036363636364,12.4109090909091,12.7145454545455,12.6714545454545,12.7801818181818,11.3596363636364,19.2685454545455,19.0776363636364,16.4296363636364,11.5025454545455,6.468,15.9374545454545,21.9334545454545,20.5730909090909,16.3812727272727,42.8223636363636,9.18545454545455,20.7112727272727,11.4330909090909,19.5558181818182,11.6149090909091,25.4910909090909,5.06563636363636,92097851040.5891,9.85690909090909,11.8621818181818,11.8578181818182,11.3074545454545,15.2534545454545,13.0930909090909,16.3790909090909,21.7221818181818,5.41872727272727,16.6505454545455,12.9334545454545,15.4896363636364,11.2383636363636
1.81218181818182,2.38909090909091,1.63454545454545,2.262,150407022058.998,2.52381818181818,56846764347.3935,2.63745454545455,6.92545454545454,5.13563636363636,5.11381818181818,5.46690909090909,6.85981818181818,1.72163636363636,4.048,5.64345454545454,5.16690909090909,5.63145454545455,22.1425454545455,2.54145454545455,4.18181818181818,6.94072727272727,4.834,6.746,6.13490909090909,2.96181818181818,29397020781.6971,6.68436363636364,7.13909090909091,4.03945454545455,6.86418181818182,3.80218181818182,3.77090909090909,5.71418181818182,5.69618181818182,3.07345454545455,5.91690909090909,8.06927272727273,6.95218181818182,30833902358.3873
3.27109090909091,10.7147272727273,2.77163636363636,4.15636363636364,27.1776363636364,12.9732727272727,13.7376363636364,10.8785454545455,29.5847272727273,16.8372727272727,16.8163636363636,26.7869090909091,30.8923636363636,2.88309090909091,16.6518181818182,16.8974545454545,16.8076363636364,28.1385454545455,16.8754545454545,9.56272727272727,17.1376363636364,31.2430909090909,16.1358181818182,31.3834545454545,18.8416363636364,4.38654545454545,36.32,24.0758181818182,30.2687272727273,21.238,30.1309090909091,19.9230909090909,16.4934545454545,28.5381818181818,17.3021818181818,4.84563636363636,28.6776363636364,30.5569090909091,31.8565454545455,30.3250909090909
0.807818181818182,4.73127272727273,0.783090909090909,1.57127272727273,9.96127272727273,5.49690909090909,5.80781818181818,4.90272727272727,8.64872727272727,7.92472727272727,7.966,11.5447272727273,9.06672727272727,1.57654545454545,7.464,8.42872727272727,7.99290909090909,11.8547272727273,19.0743636363636,3.88236363636364,7.45963636363636,9.162,7.69181818181818,9.48545454545455,9.28527272727273,1.88927272727273,11.348,6.66945454545455,9.07836363636364,9.40272727272727,8.96072727272727,7.88509090909091,6.52527272727273,11.9312727272727,8.23363636363636,2.12436363636364,12.0518181818182,9.77509090909091,12.4374545454545,9.05363636363636
1.37581818181818,4.62981818181818,1.89509090909091,1.73381818181818,12.4741818181818,5.16618181818182,5.22454545454545,5.06818181818182,6.98690909090909,11.0352727272727,10.7869090909091,9.48145454545454,7.11418181818182,2.28818181818182,7.96454545454545,12.344,11.1894545454545,9.52563636363636,38.9992727272727,4.34109090909091,9.174,7.19836363636364,9.49872727272727,7.20709090909091,13.3696363636364,2.47254545454545,57629741924.5444,6.18836363636364,7.29745454545455,7.30218181818182,7.06636363636364,6.64981818181818,6.13290909090909,9.56727272727273,11.1174545454545,3.01418181818182,9.74581818181818,8.00963636363636,10.1756363636364,6.95054545454545
1.616,4.03181818181818,2.95254545454545,2.66745454545455,525236824894.152,5.12345454545455,8.50636363636364,4.26909090909091,28.1261818181818,7.57981818181818,7.80963636363636,13.4665454545455,28.8003636363636,4.02018181818182,7.21872727272727,8.33854545454546,8.488,14.6872727272727,102.468181818182,9.56927272727273,11.5321818181818,28.8445454545455,12.2192727272727,30.8878181818182,10.4,5.91436363636364,163737704180.118,27.0710909090909,28.6098181818182,10.5610909090909,28.6203636363636,15.8952727272727,15.044,15.0134545454545,15.1327272727273,7.37509090909091,15.3127272727273,29.0465454545455,361499120749.845,28.3969090909091
10.5536363636364,61.5358181818182,20.3087272727273,13.9929090909091,3016065858112.88,23.4501818181818,485920538635.16,93.6314545454545,154.508545454545,136.532545454545,142.295818181818,34.98,154.865636363636,21.9710909090909,82.1254545454545,153.876181818182,105.260545454545,32.5572727272727,13046.2872727273,40.1632727272727,58.8985454545455,155.005454545455,135.463272727273,155.135272727273,155.157454545455,33.4492727272727,107364832771.224,154.173818181818,154.244363636364,17.3590909090909,154.183090909091,56.1341818181818,66.4116363636364,33.0107272727273,131.747818181818,42.1541818181818,212.764363636364,154.622727272727,3016065858103.89,154.113818181818
8.77618181818182,10.536,8.22727272727273,2.39763636363636,117810085577.109,12.746,13.1976363636364,10.9114545454545,53.4918181818182,18.3252727272727,18.5625454545455,18.6414545454545,53.7827272727273,2.97290909090909,18.5401818181818,20.472,19.592,19.6818181818182,27.9725454545455,11.9429090909091,17.8343636363636,53.8469090909091,18.3409090909091,53.8729090909091,23.63,5.90327272727273,55.5050909090909,52.2818181818182,53.9152727272727,8.186,53.6676363636364,22.3274545454545,19.4074545454545,19.5618181818182,22.2321818181818,8.43436363636364,20.9878181818182,54.4887272727273,31.6974545454545,53.6058181818182
3.81436363636364,7.61345454545455,24.5010909090909,24.1205454545455,9.62618181818182,12.8398181818182,46.9861818181818,14.8681818181818,24.6241818181818,13.1789090909091,12.1118181818182,156.396909090909,26.4063636363636,39.9738181818182,25.5316363636364,16.0361818181818,41.7987272727273,156.448727272727,79.1207272727273,62.726,64.3187272727273,26.0683636363636,65.7009090909091,26.4912727272727,51.3583636363636,51.5552727272727,25.788,18.9649090909091,25.4147272727273,155.094909090909,25.5321818181818,79.3170909090909,80.4303636363636,156.043454545455,79.0827272727273,63.1721818181818,156.181818181818,28.6534545454545,156.705818181818,23.3885454545455
0.828727272727273,5.58327272727273,3.42872727272727,4.01272727272727,7.27781818181818,7.29545454545455,10.2967272727273,6.02381818181818,36.982,11.312,11.2429090909091,11.4405454545455,36.9201818181818,6.66072727272727,9.58436363636364,11.7196363636364,12.02,13.4367272727273,64.516,12.7632727272727,14.7983636363636,37.03,15.8112727272727,37.0989090909091,14.7498181818182,8.96509090909091,53454555965.9358,36.0794545454545,37.4216363636364,6.95345454545455,36.9167272727273,18.6776363636364,17.8938181818182,13.3465454545455,19.5143636363636,11.1072727272727,13.9574545454545,38.4536363636364,816313558725.183,36.7574545454546
1.17272727272727,7.93418181818182,35.5281818181818,29.984,8.02109090909091,19.7943636363636,964319657662.399,21.7881818181818,84.584,13.0869090909091,14.5196363636364,109.527636363636,85.3332727272727,50.4803636363636,34.138,21.0041818181818,52.4529090909091,109.963272727273,44.8478181818182,77.032,72.5589090909091,84.9374545454546,76.5554545454546,85.0663636363636,62.3249090909091,61.3461818181818,84.2869090909091,81.382,84.566,107.974,84.5829090909091,92.8607272727273,95.1267272727273,109.638,91.5305454545455,73.3574545454545,109.754909090909,86.2456363636364,109.351636363636,84.9229090909091
1.36872727272727,5.67618181818182,3.24218181818182,4.19581818181818,125954326608.673,6.39254545454545,7.30309090909091,6.43581818181818,25.56,19.372,19.0398181818182,15.1892727272727,25.9296363636364,5.83854545454545,11.7009090909091,23.1434545454545,20.7309090909091,16.6387272727273,61.7332727272727,9.29054545454546,16.9065454545455,25.9703636363636,17.2850909090909,26.2198181818182,26.2716363636364,9.00454545454545,125954326619.887,23.7294545454545,25.8858181818182,12.7050909090909,25.7747272727273,13.1541818181818,12.9452727272727,16.2532727272727,23.4869090909091,10.4234545454545,16.8934545454545,26.5727272727273,381230971907.198,25.79
3.82927272727273,7.36181818181818,2.99945454545455,5.54818181818182,12.5918181818182,8.84272727272727,10.6476363636364,7.53090909090909,37.6518181818182,12.2672727272727,12.2465454545455,19.9076363636364,37.7734545454545,6.56909090909091,11.654,12.8487272727273,12.7887272727273,22.3238181818182,21.326,12.5974545454545,15.5778181818182,37.7407272727273,15.6643636363636,37.7787272727273,14.8325454545455,11.9874545454545,37.7936363636364,36.8789090909091,37.7836363636364,13.3874545454545,37.6990909090909,19.6,18.4127272727273,22.2527272727273,19.1152727272727,13.8734545454545,22.8894545454545,38.0830909090909,934838906699.51,37.5174545454545
2.06309090909091,3.48672727272727,5.69890909090909,5.05890909090909,5.93254545454545,4.00636363636364,5.56981818181818,3.90781818181818,16.3098181818182,7.49072727272727,7.45727272727273,12.5658181818182,16.3396363636364,5.77163636363636,5.79272727272727,8.09418181818182,8.01472727272727,12.7954545454545,28.8081818181818,7.96563636363636,8.72090909090909,16.3289090909091,9.44872727272727,16.4096363636364,9.70654545454545,9.27472727272727,16.5065454545455,15.8483636363636,16.4205454545455,10.4232727272727,16.3005454545455,9.49654545454545,10.032,12.9925454545455,11.8058181818182,10.6201818181818,13.0589090909091,16.776,165072681369.863,16.1416363636364
1.72636363636364,13.3990909090909,12.0158181818182,8.67654545454545,329444489406.449,16.5009090909091,26.1389090909091,13.0698181818182,40.1349090909091,22.9263636363636,22.9323636363636,73.5636363636364,42.8138181818182,15.0287272727273,21.104,23.892,25.5456363636364,75.2209090909091,39.1532727272727,31.4361818181818,34.4712727272727,42.7309090909091,36.0414545454545,43.2578181818182,31.0614545454545,20.8807272727273,736783351684.234,34.206,42.0592727272727,67.6470909090909,42.0323636363636,44.4505454545455,43.6143636363636,75.3530909090909,43.5801818181818,26.7054545454545,76.0714545454546,42.0636363636364,329444489464.345,41.3334545454546
32.0007272727273,66.9043636363636,100.128,42.7874545454545,55.4387272727273,86.0841818181818,111.535090909091,73.8229090909091,21.1387272727273,107.269090909091,104.567818181818,331.997636363636,23.2783636363636,70.7616363636364,101.147454545455,113.218363636364,111.481636363636,332.191272727273,152.545454545455,139.184909090909,156.466909090909,19.4698181818182,151.699454545455,20.3963636363636,133.993818181818,79.8009090909091,17.2145454545455,8.27072727272727,18.1976363636364,329.293818181818,19.0161818181818,189.886727272727,177.540909090909,332.234727272727,178.432181818182,101.949272727273,332.308545454545,28.1870909090909,332.067454545455,21.7012727272727
2.35218181818182,6.91181818181818,4.556,6.27836363636364,12.1149090909091,5.95927272727273,6.60909090909091,7.98254545454545,18.4747272727273,14.0567272727273,14.2147272727273,8.96436363636364,18.6301818181818,6.36781818181818,10.5036363636364,15.2096363636364,13.9187272727273,8.37327272727273,131.168181818182,8.45490909090909,11.0981818181818,18.7356363636364,14.252,18.8294545454545,15.9049090909091,9.20836363636364,19.7092727272727,17.3105454545455,18.6510909090909,7.26509090909091,18.5925454545455,9.09272727272727,10.5238181818182,8.738,16.3005454545455,10.056,7.86818181818182,18.9947272727273,219365497037.462,18.5996363636364
1.13818181818182,4.46509090909091,7.98745454545455,8.23854545454545,47181726785.6131,5.09309090909091,12.1045454545455,4.966,9.91418181818182,7.34272727272727,7.37636363636364,39.3214545454545,10.2572727272727,12.2152727272727,7.264,7.54909090909091,11.16,39.3496363636364,26.0914545454545,15.9963636363636,14.0758181818182,10.0252727272727,15.6723636363636,10.2803636363636,13.9014545454545,17.4469090909091,10.3850909090909,7.26072727272727,10.3416363636364,39.0223636363636,9.946,17.8883636363636,19.2956363636364,39.3632727272727,19.8198181818182,20.2218181818182,39.3876363636364,11.672,47181726819.74,9.60309090909091
1.87927272727273,8.12127272727273,3.77127272727273,3.96290909090909,21.0696363636364,9.02272727272727,10.6365454545455,8.97418181818182,23.1665454545455,23.906,23.6256363636364,22.5718181818182,23.7149090909091,5.56018181818182,15.8247272727273,26.8543636363636,24.9656363636364,23.7245454545455,66.9005454545455,11.1538181818182,20.882,23.8518181818182,20.8223636363636,24.0772727272727,29.7325454545455,7.918,154863858624.601,21.5905454545455,23.6454545454545,18.2441818181818,23.5845454545455,16.4050909090909,15.9016363636364,23.2603636363636,26.6109090909091,9.51563636363636,23.6110909090909,23.6638181818182,335541771745.987,169426303298.262
1.53218181818182,1.44127272727273,3.75509090909091,3.41236363636364,121545954310.292,1.46945454545455,2.96890909090909,1.71436363636364,3.74963636363636,3.29145454545455,3.22054545454545,10.7476363636364,3.79109090909091,3.86545454545455,2.31072727272727,3.48054545454545,3.61036363636364,10.7567272727273,24.9832727272727,4.55145454545455,3.87327272727273,3.77945454545455,4.77981818181818,3.90909090909091,4.49018181818182,6.31090909090909,4.33309090909091,3.33909090909091,3.88909090909091,10.4581818181818,3.72981818181818,4.83490909090909,5.36636363636364,10.8138181818182,6.13272727272727,7.06236363636364,10.942,4.76363636363636,26198359073.5769,3.97127272727273
1.25109090909091,6.08672727272727,2.02054545454545,1.71563636363636,133587596053.971,6.83872727272727,153930780362.283,6.27654545454545,10.8905454545455,9.46909090909091,9.47145454545455,14.006,11.3089090909091,2.76890909090909,9.03,9.83981818181818,9.48890909090909,14.5321818181818,26.1238181818182,6.24290909090909,9.23254545454546,11.3614545454545,9.75363636363636,11.4798181818182,10.5209090909091,2.96327272727273,109040611939.84,9.76472727272727,11.1967272727273,10.7441818181818,11.1589090909091,10.5710909090909,9.46363636363636,14.5383636363636,10.7410909090909,3.82490909090909,14.7112727272727,11.3561818181818,15.5883636363636,11.0350909090909
3.42363636363636,10.7569090909091,4.94090909090909,9.86781818181818,244344181978.023,12.2863636363636,15.2730909090909,10.8092727272727,52.034,16.1207272727273,16.0681818181818,35.34,52.4572727272727,8.68945454545455,15.9183636363636,16.5410909090909,16.8907272727273,38.0941818181818,28.3774545454545,18.1912727272727,21.6032727272727,52.3949090909091,22.3287272727273,52.4281818181818,20.4321818181818,12.1298181818182,244344182009.202,51.47,52.3589090909091,27.1045454545455,52.2867272727273,30.3670909090909,27.5623636363636,38.7829090909091,27.8814545454545,13.4530909090909,39.732,52.514,550755528228.401,52.4114545454545
1.154,2.88763636363636,2.36181818181818,1.39636363636364,42929218765.8726,3.22836363636364,3.96254545454545,3.40963636363636,11.3407272727273,9.12345454545455,9.12490909090909,6.99618181818182,11.5216363636364,2.07363636363636,6.13163636363636,10.1414545454545,9.20563636363636,7.39836363636364,36.7483636363636,4.41418181818182,7.42836363636364,11.5323636363636,8.88072727272727,11.5485454545455,10.7836363636364,3.13090909090909,42929218769.7384,10.8261818181818,11.5265454545455,4.90181818181818,11.4541818181818,6.45709090909091,6.28890909090909,7.62236363636364,10.746,4.02927272727273,8.03109090909091,11.8538181818182,171205650575.609,43990678205.8458
2.91654545454545,27.7554545454545,4.42418181818182,4.90781818181818,56.8183636363636,32.6394545454545,33.6014545454545,26.4090909090909,81.1834545454546,41.1354545454545,41.5101818181818,32.4890909090909,81.7054545454545,6.61290909090909,41.6847272727273,43.5634545454545,42.288,36.8798181818182,44.2876363636364,21.6445454545455,41.2389090909091,81.7352727272727,40.772,81.8649090909091,47.0967272727273,8.94309090909091,82.1805454545455,78.3718181818182,81.6916363636364,11.3327272727273,81.5096363636364,45.7314545454545,35.3714545454545,37.7950909090909,43.3427272727273,12.054,39.6892727272727,82.5205454545455,2139580988648.53,81.6229090909091
1.11636363636364,1.65090909090909,1.77672727272727,3.07854545454545,54248869142.9914,1.97963636363636,2.56745454545455,1.74763636363636,7.72345454545455,3.78127272727273,3.76690909090909,9.13436363636364,8.07327272727273,2.71309090909091,3.10854545454545,4.25272727272727,3.86290909090909,9.21345454545455,13.53,3.25509090909091,3.66654545454545,8.14090909090909,4.15018181818182,8.28981818181818,4.71709090909091,5.68327272727273,186540007036.429,7.02109090909091,8.00818181818182,8.78981818181818,7.93127272727273,4.40090909090909,4.72563636363636,9.25581818181818,5.48472727272727,6.11690909090909,9.38636363636364,8.51145454545455,54248869148.9178,168082590397.028
2.09490909090909,8.31763636363636,2.98,4.14581818181818,22.5483636363636,8.47327272727273,8.544,9.18654545454545,12.9485454545455,19.9185454545455,19.942,12.4014545454545,13.0356363636364,4.02363636363636,14.3312727272727,21.6836363636364,20.2949090909091,12.8967272727273,65.4850909090909,6.52909090909091,15.2296363636364,13.126,17.632,13.21,23.636,4.52090909090909,56036519485.2985,12.6041818181818,13.2603636363636,8.11418181818182,12.9974545454545,10.5938181818182,9.80218181818182,12.9025454545455,19.8129090909091,4.82818181818182,12.5845454545455,14.3812727272727,13.9552727272727,50787990583.5189
1.41472727272727,4.992,4.99327272727273,4.79418181818182,231042268024.58,5.43272727272727,8.97309090909091,5.74945454545455,12.4954545454545,9.94527272727273,9.94509090909091,20.2558181818182,12.8805454545455,6.48672727272727,7.72854545454545,10.4963636363636,10.7327272727273,20.12,94.3530909090909,9.71381818181818,11.1158181818182,12.8072727272727,12.54,13.1292727272727,12.9414545454545,9.16327272727273,12.5641818181818,11.0881818181818,12.8074545454545,18.6443636363636,12.6076363636364,11.9272727272727,12.4421818181818,20.2974545454545,15.1965454545455,10.8056363636364,19.9987272727273,13.2383636363636,163091756455.73,12.776
2.96,5.32509090909091,10.4196363636364,11.5578181818182,7.35145454545455,5.69236363636364,12.1607272727273,5.86018181818182,36.3192727272727,9.84236363636364,9.87818181818182,22.2701818181818,36.8450909090909,13.9850909090909,8.596,10.2547272727273,13.7481818181818,21.9109090909091,52.4803636363636,18.1436363636364,16.7738181818182,36.7489090909091,18.8981818181818,37.3458181818182,16.9316363636364,21.1649090909091,375671824502.987,35.3170909090909,36.8347272727273,19.7450909090909,36.6192727272727,20.7052727272727,22.1783636363636,21.9369090909091,23.9383636363636,23.9816363636364,22.1476363636364,37.4372727272727,23.4229090909091,36.6670909090909
10.14,19.1689090909091,43.9505454545455,68.3421818181818,100717641143.649,18.4418181818182,26.7130909090909,23.0987272727273,49.8601818181818,46.3567272727273,46.3830909090909,122.137818181818,44.384,57.562,29.7525454545455,51.2338181818182,46.5756363636364,122.897272727273,248.817818181818,52.6669090909091,35.928,48.6405454545455,52.7941818181818,47.7081818181818,54.4743636363636,113.651090909091,100717641170.861,54.2410909090909,50.2921818181818,117.966545454545,47.0883636363636,31.4034545454545,50.2863636363636,122.865272727273,69.2029090909091,121.807090909091,122.982545454545,68.8945454545455,418080898588.374,44.2796363636364
0.936727272727273,4.83236363636364,1.61709090909091,2.10727272727273,75429085404.0796,4.67218181818182,4.73163636363636,6.95854545454546,12.1563636363636,15.9334545454545,16.0350909090909,9.28163636363636,12.4410909090909,3.35781818181818,10.2894545454545,17.2336363636364,15.3754545454545,9.57927272727273,105.129818181818,5.50490909090909,10.2965454545455,12.4201818181818,14.2170909090909,12.5743636363636,17.7934545454545,4.52727272727273,75429085403.5153,11.8696363636364,12.4425454545455,7.57127272727273,12.3743636363636,7.60672727272727,7.73072727272727,9.58145454545455,17.0072727272727,5.42418181818182,9.72854545454546,12.6658181818182,267285157099.847,12.3492727272727
2.21636363636364,7.19272727272727,4.83672727272727,6.30654545454545,477757945869.978,7.88527272727273,10.8450909090909,8.59727272727273,31.8967272727273,16.5029090909091,16.5012727272727,21.7774545454545,31.7436363636364,7.45236363636364,12.9196363636364,17.5472727272727,17.2310909090909,23.4272727272727,91.3832727272727,13.2072727272727,17.4029090909091,31.8369090909091,19.8521818181818,31.3996363636364,20.448,11.0787272727273,215963648109.903,30.5525454545455,32.4461818181818,17.3694545454545,31.6521818181818,19.096,19,23.8583636363636,24.1276363636364,12.8425454545455,24.4305454545455,34.6641818181818,477757945881.062,31.4765454545455
87.5812727272727,235.405454545455,96.7318181818182,86.7974545454545,252.001636363636,286.489818181818,485.801272727273,244.097090909091,886.295090909091,389.659454545455,379.543636363636,2056.532,923.110363636364,334.535454545455,371.384909090909,389.304,448.782363636364,2080.45945454545,904.956,710.192363636364,683.432909090909,923.931272727273,739.200909090909,956.814,598.184363636364,358.814909090909,39142509878114,751.708909090909,924.074363636364,1965.74490909091,914.504,1026.00127272727,997.543272727273,2087.12981818182,975.049818181818,533.041636363636,2090.31927272727,919.827272727273,2841974796468.52,853.842545454545
1.77618181818182,15.9210909090909,1.40363636363636,3.22981818181818,35.2385454545455,18.9321818181818,19.704,16.578,48.2732727272727,25.1805454545455,24.9947272727273,20.8301818181818,48.5301818181818,4.20636363636364,24.2858181818182,25.4718181818182,24.7030909090909,23.7598181818182,22.4392727272727,13.1436363636364,25.1958181818182,48.4958181818182,24.5678181818182,48.7812727272727,27.0465454545455,4.26672727272727,124417181515.968,45.5423636363636,48.376,7.85563636363636,48.286,26.1729090909091,22.8114545454545,23.3721818181818,25.6409090909091,5.73890909090909,24.9074545454545,48.9030909090909,1519057092146.78,48.5629090909091
2.54054545454545,4.178,5.45781818181818,4.96963636363636,133681441684.391,4.43945454545455,5.55945454545455,4.692,11.1609090909091,8.79818181818182,8.69745454545455,16.468,11.3010909090909,5.76472727272727,6.95181818181818,9.53036363636364,8.99509090909091,16.738,32.1669090909091,7.76054545454545,8.36145454545455,11.2685454545455,9.93890909090909,11.3256363636364,10.4096363636364,8.85363636363636,56087442455.9238,10.2174545454545,11.228,14.2610909090909,11.1669090909091,9.05545454545455,9.57563636363636,16.8698181818182,12.0781818181818,10.1321818181818,16.8212727272727,11.8132727272727,19.6218181818182,11.1209090909091
3.77618181818182,11.9607272727273,3.85818181818182,5.22290909090909,21.9905454545455,14.1407272727273,14.5943636363636,12.152,23.0989090909091,18.1392727272727,18.12,29.042,23.9154545454545,4.17163636363636,18.0181818181818,18.8921818181818,18.3865454545455,29.5450909090909,21.7365454545455,8.75981818181818,17.4854545454545,24.3054545454545,17.6434545454545,24.9198181818182,20.7807272727273,6.14272727272727,25.8252727272727,14.6581818181818,23.9285454545455,25.6838181818182,23.4896363636364,20.0432727272727,15.8576363636364,29.6994545454545,18.9078181818182,6.51,30.0945454545455,25.9390909090909,31.4029090909091,23.7092727272727
5.46763636363636,17.8203636363636,5.70854545454546,10.808,206635169834.406,16.4747272727273,16.7970909090909,20.5189090909091,25.302,57.0750909090909,56.8672727272727,18.8352727272727,24.8536363636364,11.1936363636364,34.0125454545455,66.3923636363636,60.1076363636364,19.5523636363636,190.037636363636,14.5801818181818,36.2365454545455,25.4592727272727,52.8474545454545,27.3201818181818,69.6863636363636,8.98545454545454,29.6032727272727,22.1318181818182,27.8154545454545,15.9881818181818,25.2483636363636,19.1989090909091,19.4478181818182,19.596,62.2049090909091,8.99509090909091,20.0752727272727,44.8176363636364,206635169817.671,25.7667272727273
1.30018181818182,5.21927272727273,8.47109090909091,8.95109090909091,5.70672727272727,6.03672727272727,14.1049090909091,5.68781818181818,19.3254545454545,7.39327272727273,7.43127272727273,37.9698181818182,19.7801818181818,13.2805454545455,8.74454545454545,7.64618181818182,12.5229090909091,38.5312727272727,26.2565454545455,18.3234545454545,17.0574545454545,19.6385454545455,18.416,19.9850909090909,15.1498181818182,18.9794545454545,19.5778181818182,17.8589090909091,19.556,36.0090909090909,19.6070909090909,22.1347272727273,23.1218181818182,38.274,22.6287272727273,22.1105454545455,38.5178181818182,20.1185454545455,37.8230909090909,19.2074545454545
1.61327272727273,7.69436363636364,4.77945454545455,6.21181818181818,411417380509.975,7.92,234087322530.806,8.42872727272727,26.0461818181818,13.1396363636364,13.2301818181818,18.7203636363636,26.248,7.114,11.5938181818182,14.0327272727273,12.7872727272727,19.3830909090909,210.037090909091,10.3892727272727,12.1878181818182,26.2654545454545,14.4252727272727,26.4194545454545,15.2981818181818,12.0738181818182,116049883410.599,24.8110909090909,26.3516363636364,14.648,26.0934545454545,14.3129090909091,14.7009090909091,19.6941818181818,16.9423636363636,13.7085454545455,20.8603636363636,27.1096363636364,295367497133.058,26.0656363636364
1.70054545454545,8.15890909090909,2.97527272727273,3.30690909090909,714175792379.222,10.3821818181818,11.1469090909091,8.30127272727273,21.3861818181818,14.8987272727273,14.7832727272727,34.1987272727273,22.8327272727273,4.78127272727273,14.3187272727273,15.7665454545455,15.4578181818182,34.9618181818182,24.8252727272727,11.9078181818182,15.9818181818182,22.984,16.2429090909091,23.8110909090909,17.7278181818182,7.27563636363636,714175792386.788,17.1830909090909,22.7721818181818,30.4749090909091,22.3856363636364,20.3245454545455,18.4969090909091,35.0916363636364,19.8918181818182,9.10890909090909,35.2710909090909,24.0905454545455,38.9829090909091,22.5583636363636
0.565454545454545,2.64654545454545,2.82836363636364,3.00854545454545,89528471711.106,2.45454545454545,3.66872727272727,3.62854545454545,8.25509090909091,7.23636363636364,7.252,5.84509090909091,8.17963636363636,3.59836363636364,4.79654545454545,7.73890909090909,7.40145454545454,5.788,49.6343636363636,4.60490909090909,5.712,8.22,7.58127272727273,8.05527272727273,8.65036363636364,5.17981818181818,39142597876.4929,7.64018181818182,9.06781818181818,5.52345454545455,8.18454545454545,4.76381818181818,5.56618181818182,5.91345454545455,9.18909090909091,5.88836363636364,5.84127272727273,11.7350909090909,50385873845.6002,8.08581818181818
1.262,5.35836363636364,2.02018181818182,2.94927272727273,14.5034545454545,6.52418181818182,6.93090909090909,5.67145454545455,17.2705454545455,12.4961818181818,12.3681818181818,11.3921818181818,17.5538181818182,3.00454545454545,9.94563636363636,14.0341818181818,12.9076363636364,12.194,33.3587272727273,5.79290909090909,10.4685454545455,17.6432727272727,11.8136363636364,17.6050909090909,15.2756363636364,4.45909090909091,19.146,15.7067272727273,17.8381818181818,8.33654545454545,17.4565454545455,9.81054545454545,9.08890909090909,12.2463636363636,13.9972727272727,5.09054545454546,13.0249090909091,18.9576363636364,277046980016.874,17.4663636363636
1.52654545454545,5.15963636363636,1.45981818181818,2.86945454545455,13.262,6.44345454545455,6.56963636363636,5.29890909090909,11.7578181818182,9.17509090909091,9.124,15.7747272727273,12.3805454545455,1.84454545454545,8.626,9.70472727272727,9.39745454545455,16.5032727272727,15.9049090909091,4.70181818181818,9.33454545454545,12.4323636363636,8.94218181818182,12.8387272727273,10.7374545454545,3.054,347557045585.899,9.00163636363636,12.2174545454545,13.0605454545455,12.1021818181818,9.90272727272727,8.28818181818182,16.4314545454545,10.0698181818182,3.06509090909091,16.6794545454545,12.9096363636364,17.5243636363636,12.194
2.51418181818182,6.91036363636364,5.466,5.10690909090909,172254098723.051,8.12218181818182,9.11418181818182,7.56381818181818,19.4478181818182,14.5725454545455,14.4947272727273,25.3470909090909,20.132,6.01254545454545,12.2750909090909,15.9036363636364,14.6672727272727,25.7327272727273,44.6576363636364,9.76,13.1685454545455,20.2034545454545,14.1616363636364,20.3876363636364,17.0445454545455,10.9932727272727,233244063147.669,14.9407272727273,20.3894545454545,23.8327272727273,19.5850909090909,14.0912727272727,13.7596363636364,25.8903636363636,17.2205454545455,12.9183636363636,26.2461818181818,24.164,172254098734.467,249003130487.137
0.698363636363636,3.58509090909091,1.05745454545455,1.17709090909091,9.66636363636364,4.28745454545455,4.30472727272727,3.61018181818182,4.67909090909091,6.09872727272727,6.028,13.6367272727273,5.23636363636364,1.32872727272727,5.798,6.47381818181818,6.19927272727273,13.686,11.4198181818182,3.85727272727273,5.96509090909091,5.50254545454545,5.88218181818182,5.69218181818182,7.15363636363636,1.99109090909091,232450861908.82,2.14545454545455,5.31763636363636,13.1636363636364,5.016,6.54654545454545,6.02436363636364,13.6932727272727,6.76636363636364,2.51327272727273,13.7587272727273,5.78345454545455,13.9958181818182,5.118
2.82945454545455,18.12,5.56054545454545,6.51927272727273,153854183681.249,12.7892727272727,15.6183636363636,34.01,17.5947272727273,107.433272727273,107.725454545455,53.496,19.2129090909091,12.458,55.8316363636364,117.542181818182,103.005636363636,51.9854545454545,821.846727272727,19.4238181818182,53.5858181818182,19.74,89.3667272727273,19.9867272727273,119.659636363636,12.7154545454545,590014865705.048,12.6947272727273,19.1710909090909,51.6743636363636,18.8190909090909,25.8047272727273,28.1761818181818,52.1547272727273,107.707454545455,15.406,58.5549090909091,19.7667272727273,153854183709.866,17.7445454545455
22.5318181818182,137.740545454545,19.69,84.3101818181818,450.861090909091,205.117636363636,208.185090909091,131.295272727273,509.319454545455,239.591454545455,250.093090909091,193.268727272727,509.572727272727,7.85181818181818,267.987090909091,224.022363636364,243.797636363636,257.034181818182,77.5723636363636,106.406545454545,289.420363636364,509.606181818182,258.157818181818,509.653454545455,235.501636363636,22.3803636363636,510.659090909091,508.032727272727,509.606909090909,7.59672727272727,509.438363636364,312.086909090909,273.638909090909,277.788909090909,247.218,10.8181818181818,309.954545454545,510.261272727273,694046738333.763,509.451272727273
4.16290909090909,23.7529090909091,15.7974545454545,10.3521818181818,91567697106.4847,27.3252727272727,29.3090909090909,23.2010909090909,20.2381818181818,36.4358181818182,36.0518181818182,128.794545454545,24.7229090909091,19.8141818181818,39.02,40.9314545454545,38.2669090909091,129.234,45.1256363636364,41.9118181818182,42.938,25.4267272727273,43.742,28.5727272727273,43.9605454545455,25.3387272727273,617046264490.723,8.14,23.5816363636364,127.26,23.3703636363636,60.1309090909091,57.2803636363636,129.3,55.2867272727273,32.9578181818182,129.314545454545,25.7525454545455,130.494181818182,22.2903636363636
2331.62781818182,4892.34418181818,4406.64727272727,451.751454545455,1412118064959.58,5238.55981818182,8465.03963636364,4627.30072727273,947.188181818182,7016.42327272727,6872.36490909091,25433.7583636364,976.205272727273,2895.31672727273,7295.86636363636,6962.45090909091,9307.79472727273,25445.4610909091,3954.848,12107.9325454545,11878.5378181818,687.418181818182,12685.2112727273,751.227454545455,10871.8712727273,1917.96781818182,425.934181818182,140.748363636364,586.652181818182,25400.4870909091,677.903090909091,15373.698,15019.2652727273,25443.9258181818,14746.9058181818,3488.94654545455,25448.4207272727,2319.682,25473.1861818182,1369.61018181818
