Plot,Repeat,A_sat,gs_sat,ci_sat,iWUE_sat
1001,1,32.64957731,0.179360924,79.89136228,182.0328338
1001,1,24.71373171,0.10577327,4.709841717,233.648178
1001,2,22.71611749,0.1083196,41.97017413,209.7138243
1002,1,28.17406779,0.142336359,57.90753923,197.9400621
1002,2,33.91037795,0.213073654,115.0887458,159.14862
1002,3,41.88396902,0.255513353,102.9190347,163.9208616
1003,1,34.06644732,0.158822621,27.96652314,214.4936729
1003,3,23.51546387,0.151971215,128.899776,154.7363022
1004,1,23.76475815,0.143276726,111.4783125,165.8661449
1004,2,22.60087033,0.118563883,74.24870577,190.62188
1004,3,17.84085219,0.083334361,39.85518448,214.0875852
1005,1,1.423971779,0.029706639,309.2405325,47.93446286
1005,2,26.23511579,0.130549044,55.68392763,200.9598467
1005,3,12.63688316,0.07378067,110.957835,171.27634
1006,3,32.62352205,0.149426572,25.14240136,218.32477
1007,2,35.46572006,0.189076343,70.11174421,187.5735453
1007,3,15.66416092,0.080475878,71.35166281,194.6441755
1008,1,30.68774826,0.227782968,156.6208746,134.72363
1008,2,30.98185557,0.201107054,126.8563172,154.056533
1008,3,24.85100642,0.130531283,72.75694282,190.3835305
1009,1,20.83082856,0.113149391,85.52799335,184.1002268
1009,2,20.74925292,0.091649727,18.82298922,226.3973242
1009,3,30.5058924,0.159869505,68.27513168,190.8174576
1010,1,15.318577,0.07684043,64.47409537,199.3556901
1010,2,19.12776153,0.08986286,40.48022122,212.8550284
1010,3,35.62766749,0.174398408,44.0179128,204.2889486
1011,2,31.132829,0.149531991,40.22625137,208.2017955
1011,3,22.51170641,0.100291506,18.81111082,224.4627409
1012,1,43.71442369,0.394701901,187.4741909,110.7530103
1012,2,34.45622837,0.235777231,137.481135,146.1389134
1012,3,19.52063014,0.095480086,52.23636458,204.4471354
1013,1,21.9644448,0.113321905,68.68865763,193.8234689
1013,3,28.30373795,0.14190977,55.89081578,199.4488322
1014,1,18.43498736,0.082596365,24.89512872,223.1936882
1014,2,16.43321216,0.11602257,154.1345205,141.6380638
1014,3,21.33135117,0.103504127,48.74372642,206.0917926
1015,1,33.01882948,0.160576153,43.38510729,205.6272302
1015,2,26.19720256,0.133396808,62.99715966,196.3855283
1015,3,15.24258137,0.074963753,57.98611047,203.3326876
1016,1,15.86369136,0.089415127,97.48243799,177.4161931
1016,2,32.09319968,0.186646816,97.01433392,171.9461403
1016,3,42.56471283,0.23521096,76.87734483,180.9639857
1017,1,18.43243919,0.084266895,31.86476898,218.7387977
1017,2,15.4898854,0.070824958,34.75240681,218.7065938
1017,3,10.15897418,0.042095122,2.162540046,241.3337618
1018,1,25.92359882,0.141989572,84.71769441,182.5739627
1018,2,23.59933589,0.123959349,74.04880516,190.3796364
1018,3,38.99207178,0.211033007,71.22150968,184.767645
1019,1,29.26225769,0.143242128,48.06091828,204.2852763
1019,3,22.44467282,0.103601731,32.6658076,216.6438011
1020,1,21.7309189,0.124416662,99.59727482,174.6624486
1020,3,18.52862834,0.111595978,114.9347195,166.0331189
1021,1,0.885022768,0.010768033,255.107949,82.18982771
1021,2,14.41474001,0.062311464,13.94078188,231.3336751
1022,1,14.17525627,0.075063862,76.32600197,188.8426197
1022,3,26.86147374,0.127655802,38.80946598,210.421096
1023,1,38.54849723,0.194627894,52.28731898,198.0625509
1023,2,31.06727349,0.156317708,55.63790384,198.7444282
1023,3,27.33228222,0.122654458,20.17244128,222.8396968
1024,1,22.41608169,0.121399474,83.14259467,184.6472715
1024,2,22.84039732,0.129554753,95.67443673,176.2991842
1024,3,27.37372768,0.171224163,119.4967662,159.8707054
1025,1,23.4382254,0.167717141,153.1592107,139.7485389
1025,2,42.07371094,0.230100204,73.46453425,182.8495162
1025,3,34.65611783,0.200656378,91.74024965,172.7137617
1026,1,28.14453279,0.153846655,82.84193407,182.938867
1026,2,20.80429005,0.094171628,26.10580638,220.9188755
1026,3,30.25665208,0.150032978,51.14462369,201.6666763
1027,3,9.784664691,0.042155571,15.13015469,232.1084591
1028,1,14.00843452,0.072207145,73.7775314,194.0034408
1029,1,35.05032355,0.190755777,77.35257402,183.7444933
1029,3,16.08572561,0.094113731,109.965486,170.9179471
1030,1,25.88810736,0.118297237,26.17104661,218.8394924
1030,2,19.51424641,0.106640728,87.37588724,182.9905592
1030,3,27.7014837,0.145662559,71.87953596,190.1757314
1031,1,34.9157538,0.188657233,74.91294863,185.0750869
1031,2,29.13648138,0.134265941,27.86530461,217.0057508
1031,3,30.72069395,0.148799865,44.20387616,206.4564635
1032,1,28.76701984,0.18205224,94.53032916,158.015193
1032,2,24.43094266,0.167815209,144.6779819,145.5824103
1032,3,31.33453312,0.175012254,85.88064639,179.0419375
1033,1,27.86983617,0.132634085,38.9230492,210.1257465
1033,2,35.05553329,0.171635974,43.92835854,204.2435072
1033,3,22.67650424,0.163060152,155.3007846,139.0683372
1034,1,22.46937959,0.112905358,60.28456727,199.0107464
1034,2,24.32407209,0.140558595,101.3648853,173.0528978
1034,3,15.80818864,0.084819626,85.31936575,186.3741848
1035,1,37.19571535,0.198960761,70.6155391,186.9500054
1035,2,38.97133701,0.209478961,70.42693054,186.0393845
1035,3,22.85690108,0.124122384,82.35007054,184.1480995
1036,1,30.86902,0.150738727,44.88106808,204.7849326
1036,2,37.13289346,0.195160861,64.90707645,190.2681371
1036,3,15.61676743,0.09148266,109.5309414,170.7074051
1037,1,9.823255314,0.091858463,211.0165787,106.9390337
1037,2,19.98636531,0.102598013,68.62734879,194.8026539
1037,3,20.34733269,0.163821721,178.1458092,124.2041197
1038,3,10.07634114,0.048511181,54.22251207,207.7117271
1039,1,38.26082616,0.247865329,121.2079476,154.3613474
1039,2,38.29267448,0.237527825,110.0524685,161.2134262
1039,3,22.50701231,0.142941919,126.5840054,157.4556468
1040,1,25.85551768,0.143414138,86.6698486,180.2856964
1040,2,16.19658421,0.142070661,200.759577,114.0037229
1040,3,30.11288335,0.167309499,85.68896493,179.983106
1041,1,11.42739077,0.060680986,81.90883895,188.3191334
1041,2,21.95985062,0.134687539,116.3444689,163.0429278
1041,3,30.55158324,0.160986232,66.93307573,189.7776158
1042,1,42.70791213,0.247891715,90.60979334,172.2845484
1042,2,29.32063816,0.147551501,56.17244625,198.7146051
1042,3,22.43456209,0.106188954,39.93727434,211.2702043
1043,1,12.8015263,0.060642081,46.73213826,211.099721
1043,2,18.40433911,0.082807631,26.32830537,222.2541437
1043,3,28.53853241,0.141686512,52.60782717,201.4202476
1044,1,21.53394498,0.126272655,105.1328202,170.5352984
1044,3,5.224742846,0.043511998,195.9370417,120.0759127
1046,2,20.01223134,0.093308352,37.09508565,214.4741697
1046,3,31.60654244,0.147628838,30.30123376,214.0946373
1047,1,20.30807816,0.087069018,7.245086241,233.2411541
1047,2,12.75874682,0.08206105,134.6410535,155.4787176
1047,3,17.00584976,0.091691807,82.15421158,185.4674955
1048,1,31.75641102,0.161905004,58.70278425,196.1422459
1048,2,24.6570767,0.113659495,30.42410489,216.9381163
1048,3,27.39450153,0.118271399,5.30437204,231.6240584
1049,1,37.39702923,0.192763385,58.54002775,194.0048373
1049,2,32.33058034,0.148011984,23.00207545,218.4321803
1049,3,25.9601228,0.145314247,89.92346148,178.6481597
1050,2,22.8949004,0.103585598,24.84710486,221.0239737
1050,3,27.37696594,0.153776548,90.8619118,178.0308268
1051,1,29.95488616,0.137576317,26.52542358,217.7328687
1051,2,23.70294409,0.13990036,104.7711039,169.4273278
1051,3,19.01515901,0.096741485,66.11837857,196.5564107
1053,2,12.63694617,0.059264018,44.91581295,213.2313432
1053,3,29.62605466,0.221049443,160.1984236,134.0245616
1054,1,21.11069267,0.110147878,72.72395165,191.6577337
1054,2,43.70042582,0.247465191,81.49084349,176.5922135
1054,3,17.93871163,0.093043837,72.24222444,192.7984938
1055,1,24.05891547,0.104524045,11.50609512,230.1758931
1056,2,37.30644075,0.162727126,3.904012565,229.2576639
1056,3,33.00554466,0.160282379,43.26365848,205.9212305
1057,2,34.67820603,0.165238083,35.71353546,209.8681208
1057,3,13.03694152,0.062415432,50.12698478,208.8736884
1058,1,23.15219557,0.124709811,80.81955998,185.6485494
1058,2,21.50784381,0.116342158,84.22556153,184.8671562
1059,2,38.28853561,0.215644987,85.46076438,177.5535618
1059,3,40.83985444,0.270620173,125.8435901,150.9120846
1060,1,24.71615955,0.118450628,42.36340516,208.6621226
1060,2,20.90047066,0.120159725,99.20208146,173.9390688
1060,3,19.19964458,0.119002313,119.5256711,161.3384146
1061,1,40.23447216,0.239415107,97.41614057,168.0531889
1061,2,31.36823195,0.151368776,41.02966699,207.2305321
1061,3,22.56094702,0.124866104,88.8690095,180.6811159
1062,1,17.3407978,0.09568496,90.32148006,181.2280396
1062,2,25.78203854,0.118584749,28.86697327,217.4144548
1062,3,19.97545478,0.096489606,48.53231002,207.0218298
1063,2,34.56851589,0.197236242,89.40531278,175.2645235
1063,3,18.4156044,0.092423948,62.74955487,199.2514365
1064,1,36.68379557,0.168523252,22.22630208,217.6779475
1064,2,27.15755788,0.130995505,44.37910084,207.3167166
1064,3,32.56411339,0.145792267,15.18082559,223.3596756
1065,1,27.26162948,0.137493614,55.8237732,198.2756048
1065,2,32.45295267,0.187431916,94.65829326,173.145286
1065,3,16.4748624,0.091568568,91.96610717,179.9183144
1066,1,18.17222244,0.089833445,56.57367539,202.2879384
1066,2,26.53550242,0.12880679,44.70609303,206.0101205
1066,3,32.11158168,0.172657224,74.22555606,185.9845817
1067,1,28.04028818,0.132038549,36.80082724,212.3644071
1067,2,19.93416901,0.088001459,17.93444926,226.5208923
1068,1,15.39039792,0.084238355,89.63873309,182.7005981
1068,2,23.3299999,0.134052,99.41400289,174.0369403
1068,3,6.536536413,0.035650125,95.02627143,183.3524136
1069,1,33.69565189,0.187745633,84.91836888,179.475023
1069,2,27.27064863,0.168432893,116.9001123,161.9080938
1069,3,25.18703527,0.107563628,3.473043556,234.1594067
1070,1,25.93379616,0.150388026,98.40185306,172.445884
1070,1,15.03289101,0.093877556,124.4102543,160.1329604
1070,2,15.6550129,0.069449009,21.37768076,225.4173696
1070,3,15.3526658,0.073070598,46.62794808,210.1072969
1071,1,20.96101671,0.104095789,56.70216527,201.3627729
1072,1,30.65065622,0.14110483,26.62988838,217.219044
1072,2,21.22541514,0.130362525,118.1010991,162.8183804
1072,3,35.59875956,0.158893409,12.78434135,224.0417641
1073,1,44.10434829,0.229765507,58.99682576,191.9537396
1073,2,47.48492463,0.335833885,136.6983354,141.3940844
1073,3,22.57619942,0.122857783,85.36590441,183.7588058
1074,1,32.11705847,0.190275547,102.1888245,168.7923588
1074,2,20.19287146,0.09788991,49.96351054,206.2814379
1074,3,33.57256715,0.180771562,73.92467635,185.718189
1075,2,18.33073184,0.086144775,41.38074389,212.7898284
1075,3,19.68200011,0.093946166,45.84470352,209.5029633
1076,1,17.87537552,0.103538344,105.6987003,172.6449822
1076,2,13.56495712,0.060159175,24.9252873,225.4844269
1076,3,22.26988285,0.102834934,32.97798585,216.5595089
1077,1,24.9088156,0.11858427,40.64942439,210.0515994
1077,2,19.52782386,0.090041824,33.76819634,216.8750354
1077,3,11.56359442,0.121022326,230.2340288,95.54926601
1078,1,11.42526124,0.04788147,5.275969515,238.6155093
1078,2,19.73451079,0.092232088,40.14336646,213.9657823
1079,1,18.02719943,0.081834242,29.57169234,220.2891954
1079,2,23.13472353,0.118647633,66.35262318,194.9868103
1079,3,19.46715271,0.089227245,31.9036066,218.1749845
1080,1,10.32140222,0.08928352,198.3876049,115.6025464
1080,2,4.420659887,0.028307721,137.0400025,156.1644591
1080,3,15.11511405,0.100876108,142.1374269,149.8383948
1081,2,19.1563865,0.10236497,81.43386297,187.1381058
1081,3,37.09696788,0.184841795,49.3066415,200.6957784
1082,1,19.55710479,0.108372705,91.66205077,180.4615355
1082,2,29.73980196,0.164836079,85.87290316,180.4204642
1082,3,24.46042324,0.117807487,45.81222749,207.6304642
1083,2,13.99758584,0.083829162,116.1835708,166.9775224
1083,3,9.03498997,0.039329275,20.99215286,229.7268356
1084,1,27.49648689,0.139496932,60.95225133,197.1117682
1084,3,15.20147294,0.071177487,41.63470492,213.5713643
1085,1,17.48829186,0.097756984,92.93192002,178.8955748
1085,2,19.99752946,0.106869623,79.25072876,187.120801
1085,3,20.47544985,0.103985832,63.26975067,196.90615
1086,1,25.13980098,0.113719994,22.54299327,221.0675542
1086,2,22.77968907,0.112083029,53.19465992,203.2394142
1086,3,28.71348041,0.126745022,12.42982001,226.5452327
1087,1,33.44021824,0.210141518,116.2750094,159.1318961
1087,2,30.845012,0.162278103,67.47178597,190.0750097
1088,1,42.32450137,0.269123188,114.6143985,157.2681334
1088,2,41.43683886,0.281444405,130.9022454,147.229215
1088,3,39.71715472,0.217891424,77.17567995,182.2795683
1089,1,26.19418002,0.125749678,42.66114695,208.3041513
1089,2,21.63662024,0.12712015,106.5230668,170.2060623
1089,3,15.3632685,0.071175624,38.02895828,215.8501419
1090,2,28.19373108,0.150838924,73.922862,186.9128358
1091,1,16.92783994,0.087417504,70.74765652,193.6435971
1091,2,28.90211189,0.173274106,106.2167227,166.799948
1091,3,31.96808391,0.188510936,101.2780831,169.5821187
1092,1,13.34301263,0.061981686,36.60323831,215.2734686
1092,2,10.49442227,0.053371755,69.90243011,196.6287649
1092,3,12.3666731,0.063566957,72.53571278,194.5456194
1093,1,30.86936875,0.134541636,7.624489427,229.4410094
1094,1,24.15268742,0.113091661,37.47424,213.5673595
1094,2,30.72035925,0.171640175,88.47359506,178.9811699
1094,3,11.20345709,0.052541931,45.83958732,213.2288798
1095,1,24.68953894,0.132417178,78.70427956,186.4526892
1095,2,26.33251911,0.124496946,38.00599832,211.5113659
1095,3,24.27698272,0.145718458,111.0442491,166.6019743
1096,1,29.49685686,0.169678064,96.95332373,173.8401309
1096,2,23.79819257,0.123831329,70.52756706,192.1823245
1096,3,21.87897198,0.134865023,119.084233,162.2286601
1097,1,30.78547029,0.163139675,72.34907734,188.7062127
1097,2,26.73343706,0.163572442,114.3541201,163.4348471
1097,3,32.22666679,0.146605747,21.05523675,219.8185769
1098,1,16.68784375,0.085682532,70.77232377,194.7636619
1098,2,9.640505755,0.075409874,181.1633192,127.8414259
1098,3,15.3332414,0.092680399,117.940105,165.4421166
1099,1,38.45064427,0.232155451,102.9620671,165.624559
1099,2,37.81337739,0.194413671,58.53471095,194.4995802
1099,3,2.238139337,0.022935557,230.5746911,97.58382118
1100,1,33.99540815,0.158966859,30.19354839,213.8521724
1100,2,37.87436301,0.21892469,92.76879824,173.0017889
1100,3,42.39326003,0.211727007,47.07621482,200.2260391
1101,1,20.97681504,0.123938349,108.6300585,169.2520131
1101,2,29.62713601,0.179785152,109.5062424,164.7918958
1101,3,29.02359153,0.156732139,78.28550805,185.1795786
1102,1,26.29620422,0.116676118,16.62520603,225.3777784
1102,2,30.08636617,0.139280976,28.23623407,216.0120282
1102,3,20.91525047,0.126417401,113.5707578,165.4459779
1103,1,12.32148328,0.054437235,23.94393413,226.3429281
1103,2,17.12626795,0.076095327,22.9430986,225.0633334
1103,3,21.11058764,0.095800922,28.16498916,220.3589196
1104,1,22.15009623,0.128106243,100.6539571,172.9041119
1104,2,21.38103247,0.130871666,116.185747,163.3740369
1104,3,22.41415515,0.115847498,67.35194972,193.4798373
1105,1,39.99201723,0.224022984,82.11856778,178.5174737
1105,2,31.19559807,0.18829959,107.8066747,165.6700265
1105,3,18.57707481,0.108977071,108.1858627,170.4677376
1106,1,23.45357894,0.122875035,73.16249809,190.8734261
1106,2,29.64774614,0.171959154,98.14186976,172.4115611
1106,3,33.62480035,0.181306685,74.7615962,185.4581383
1107,2,25.60687887,0.11309938,14.91786738,226.4104268
1108,2,13.5999658,0.079046933,108.9375771,172.0492538
1108,3,27.92781472,0.130001597,32.35524496,214.8267051
1109,1,25.0373118,0.163313027,129.7186305,153.3087241
1109,2,22.44570631,0.132995118,106.5678332,168.7709036
1109,3,21.41046872,0.149715418,148.6595837,143.0077741
1110,1,34.57058899,0.15566924,16.80499981,222.0772001
1110,3,33.42452307,0.202854922,109.545498,164.7705793
1111,1,12.67918694,0.075513485,115.3780472,167.9062601
1111,2,23.69707935,0.103187107,11.12905768,229.6515535
1111,3,17.45910536,0.092228698,80.18133851,189.302308
1112,1,23.73632569,0.102798876,9.342253818,230.9006351
1112,2,27.10249164,0.146035717,80.33202288,185.5881022
1113,1,15.39096427,0.076024932,57.42651967,202.446276
1113,2,11.54518529,0.067081095,107.76478,172.107883
1113,3,29.07210473,0.143906948,49.57568645,202.0201607
1114,1,19.44738119,0.087224731,23.74692382,222.9571935
1114,2,29.20291304,0.140799661,42.05075703,207.4075522
1114,3,17.08645883,0.082714302,51.53617649,206.5720012
1115,1,16.78850494,0.079732731,45.52883594,210.5597617
1115,2,15.18581798,0.076943033,67.36359163,197.3644323
1115,3,18.1479287,0.079742454,17.79731473,227.5817691
1116,1,11.02040416,0.080025387,165.6875138,137.7113516
1116,2,23.47028473,0.123359484,74.52070438,190.2592641
1116,3,13.49536555,0.062259457,37.98187727,216.7600905
1117,3,31.04566799,0.165597286,73.17466995,187.4769128
1118,1,33.69462996,0.17979946,69.08271682,187.4011748
1118,2,31.35830919,0.155547806,50.9026793,201.5991736
1118,3,24.02816933,0.15089924,122.3569045,159.2332032
1119,1,20.00225314,0.088399062,19.36177321,226.2722322
1119,2,30.93381354,0.15763807,59.28849484,196.2331406
1119,3,20.92537031,0.130808096,123.3960219,159.9699939
1120,1,31.31332847,0.144299637,26.7298596,217.0021285
1120,2,43.07353113,0.238771495,76.95584679,180.3964544
1120,3,27.09985344,0.159584099,104.175296,169.8154992
1121,1,42.63596063,0.23581519,77.46022286,180.8024356
1121,2,43.57692687,0.253474394,91.17443713,171.9184577
1121,3,25.84621956,0.14961769,100.0052325,172.7484198
1122,1,15.08443375,0.081282754,87.14334922,185.5797573
1122,2,27.51759916,0.131878415,43.21280106,208.6588558
1122,3,23.38573099,0.101797115,10.98865244,229.7288182
1123,1,27.25855878,0.146534431,77.39682925,186.0215287
1123,2,30.28617677,0.140826015,29.61466468,215.060951
1124,1,14.52517537,0.067373205,39.32840404,215.5927629
1124,2,29.38747492,0.128945217,9.654020469,227.90667
1125,1,28.06977654,0.130881018,32.28386329,214.4678959
1125,2,22.94102426,0.112566798,52.84885863,203.7992086
1125,3,32.40088235,0.177563999,81.18414432,182.4743897
1126,1,14.29540593,0.074133097,75.69382712,192.8343265
1126,3,17.71926204,0.092630292,74.51496283,191.2901463
1127,1,7.186340903,0.035258228,61.83671973,203.8202495
1127,2,8.678336094,0.118686144,269.6312365,73.12004444
1127,3,8.122864436,0.049879658,126.8995355,162.8492408
1128,1,38.44280206,0.205615712,69.85663542,186.9643213
1128,2,18.05056031,0.082059901,29.89734506,219.9680974
1128,3,30.57195578,0.138591151,20.77631819,220.5909661
1129,1,22.20526918,0.124882702,94.58178804,177.8090063
1129,2,23.21472928,0.109356228,37.80748097,212.2853879
1129,3,26.16808651,0.122274397,34.65058178,214.0111688
1130,2,30.60304431,0.14619031,39.11164124,209.3370237
1130,3,30.29794765,0.146072347,42.75212744,207.4174085
1131,1,19.60902714,0.091627321,38.71372944,214.0085168
1131,2,28.71692581,0.163807355,94.64343069,175.3091354
1131,3,23.27268254,0.108718968,36.82238415,214.0627613
1132,1,35.58362691,0.206831491,92.53337606,172.0416301
1132,3,23.02245157,0.134521666,103.3724372,171.1430755
1133,1,14.7614844,0.06624414,28.97001676,222.8345685
1134,1,29.63550401,0.137719211,30.40903407,215.1878727
1134,2,32.44398307,0.232738186,148.7097132,139.401203
1134,3,27.92179235,0.175092766,119.1365433,159.4685661
1135,2,8.963740106,0.053243516,116.4482139,168.3536457
1135,3,33.77242411,0.20391377,107.0322161,165.6211063
1136,1,15.89640835,0.071098516,25.1298194,223.5828431
1136,2,15.24739711,0.135225017,201.0242174,112.7557422
1136,3,27.11015487,0.127564258,36.88541872,212.5215578
1137,1,24.94679798,0.158201948,123.8809171,157.6895748
1137,2,24.8578028,0.140981285,94.70947146,176.3198764
1138,1,29.23497134,0.159923023,81.09828643,182.8065198
1138,2,33.3521636,0.183095077,79.82610947,182.1576209
1138,3,27.4270848,0.123102861,20.72423796,222.7981106
1139,1,19.89062353,0.131309918,137.7127886,151.4784553
1139,2,30.52273013,0.177964228,99.50169135,171.5104802
1139,3,15.34789787,0.066533814,15.42670016,230.6781629
1140,1,17.40603647,0.073282819,1.905439592,237.5186522
1140,2,35.46384778,0.170244464,37.68764716,208.3113125
1140,3,20.39787012,0.097042487,44.53167275,210.1952523
1141,2,31.14491933,0.148678021,38.73965848,209.4789744
1141,3,16.92087313,0.077614151,33.10987235,218.0127324
1142,1,26.27050811,0.12399102,38.37082848,211.8742795
1142,2,20.36349719,0.12205571,113.285698,166.8377265
1142,3,23.18527215,0.101952925,13.9976804,227.4115457
1143,1,24.90934645,0.140793913,93.695583,176.9206201
1143,2,27.695677,0.153805747,87.11712797,180.0691943
1143,3,31.96966038,0.162502136,58.38725919,196.733786
1144,1,40.16411166,0.221445398,77.95162994,181.3725281
1144,3,32.72361382,0.142171723,5.162456985,230.1696365
1145,1,22.64741031,0.256270923,39.71986742,88.37292216
1145,2,45.49856573,0.263427891,88.01647466,172.7173445
1145,3,37.51096217,0.196441707,64.28460769,190.9521287
1146,2,24.73056136,0.112474767,26.06860102,219.8765287
1146,3,38.31424388,0.197966084,58.34893331,193.5394344
1147,1,44.60166334,0.22719238,51.2311917,196.316722
1147,2,33.41255142,0.202721645,107.7808883,164.8198515
1147,3,33.56302334,0.150921391,16.03303705,222.3874506
1148,1,40.22180124,0.213400731,67.15180128,188.4801474
1148,1,25.21644697,0.124675961,53.65577444,202.2558855
1148,2,23.73810105,0.126439887,77.77563159,187.7421874
1148,3,36.76463975,0.180593259,44.73559564,203.5770329
1149,1,35.38762306,0.197203507,83.23576798,179.4472304
1149,2,35.54207654,0.172096811,40.37534867,206.5237373
1149,3,42.01143691,0.216710386,54.76221021,193.8598218
1150,1,31.43807004,0.177410357,89.93414669,177.2053814
1150,2,26.13488898,0.135253006,66.73538475,193.2296354
1150,3,35.8182282,0.215005092,104.0137518,166.5924643
1151,1,19.02275971,0.102049199,82.23496913,186.407732
1151,2,39.3678801,0.203949361,59.53828902,193.02772
1151,3,22.29751962,0.108604991,50.72187328,205.3084244
1152,1,36.90612555,0.177987656,39.32483001,207.3521629
1152,2,23.24122968,0.13329856,98.94640599,174.3546943
1152,3,17.5004226,0.10423756,113.0415278,167.8897957
1153,1,18.46169188,0.140162764,169.9478797,131.7160948
1153,2,31.38456861,0.173628663,83.67457125,180.7568414
1153,3,14.75218688,0.071986043,55.18876188,204.9312087
1154,1,20.75584193,0.099198578,46.50689891,209.2352761
1154,2,39.18719507,0.188526654,36.26309408,207.8602372
1154,3,27.93949564,0.133019879,40.37620604,210.0400025
1155,1,17.15343743,0.085217559,60.20589999,201.289941
1155,2,24.14302173,0.110123775,26.41520631,219.2353263
1155,3,25.91307144,0.140931716,82.83209448,183.8696931
1156,1,32.32613636,0.16762675,64.08550317,192.8459291
1156,2,33.27631272,0.160846781,41.75205032,206.8820557
1157,1,33.59619647,0.169560074,54.9601464,198.1374253
1157,2,21.70402856,0.108579868,59.61029149,199.8899888
1157,3,30.51881217,0.137802157,20.27756182,221.4683204
1158,1,20.85701309,0.106185239,64.7994674,196.4210205
1158,2,18.13530288,0.083786799,34.87569357,216.4458247
1158,3,20.01142916,0.105995685,76.63345529,188.7947528
1159,1,10.76887616,0.050966182,47.89899626,211.2945451
1159,2,21.89192964,0.128826371,105.6704052,169.9336046
1159,3,22.60209813,0.108149056,44.07643415,208.9902485
1160,1,25.02696513,0.122668672,50.36720896,204.0208374
1160,3,24.57740147,0.122763936,56.40681008,200.2005
1161,1,29.76400575,0.155871748,67.68928979,190.9518955
1161,2,34.00421666,0.201422576,98.34991613,168.8202845
1161,3,41.06123245,0.214556126,61.10050772,191.377581
1162,1,20.18911856,0.103084134,67.77145335,195.8508817
1162,2,24.40981144,0.125145989,66.35119168,195.0506889
1162,3,20.10341176,0.130911429,135.1908643,153.5649857
1163,1,21.70657377,0.106162276,52.411645,204.46598
1163,2,30.09030721,0.197745229,130.0415202,152.1670455
1163,3,25.49063836,0.125016119,49.79516157,203.8988144
1164,1,18.93513106,0.087125531,30.65600255,217.3316004
1164,2,35.89561458,0.174905753,43.04508084,205.2283242
1164,3,29.57837309,0.133347817,20.48648505,221.8137036
1165,1,25.27051928,0.137895594,82.3792116,183.2583516
1165,2,22.30100068,0.114174575,65.14466341,195.3237022
1165,3,21.45439958,0.141675667,134.4612249,151.4331996
1166,1,23.65448427,0.13411888,94.34657802,176.3695332
1166,2,16.23843682,0.103344686,129.3991819,157.1289004
1166,2,33.41237287,0.375321106,230.3185856,89.0234318
1166,3,12.29664415,0.066969732,89.83463646,183.6149521
1167,1,30.52140405,0.134672352,11.11852615,226.6345221
1167,2,40.37449289,0.214823207,66.49929482,187.9428829
1167,3,39.32298303,0.193530377,42.83178725,203.1876527
1168,1,17.65541743,0.093413255,80.18880023,189.0033415
1168,1,31.28121518,0.150882427,41.99023978,207.3217929
1168,2,29.35497112,0.139942118,39.19006452,209.765091
1168,3,24.91324695,0.140361001,93.12161323,177.4940817
1169,1,26.16764484,0.14301956,82.80199727,182.9654964
1169,2,18.50269449,0.109373178,108.0250833,169.17031
1169,3,31.83467658,0.176153957,80.67054496,180.7207576
1170,1,10.77794543,0.049232641,35.78873871,218.9186922
1170,2,32.97715258,0.152596166,26.63066338,216.1073465
1170,3,12.91772093,0.071065609,93.98653197,181.7717628
1171,1,39.10877881,0.180664308,23.19397118,216.4720818
1171,2,37.53643318,0.174003833,24.20439251,215.7218754
1171,3,32.53397655,0.170219281,65.97792144,191.1297967
1172,1,32.60613783,0.166000202,57.71196276,196.4222786
1172,2,24.49640477,0.121846299,55.95001177,201.0434861
1172,3,30.70009745,0.156279626,58.6233152,196.4433772
1173,1,25.31951029,0.139136983,83.94247236,181.9754153
1173,2,25.68953887,0.1561096,113.3875852,164.5609168
1173,3,21.63956353,0.146665053,143.5591468,147.5441019
1173,3,23.65631745,0.128105661,82.51599656,184.6625455
1174,1,15.81352665,0.100125759,129.4869844,157.9366477
1174,2,43.73155025,0.276457052,112.6563124,158.1856925
1174,2,25.56147274,0.12688939,53.06211777,201.4468888
1175,1,25.68741737,0.112169622,10.70986197,229.0051174
1175,2,29.60508368,0.142275713,41.7314247,208.0824832
1175,3,28.95406287,0.124980679,5.577869079,231.6683108
1176,1,44.1374593,0.194962022,4.378091082,226.3900372
1176,2,40.54298132,0.18992315,27.01548558,213.4704554
1176,3,33.85331903,0.170129138,53.59136065,198.9860144
1177,1,17.12125997,0.089271166,74.83460329,191.7893621
1177,2,14.79189408,0.067801452,33.72574998,218.1648563
1177,3,17.17470639,0.076018651,20.7264075,225.9275344
1178,1,34.95462379,0.193667344,80.60909413,180.4879594
1178,1,19.04111107,0.085438546,24.4323208,222.863239
1178,2,16.44482195,0.076527313,39.48465238,214.8882701
1178,3,31.88974176,0.156661152,47.06932967,203.5587081
1179,1,37.00138979,0.218127174,96.08945143,169.6321883
1179,3,17.55147956,0.095522799,87.84669842,183.7412615
1180,2,15.98324854,0.078939557,58.46272895,202.4745147
1180,3,34.71000199,0.179322087,60.65979989,193.5623351
1181,2,11.47718419,0.050449919,21.85112805,227.4965817
1181,3,19.78082169,0.094106866,43.31541701,210.1953086
1182,1,27.24851101,0.149510293,83.0904675,182.2517403
1182,2,17.16243313,0.080647441,41.41554352,212.8081542
1182,3,21.45669588,0.133245071,120.8256615,161.0318174
1183,1,34.88969464,0.232550636,129.8593144,150.0305278
1183,2,30.17313915,0.174948278,96.73951854,172.4689119
1183,3,37.47271874,0.237876572,116.2734407,157.5300939
1184,2,10.06669475,0.063927076,132.5057573,157.4715346
1184,3,17.08683779,0.213704435,250.9159949,79.95546646
1185,2,29.86394168,0.144973594,44.74422068,205.995733
1185,3,16.40641757,0.076742448,40.69913172,213.7854356
1186,2,15.10820333,0.067515093,25.80529175,223.775198
1186,3,24.21963076,0.116523503,46.46703592,207.8518933
1187,3,15.42495954,0.079068143,70.70615091,195.0843793
1188,1,35.06890449,0.152556358,3.760458409,229.875076
1188,2,33.73898308,0.162796036,40.07974005,207.2469568
1188,3,16.780762,0.089208862,81.75625336,188.1064469
1189,1,28.42730574,0.158536346,86.84108525,179.3109688
1189,3,20.90988007,0.103315956,55.36554178,202.3877138
1190,2,12.77222632,0.06799945,85.86771409,187.8283778
1190,3,19.69938384,0.099165974,63.19177349,198.6506362
1191,1,39.99789067,0.227881648,86.30925002,175.5204558
1191,2,37.91641212,0.202365645,69.54489288,187.3658548
1191,3,32.32104578,0.161025863,51.75316,200.7195933
1192,3,23.64523641,0.185858808,176.2663118,127.2215006
1193,1,33.86745281,0.186065042,81.0679108,182.0194294
1193,2,34.30921571,0.16492212,39.37203955,208.0328327
1194,1,13.25515861,0.207432563,281.0097373,63.90105019
1194,2,19.26743251,0.097930217,65.44072709,196.7465524
1194,3,27.53377294,0.120453956,10.47775032,228.5833842
1195,3,25.60950301,0.115085122,20.89071205,222.5266181
1197,1,14.39802501,0.068465634,47.35445039,210.2956503
1197,2,22.29670237,0.107121625,46.12270824,208.1438019
1197,3,26.52912996,0.158408307,107.4859681,167.4730986
1198,1,26.46926839,0.162351109,115.9276348,163.0371884
1198,2,33.09918372,0.205490563,115.5175101,161.0739843
1198,3,31.89874092,0.179570326,89.36861867,177.639266
1199,1,32.88581653,0.195445578,103.164178,168.260735
1199,2,20.09625103,0.117126857,105.3077888,171.5767971
1199,3,28.3706232,0.156298865,85.02914195,181.5152217
1200,1,14.90626297,0.095568353,133.3602254,155.9748864
1200,2,38.21513123,0.194858033,54.14124617,196.1178124
1200,3,32.54185724,0.162894612,52.35189547,199.772459
1201,1,30.42013791,0.162994389,74.53575721,186.6330375
1201,2,21.64602415,0.144629374,137.7342573,149.6654762
1201,3,17.13296593,0.100295954,108.2333221,170.824098
1203,1,27.42748638,0.149793462,82.64408313,183.1020264
1203,2,29.71510342,0.168073395,92.21252881,176.7983767
1203,3,33.74366918,0.202058053,105.1902699,166.9998726
1204,1,19.59655128,0.101545499,71.05189337,192.9829632
1204,2,39.16397142,0.221316617,84.23066517,176.9590192
1204,3,33.92163252,0.171863645,54.66840658,197.3752654
1205,1,24.62172859,0.128663715,71.223783,191.3649749
1206,1,19.73772303,0.137416733,149.7846321,143.6340578
1206,2,25.70755972,0.120412479,35.39937545,213.4958092
1206,3,27.22726578,0.149017507,83.40873708,182.7118592
1207,1,32.60862621,0.161772256,50.25140871,201.5711906
1207,2,25.36898955,0.142775091,92.58388417,177.684982
1207,3,23.11792613,0.135523302,105.0819165,170.5826662
1208,1,25.73335673,0.152188168,105.6092271,169.0890758
1208,2,32.96031036,0.166533981,55.55649407,197.9194288
1208,3,31.043086,0.205052533,131.3755347,151.3908927
1209,1,23.01118657,0.135161869,104.7945233,170.2491001
1209,2,25.38485008,0.114426473,21.76024263,221.8442069
1209,3,22.93939422,0.124317165,82.63097496,184.5231441
1210,2,23.16304336,0.114111148,53.29870085,202.9866826
1211,1,10.12857959,0.058821667,109.7542412,172.1913041
1211,3,8.978985599,0.052160764,109.9282807,172.140609
1212,1,38.02726553,0.174344828,20.10010979,218.1152493
1212,2,19.50975374,0.106012084,86.62400905,184.0333001
1212,3,26.98839876,0.13085032,44.45650319,206.2539765
1213,3,34.12726388,0.147840616,3.665344353,230.8382152
1214,1,21.26358329,0.098410672,34.49487843,216.0698914
1214,2,28.22898383,0.138015544,48.04198543,204.5348157
1214,3,28.08371159,0.129956803,29.83542181,216.1003573
1215,1,47.17607476,0.242322906,51.82688055,194.6826886
1215,2,44.92512613,0.238699386,63.23816228,188.2079668
1215,3,23.235298,0.110626545,42.75860352,210.0336581
1216,1,20.10996871,0.102572346,66.61592154,196.0564374
1216,2,24.83436186,0.12812143,67.25873031,193.8345667
1216,3,17.40848971,0.105795629,118.1711416,164.5482884
1217,1,21.04116696,0.099104507,38.0487946,212.3129165
1217,2,43.60315311,0.244270944,78.55026855,178.5032328
1217,3,28.22315888,0.136926343,44.66393945,206.1192781
1218,1,34.25762253,0.15605567,21.04174537,219.5218065
1218,2,33.42232838,0.148361171,12.27879752,225.2767903
1218,3,28.19449931,0.15305252,81.37435543,184.2145383
1219,1,5.78275658,0.039167012,147.939666,147.6435474
1219,2,4.423456979,0.035291344,186.6095505,125.3411326
1219,3,13.36587352,0.059819673,26.61573101,223.4360844
1220,1,8.266038862,0.0540795,139.4712371,152.8497651
1220,2,12.76485667,0.059759582,42.60673144,213.6035122
1220,3,14.85354248,0.087074635,106.3078083,170.5840347
1222,1,26.11013719,0.124888947,40.62139778,209.0668383
1222,2,30.05984937,0.152321633,56.2988309,197.3445842
1222,3,20.44440738,0.12946598,124.2685173,157.9133562
1223,1,27.83709377,0.145739489,70.34516077,191.0058422
1223,2,30.86862925,0.175098557,91.4779954,176.2928823
1223,3,21.71132292,0.11307304,72.64291367,192.0114901
1224,1,27.84806012,0.171789965,114.6686094,162.1052784
1224,2,24.87365959,0.140681551,92.8609771,176.808256
1225,2,30.10442359,0.137246257,22.89091836,219.3460444
1225,3,39.38046331,0.212611781,71.32100651,185.2223948
1226,1,23.82490559,0.112273741,38.61804327,212.2037204
1226,2,27.01384564,0.147725056,83.2015767,182.8656985
1226,3,23.3835114,0.121802683,70.68230808,191.9786241
1227,1,23.77679121,0.127529412,78.42230569,186.4416274
1227,2,20.31414021,0.107245444,76.85500958,189.4172794
1227,3,26.02002172,0.128671369,52.18076811,202.2207583
1228,1,21.34082008,0.129371783,115.1484995,164.9573001
1228,2,20.12483997,0.092149096,30.83305689,218.3943295
1228,3,19.27956097,0.097075111,62.92951497,198.6045723
1229,1,6.278191853,0.046184843,169.736146,135.9361969
1229,2,10.7481535,0.068398447,134.6972159,157.1403141
1229,3,4.633400428,0.170745784,343.8064366,27.13625091
1230,1,25.68770142,0.112845091,13.96671517,227.6368535
1230,3,33.13965832,0.150669506,21.10092867,219.9493401
1231,1,18.22859387,0.090727759,58.8670714,200.9152894
1231,2,22.3172466,0.116574008,70.94158438,191.4427321
1231,3,19.04081729,0.093572996,54.24993071,203.4862429
1232,1,35.21357354,0.239230875,134.6761316,147.1949369
1232,2,25.08859024,0.151382312,111.5048523,165.7299982
1232,3,20.8187568,0.151230737,159.006267,137.6622058
1233,1,31.23116866,0.135230821,4.862076101,230.9471194
1233,2,38.21578468,0.200186514,64.36067419,190.9008954
1233,3,24.89096485,0.15152802,113.7287644,164.2664161
1234,3,11.68161042,0.079655117,149.3025489,146.6523539
1235,1,28.4231073,0.133428697,34.09918855,213.0209455
1235,2,37.01900051,0.191631531,61.22677689,193.1780238
1235,3,33.06477529,0.160326472,41.98087646,206.2340357
1236,1,38.56475417,0.212520265,78.51836988,181.4638907
1236,2,41.07714063,0.23641709,89.1048745,173.7486097
1236,3,28.91300599,0.124424175,3.757324764,232.3745047
1236,3,32.33631735,0.157873025,45.01382448,204.8248421
1237,1,37.38743679,0.204307907,77.32695635,182.9955453
1237,2,33.65409743,0.192578308,92.48307745,174.7553907
1237,3,33.15700373,0.161749973,44.81509883,204.9892386
1238,1,31.22619989,0.161476725,65.41121768,193.3789518
1238,2,22.09280159,0.129900109,106.1590178,170.0753115
1239,1,30.79198788,0.193974085,119.3843856,158.7427927
1239,2,27.41125279,0.11830019,5.638888416,231.7092888
1239,3,25.12673007,0.140203764,90.76794813,179.2158023
1240,1,33.87431536,0.183205634,75.09005485,184.8977822
1240,2,28.31475207,0.19425102,140.4022351,145.7637237
1240,3,13.86710562,0.068066716,57.76165667,203.7281424
1241,1,32.11449152,0.165707111,62.2561148,193.8027366
1241,1,41.22402659,0.242171538,94.24789091,170.2265551
1241,3,11.36579011,0.064034773,98.79784387,177.4940321
1242,1,29.17711872,0.132503291,23.32339933,220.1992002
1242,3,21.36283536,0.103728516,51.24435649,205.9494937
1243,1,43.49916462,0.242896351,79.65231081,179.085295
1243,3,37.62419513,0.1695975,14.77609796,221.8440433
1244,1,22.88974547,0.125260655,86.41997207,182.7369131
1244,2,21.45243665,0.108534137,63.18476428,197.6561214
1244,3,26.23012394,0.13423297,64.08464767,195.4074615
1245,1,33.90183229,0.173080517,58.51554697,195.873186
1245,2,34.17518887,0.15490152,19.54626346,220.6252644
1245,2,25.07470063,0.109818669,12.94204752,228.3282147
1245,3,36.34316693,0.168248582,25.59264586,216.0087563
1246,1,33.93757146,0.223264568,128.6177198,152.0060783
1246,2,29.21015182,0.172162903,102.5822308,169.6657723
1246,3,14.60015254,0.197937959,121.6910776,73.76125626
1247,1,31.46227827,0.182785363,97.82439525,172.1269023
1247,2,23.33028536,0.112952992,47.31568851,206.5486259
1247,3,27.57742059,0.135362303,48.96804066,203.7304327
1248,1,30.25795798,0.157279867,66.36610459,192.3829062
1248,2,21.99284713,0.100136474,28.89520932,219.6287358
1248,3,33.81603559,0.170159087,53.19681242,198.7318816
1249,1,18.57056204,0.091906007,57.9604467,202.0603725
1249,2,18.280911,0.078034968,6.358286779,234.2656317
1249,3,27.19680576,0.147134226,78.79544554,184.8435026
1250,1,28.41092174,0.142219768,55.8676623,199.76774
1250,1,23.94330933,0.150679876,120.833207,158.9018385
1250,2,34.08713806,0.193010792,86.74927211,176.6074203
1250,3,31.32261556,0.171911398,81.42554876,182.2020869
1251,1,30.49824462,0.168763163,84.33231683,180.716242
1251,2,15.57472254,0.073469787,43.97220395,211.9881263
1251,3,18.80183922,0.094720781,62.88081943,198.4975102
1252,1,31.95235618,0.153412427,39.88808898,208.2774957
1252,2,37.16976393,0.20060396,73.91569421,185.2892832
1252,3,29.84280165,0.178478906,105.6085346,167.2063237
1253,1,25.30706689,0.14884771,102.7693905,170.0198607
1253,2,23.60527047,0.119793109,61.58378588,197.0503196
1253,3,23.26128638,0.131421928,92.69984641,176.996996
1254,1,11.56743993,0.070810355,118.9518901,163.3580284
1254,2,5.929659543,0.063366126,238.5350563,93.57775113
1254,3,12.48873442,0.081238616,139.9636594,153.7290398
1255,1,19.72468016,0.092433413,39.31801041,213.3933987
1255,2,28.5546955,0.166339875,101.0470757,171.6647644
1256,1,39.18633696,0.180831705,22.10794314,216.7005892
1256,2,22.40901311,0.190152796,189.1659267,117.8474027
1256,3,25.36784851,0.153807242,112.1804188,164.9327308
1257,1,28.82000298,0.160643893,86.82082159,179.4030415
1257,2,32.15132769,0.159282089,49.12922744,201.8514948
1257,3,18.80528271,0.080114553,4.844897533,234.7299221
1258,1,23.33514655,0.15686389,139.1000047,148.7604733
1258,2,20.44871295,0.121097516,108.182729,168.8615394
1258,3,19.18133724,0.141032613,162.4758021,136.0063947
1259,1,18.70243043,0.092824118,59.71063769,201.4824475
1259,2,28.39633208,0.143438564,59.35788869,197.9686028
1260,1,36.69639209,0.173109499,31.08932942,211.9837001
1260,2,33.43959407,0.166130591,50.08236686,201.2849879
1260,3,19.18472135,0.094441366,55.34348759,203.1389658
1261,1,15.10296082,0.103385819,148.710643,146.0834859
1261,2,20.25440418,0.104100581,66.82891088,194.5657164
1261,3,7.559886338,0.06972924,212.3251371,108.4177364
1262,1,25.72504511,0.112961024,12.18411197,227.7338157
1262,2,31.8603404,0.187410165,100.0620666,170.0032677
1262,3,33.47167751,0.194813141,96.83392264,171.8142697
1263,1,23.49626289,0.114351793,49.34509781,205.4734987
1263,2,25.03524857,0.118648121,39.12251706,211.0041721
1263,3,35.08030651,0.22079771,114.8611868,158.8798478
1264,1,26.38879158,0.142950538,81.04507505,184.6008552
1264,2,35.12524143,0.164696333,30.20060335,213.2727599
1264,3,40.27882777,0.222867011,77.92282339,180.7303269
1265,1,34.93800713,0.204253849,97.63880737,171.0518911
1265,2,34.10158214,0.215783518,118.2579895,158.0360838
1265,3,31.21847001,0.176101851,89.36366156,177.2750821
1266,1,20.61340667,0.10115449,54.9680895,203.7814308
1266,2,16.94868114,0.087706045,72.88992937,193.2441606
1267,1,27.80961188,0.132327204,40.33490863,210.157935
1267,2,30.12094855,0.152460294,58.39283458,197.5658558
1267,3,36.7525225,0.242609737,127.7418511,151.4882416
1268,1,32.58254409,0.160636701,48.98257169,202.8337476
1268,2,39.17793825,0.212157739,73.96173692,184.6641956
1268,3,35.03037052,0.225905685,123.3659326,155.0663521
1269,1,35.50044128,0.211236879,100.3150653,168.0598646
1269,2,37.24489534,0.1965488,65.40008866,189.4943915
1269,3,25.83681033,0.120842856,33.38613367,213.8050285
1270,1,28.74910436,0.161912186,90.89191928,177.5598556
1270,2,18.55509206,0.106335635,101.6709088,174.4955215
1270,3,27.42496282,0.133699646,47.82559799,205.1236764
1271,1,12.19503505,0.055676799,34.8829031,219.0326179
1271,2,23.28225394,0.125016044,80.33763636,186.2341274
1271,3,23.76821352,0.115479262,48.46063865,205.8223543
1272,1,12.48660059,0.063851381,71.61025439,195.5572512
1272,2,21.76173072,0.106138245,50.12820405,205.0319443
1272,3,26.13401325,0.135257848,66.07765486,193.2162433
1273,1,28.77838571,0.162166201,90.08090419,177.4622914
1273,2,29.05530524,0.217390309,161.0912663,133.6550161
1273,3,32.12973116,0.149954185,31.50654822,214.2636503
1274,2,31.98373154,0.159159637,51.50992452,200.9537849
1274,3,35.48119372,0.199660468,86.13350516,177.7076559
1275,1,39.83551787,0.204998705,57.65629093,194.3208269
1275,2,19.39768677,0.107973886,93.35463213,179.6516501
1275,3,33.80394195,0.178351794,69.13477685,189.5351942
1276,1,20.87197236,0.099932412,46.05269319,208.860888
1276,2,17.23593381,0.076333573,20.8950016,225.7975519
1276,3,11.36239843,0.067921699,117.976458,167.2867215
1277,1,19.89607755,0.097339682,53.83399446,204.3984235
1277,3,34.74856486,0.168197464,39.70268156,206.5938697
1278,1,41.18879917,0.244921952,96.58424445,168.1711208
1278,2,28.81732616,0.182759553,120.9147145,157.6789047
1278,3,42.92059306,0.231398518,67.90088954,185.4834401
1279,1,26.86639395,0.149777306,89.90346565,179.3755984
1279,2,34.59406794,0.186599361,74.95071634,185.3922099
1279,3,38.0832653,0.245144757,121.1123078,155.3501112
1280,1,25.45086278,0.158807492,119.9896411,160.2623554
1280,2,23.39049942,0.106932648,28.52317872,218.7404861
1280,3,22.94418226,0.105731251,33.08232019,217.0047366
1281,1,20.39139184,0.09692227,41.28122947,210.3891278
1281,2,30.989714,0.183992143,100.8122598,168.4295506
1281,2,33.57288357,0.171174586,56.13944735,196.132407
1282,1,28.80962875,0.158604009,84.60234073,181.6450224
1282,2,33.19227524,0.164655331,50.18116007,201.5863986
1283,1,43.06452544,0.242049064,81.51935973,177.9165133
1283,2,34.38034844,0.159939135,26.38925305,214.9589492
1283,3,38.8981519,0.22793662,95.15713504,170.6533682
1284,1,27.77233976,0.121960478,12.63706247,227.7158975
1284,2,34.9313386,0.207882928,102.3628602,168.0337053
1285,1,32.54771248,0.181017293,83.27741085,179.8044368
1285,2,21.36751491,0.119978564,93.6338931,178.0944374
1285,3,27.51721122,0.140229002,60.88654758,196.2305289
1286,1,35.5456896,0.217931521,110.1136356,163.1048568
1286,2,36.45704499,0.203591562,83.69320095,179.0695286
1286,3,34.84145636,0.241155735,139.682905,144.4769969
1287,2,22.04308323,0.114572414,71.45203747,192.3943333
1287,3,18.02054589,0.094776928,77.48292637,190.1364203
1288,1,32.63479414,0.153312839,33.21261079,212.8640646
1288,2,31.57411839,0.150341368,37.73724633,210.0161707
1288,3,7.090078272,0.055088712,182.2235558,128.7029226
1289,1,32.9887664,0.309710764,202.6345812,106.5147559
1289,2,23.65685862,0.136603835,99.10418613,173.1785834
1289,3,15.61150216,0.076986876,57.11984898,202.7813428
1290,1,14.92308065,0.066122939,22.71452839,225.6868945
1290,2,10.45089154,0.044849752,13.14621543,233.0200502
1291,1,11.53335299,0.053848769,43.44584082,214.1804398
1291,2,14.82818556,0.084996784,102.8960014,174.455842
1291,3,4.857469046,0.021952516,33.67754552,221.2716299
1292,1,25.99920627,0.121824948,36.02173778,213.4144668
1292,3,31.32781666,0.167562043,74.33746602,186.962489
1293,1,21.8398595,0.129800488,110.1615592,168.2571449
1293,2,6.454283036,0.066583824,234.2456655,96.93470002
1294,1,32.66187244,0.176144271,76.66395492,185.4268226
1294,2,31.35440426,0.17972366,93.23418027,174.4589678
1294,3,27.94395338,0.142173626,61.51481312,196.5480817
1295,1,29.09196306,0.132996184,25.88061303,218.74284
1295,2,40.7375123,0.219399649,70.44696322,185.6771994
1295,3,22.66499361,0.120207483,76.68298186,188.5489411
1296,1,19.89910894,0.09739814,53.51463286,204.3068678
1296,2,22.4108185,0.112960394,62.82269642,198.395364
1296,3,17.7942772,0.089498351,63.49533301,198.8224039
1297,1,41.71712964,0.20657121,43.3589382,201.9503572
1297,2,32.37726661,0.148277835,24.41717076,218.355404
1297,3,36.21054794,0.166061915,21.41109987,218.0545008
1298,1,27.39871038,0.142985296,67.18344667,191.619076
1298,2,23.03108093,0.142353771,116.9198424,161.7876415
1298,3,22.88560295,0.117773197,66.21878377,194.3192811
1299,1,15.10222262,0.085319863,100.190149,177.0071134
1299,2,32.09947011,0.15587954,43.76751741,205.9248453
1300,1,32.91710284,0.263366967,172.2333143,124.9856929
1300,2,28.47181555,0.190021325,134.9379624,149.8348436
1300,3,30.61988606,0.2390318,167.9873996,128.0996338
1301,1,1.492464399,0.007416284,69.99261828,201.2415397
1301,3,3.726417943,0.025772925,159.151388,144.5865338
1302,1,0.633045369,0.018673818,332.9713581,33.9001567
1304,1,38.05826076,0.219688145,90.60846761,173.2376629
1304,2,25.1921152,0.131897554,71.01733376,190.9975913
1304,3,42.66235071,0.2399117,81.51959991,177.8252193
1305,1,17.489633,0.080002172,31.49152175,218.6144777
1305,2,24.0150649,0.136677292,94.58352511,175.7063268
1305,3,11.13849823,0.050318175,31.72082013,221.361331
1306,1,11.00574178,0.067752102,113.7933959,162.4413325
1306,2,27.19380701,0.129318064,38.1589612,210.2862204
1306,3,16.64053707,0.085409258,68.48848095,194.8329421
1307,1,23.2972467,0.140877662,113.6690171,165.3721841
1307,3,33.0226935,0.18018667,79.91505838,183.2693482
1308,1,27.45698183,0.119979766,10.85431947,228.8467684
1308,2,33.82131139,0.177037137,65.97562062,191.0407723
1308,3,38.77371765,0.261834362,130.3024439,148.0849091
1309,1,34.72555147,0.178415866,58.21646138,194.6326421
1309,3,16.47240247,0.076648108,39.10299607,214.909448
1310,1,28.384061,0.133669839,35.42498895,212.3445441
1310,2,28.15034457,0.151045042,77.54156565,186.3705303
1310,3,25.65323259,0.138022911,79.55523041,185.8621324
1311,1,41.13689749,0.217860825,64.72517719,188.8219117
1311,2,2.824522776,0.246323389,11.44344081,11.46672586
1311,3,33.67504094,0.190252245,89.420111,177.0020689
1312,1,11.89850787,0.049545531,1.868649089,240.1529975
1312,2,16.17524795,0.127430524,178.9610131,126.9338578
1313,1,29.31170909,0.160443567,81.63887717,182.6917072
1313,2,26.70027261,0.160020169,108.8777818,166.8556703
1313,3,5.65006239,0.027947735,66.15402204,202.1653092
1314,1,34.21586065,0.17352825,55.77536068,197.1774663
1314,2,42.55222438,0.23532907,77.38351294,180.8200933
1314,3,40.22609236,0.209408255,60.22210706,192.0941104
1315,1,33.98031269,0.152884066,16.20311936,222.2619641
1315,3,39.4139997,0.211932049,71.42214582,185.974702
1316,3,20.95098489,0.121411699,101.3244736,172.5615004
1317,1,28.44452239,0.126483898,17.10155175,224.8865099
1317,3,10.48833793,0.055674601,86.35392114,188.3864056
1319,1,23.92769898,0.126077529,74.81841638,189.7855956
1319,2,12.19467961,0.091484962,171.7980328,133.2970946
1319,3,13.1198882,0.10139248,178.6167883,129.3970541
1320,1,28.30913572,0.153719673,80.43693291,184.1607849
1320,2,27.35600831,0.121481299,17.39258501,225.1869918
1320,3,26.75057154,0.156098344,101.5119926,171.3699896
2001,1,32.30214426,0.190392053,99.10620148,169.6612006
2001,1,29.25078531,0.156846077,75.4178426,186.4935735
2001,3,31.94448223,0.19693747,109.387492,162.2062182
2002,1,37.32647041,0.172381272,24.55132632,216.5343721
2002,2,33.85455536,0.189645676,85.27544619,178.5147764
2002,3,30.92983577,0.168129732,77.74557279,183.964106
2003,1,24.43603013,0.148182814,113.7460288,164.9046164
2003,2,18.60888904,0.133907255,158.3492632,138.9684904
2003,3,17.34390998,0.086146197,59.6710636,201.3311155
2004,1,22.73064181,0.131131496,100.588708,173.3423505
2004,2,15.42036141,0.088024483,100.3884544,175.182642
2004,3,19.89298889,0.104557409,74.05984536,190.2590071
2005,1,25.53167315,0.161976974,124.829043,157.6253248
2005,2,22.09115685,0.112722711,65.95358226,195.9778712
2005,3,19.48586873,0.109070272,94.56770565,178.6542607
2006,1,40.97168155,0.218274361,67.50536748,187.7072567
2006,2,39.50856166,0.186270217,28.52810871,212.1034824
2007,1,29.86703161,0.169139422,91.65643333,176.5823206
2007,2,21.59942415,0.104681677,50.59984722,206.3343344
2007,3,9.591967744,0.1659727,292.3707033,57.79244249
2008,1,37.92152487,0.206535083,73.04030655,183.6081521
2008,2,31.17164111,0.176346917,90.25821242,176.7631757
2009,1,30.53124802,0.185771986,109.5318312,164.3479663
2009,2,39.96578249,0.232840317,92.7195916,171.6445978
2009,3,12.25438584,0.075438796,123.9573298,162.4414287
2010,1,29.31643497,0.152185582,65.86808255,192.6360873
2010,2,34.12112726,0.181463259,70.46791581,188.033255
2010,3,19.042188,0.102264392,82.63847114,186.2054577
2011,1,12.71540301,0.06985757,93.96171125,182.0189707
2011,2,26.1937682,0.163588576,119.4205829,160.1197882
2012,1,16.17329615,0.073630748,31.63510884,219.6541077
2012,2,16.31621794,0.11200264,147.3321575,145.6770841
2012,3,21.31892583,0.097758625,30.54156048,218.0771866
2013,1,32.09694945,0.199430788,114.7686149,160.9427997
2013,2,32.69864464,0.161159297,48.64056249,202.8964214
2013,3,36.22807628,0.189847358,64.90330245,190.8273924
2014,1,38.5247008,0.218749957,85.06502178,176.1129525
2014,2,20.89971153,0.106681125,65.93948458,195.9082412
2014,3,31.47662251,0.167520964,70.76537489,187.8966174
2015,1,37.01424189,0.196429066,66.90597196,188.4356663
2015,2,34.61962713,0.190990314,79.58769853,181.2637843
2015,3,38.34015844,0.221864947,91.97414093,172.8085436
2016,1,26.7094168,0.147836575,87.36365617,180.6685304
2016,2,20.29226317,0.10608303,73.23836497,191.2866107
2016,2,25.66243333,0.123098001,43.66438156,208.4715685
2016,3,33.17762875,0.161917408,43.38070212,204.9046438
2017,1,45.90101345,0.228847581,44.11504458,200.5746063
2017,2,24.01965564,0.140874095,102.7167907,170.504418
2017,3,35.94458779,0.169973643,32.97638606,211.471539
2018,1,36.65104651,0.214669047,97.27459813,170.7327959
2018,2,28.97806234,0.194330317,134.9152485,149.1175578
2018,3,27.60690272,0.183515433,133.1230082,150.4336843
2019,1,7.36407608,0.042313806,106.150926,174.0348326
2019,2,18.66165478,0.078590891,1.255580636,237.453153
2019,3,9.895329125,0.049007856,62.02494722,201.9131198
2020,2,25.55171591,0.109310873,3.569490345,233.7527387
2020,3,40.01369457,0.202740685,52.45731444,197.3639116
2022,1,29.87850375,0.139655223,31.59526219,213.9447637
2022,2,36.7583864,0.198829037,74.44329764,184.8743369
2022,3,23.448721,0.148425799,125.6144805,157.982784
2023,1,27.73454174,0.142506785,64.28269214,194.6190966
2023,2,31.41428263,0.141078949,17.74982179,222.6716514
2023,3,28.3392975,0.134167363,38.63052129,211.2234815
2024,1,34.71621341,0.188972509,77.55335614,183.7103906
2024,3,22.79472535,0.133772805,104.3428083,170.3987989
2025,2,26.23690769,0.121696127,32.41875381,215.5936135
2025,3,25.11528038,0.108850654,8.223689737,230.7315527
2026,1,32.81030583,0.174538288,71.9819861,187.9834291
2026,2,29.6918879,0.132744914,16.93966212,223.6762751
2026,3,27.66126661,0.132341158,42.30852198,209.0148443
2027,1,35.54425223,0.18305782,60.19261043,194.1695371
2027,2,35.03233424,0.192450241,79.02566252,182.0332056
2027,3,36.94326323,0.209855509,87.67517453,176.0414271
2028,1,22.79393871,0.136107464,110.6229981,167.4701591
2028,2,25.98746716,0.144020602,87.11015082,180.4427058
2028,3,13.92975778,0.074873933,87.23470775,186.0428215
2029,1,28.25798673,0.139578768,51.11052683,202.4518993
2029,2,26.35875437,0.128366699,47.43562755,205.3395049
2029,3,27.21778516,0.125361236,28.67129317,217.1148443
2030,1,8.238512053,0.039600699,55.55781258,208.0395604
2030,2,3.431044988,0.051986975,284.5789973,65.99816582
2030,3,7.556687738,0.047839726,134.8332207,157.9584232
2031,1,21.28364645,0.104427201,51.61627418,203.8132433
2031,2,10.4382186,0.074558258,160.0383047,140.0008388
2031,3,19.81707127,0.098772774,59.34817946,200.632932
2032,1,25.41285943,0.123770366,48.49606741,205.3226497
2032,3,32.11972673,0.147772164,25.17852905,217.3597909
2033,1,37.38371473,0.21664063,94.27329473,172.5609585
2033,2,18.51465739,0.103642726,94.29983985,178.639236
2033,3,27.00814458,0.138203115,64.18032991,195.4235592
2035,1,31.28956993,0.137934659,10.60432079,226.8434215
2036,1,13.62196288,0.070800902,76.24715004,192.3981541
2036,2,15.91608053,0.074400738,41.6965844,213.923692
2036,3,10.4240954,0.057699058,97.28341829,180.6631826
2037,1,22.73581686,0.13073901,99.53540412,173.9023181
2037,2,12.57081009,0.071734914,102.0640368,175.2397733
2037,3,9.504189465,0.039763785,4.573719079,239.0162147
2038,1,23.89258405,0.14544389,111.8660625,164.2735496
2038,2,26.53577163,0.14275795,76.85076049,185.8794663
2038,3,27.85567368,0.146840834,69.10589954,189.6997779
2039,1,34.00186779,0.192649435,89.66867023,176.4960677
2039,2,27.29056139,0.148690448,82.17686453,183.5394393
2039,3,26.02530305,0.126336677,47.03492577,205.9995844
2040,1,34.22283949,0.148205375,2.537323036,230.9149688
2040,2,33.44108727,0.197640848,100.8553792,169.2012944
2040,3,38.70632074,0.183138846,31.1029396,211.349594
2041,1,31.19705229,0.148186519,37.63066844,210.5255764
2041,2,36.48105185,0.269083195,154.0131834,135.5753629
2041,3,35.68893723,0.283877676,170.2286699,125.7194216
2042,1,25.93841338,0.110440538,1.447592942,234.8631562
2042,2,16.82996308,0.073746428,17.79660225,228.2139439
2042,3,17.51179186,0.089160981,67.58353615,196.406451
2043,1,25.20344735,0.141933892,93.09273068,177.5717347
2043,2,33.42787658,0.169417378,56.3742588,197.3107892
2043,3,30.81820373,0.141093175,24.79892377,218.4244827
2044,1,21.95475383,0.115749326,74.71504509,189.6750043
2044,2,18.96201488,0.104007139,88.25510554,182.314551
2044,3,21.27683991,0.122200783,100.026034,174.1137768
2045,1,26.90308793,0.165978902,114.4099592,162.0873951
2047,1,9.262178665,0.072490097,181.1482674,127.7716404
2047,2,19.26197913,0.099943,72.70346888,192.7296479
2047,3,23.10229233,0.123301456,78.79479603,187.3643114
2048,1,28.33680636,0.125052817,12.16613622,226.5987053
2048,2,21.18829983,0.143730337,141.0290851,147.417033
2048,3,5.390555986,0.022419867,2.928292686,240.4365724
2049,1,27.43876168,0.161003565,103.4978021,170.4233175
2049,2,16.00585759,0.136793917,193.7485489,117.007086
2049,3,19.19385409,0.204301599,229.3603851,93.9486237
2050,1,24.15215857,0.152821358,125.4410992,158.0417744
2050,2,10.03804236,0.057344465,106.1347794,175.0481467
2050,3,25.41669479,0.13580351,77.90324656,187.1578638
2051,1,30.34481878,0.17137452,89.81265356,177.0672723
2051,3,35.78538398,0.235328334,126.2016548,152.0657684
2052,1,18.12867488,0.094117473,72.88206398,192.6175276
2052,2,8.584687459,0.044994158,81.78977117,190.7956014
2052,3,11.4501386,0.055372539,55.26213954,206.7837006
2053,1,27.45943167,0.154948235,90.71346327,177.2168081
2053,2,16.71069866,0.077976273,38.62711789,214.3049154
2053,3,30.16357281,0.146554777,43.47540763,205.8177394
2053,3,37.55247046,0.179199462,34.99793131,209.5568261
2054,1,34.82164998,0.184403167,69.09983171,188.8343377
2054,2,36.73522109,0.179743203,42.87099803,204.376135
2054,3,24.25067187,0.109839484,23.84495061,220.7828271
2055,1,19.89501771,0.106759016,82.36682758,186.3544506
2055,2,38.52587711,0.189643677,44.95286755,203.1487559
2056,1,28.41803775,0.154102815,81.262461,184.4095952
2056,2,18.69838007,0.10157789,87.52310587,184.079233
2056,3,17.32755749,0.09819045,13.54076197,176.4688673
2057,1,21.462828,0.095000561,18.08136322,225.9231717
2057,2,22.29743684,0.107315771,46.06143401,207.7740921
2057,3,23.9664138,0.104363588,9.832073382,229.6434445
2058,1,38.94413359,0.204777694,64.06869973,190.1776161
2058,2,26.87190351,0.126198151,36.23798924,212.93421
2058,3,36.14193469,0.178849597,46.23370017,202.0800451
2059,1,15.8130248,0.071510231,29.40047938,221.1295432
2059,3,17.68857864,0.076038855,8.984660795,232.6255246
2060,1,34.09971543,0.175123467,60.21639369,194.7181379
2060,2,25.75786094,0.11977818,32.40464312,215.0463542
2060,3,31.37647913,0.147687571,34.30425684,212.4517248
2061,1,5.64696505,0.031193595,96.84041886,181.0296341
2061,3,27.05303672,0.162056855,106.955779,166.9354667
2062,1,10.57403065,0.073223425,155.7002464,144.4077591
2062,2,16.4896124,0.104740344,129.8864437,157.433247
2062,3,13.08311048,0.077000897,112.1419359,169.9085475
2063,1,16.40488212,0.077243213,43.69465073,212.379592
2063,2,15.05596071,0.15175312,223.8171065,99.21351646
2063,3,18.6085472,0.093826439,64.37460571,198.3294624
2064,1,44.08153135,0.229550112,57.89648157,192.0344579
2064,2,28.68215623,0.145915301,58.70873411,196.5671588
2064,3,30.75822251,0.15952709,64.49587342,192.8087727
2065,1,25.47646686,0.111494394,11.33542906,228.4999811
2065,2,22.53441494,0.108743303,45.38549572,207.2257728
2065,3,29.20049667,0.129468183,13.36771771,225.541875
2066,1,15.65866301,0.074033886,44.86334336,211.5067025
2067,1,24.79977119,0.12221634,52.34387042,202.9169854
2067,2,34.7402533,0.180352863,61.3465675,192.6237972
2067,3,29.64967534,0.133341941,18.72625875,222.3582097
2068,1,35.43469395,0.185224983,64.74230364,191.3062339
2068,2,19.81208796,0.083908128,2.475248405,236.1164345
2068,3,33.49879456,0.152886422,21.57173759,219.1090229
2070,1,36.40153189,0.184790892,55.15859807,196.9876955
2070,2,32.39884675,0.184215757,90.11922574,175.8744595
2070,3,17.78703604,0.094616553,80.64022411,187.9907427
2071,1,24.69583493,0.123623001,58.13276918,199.7673148
2071,2,23.41178188,0.119406637,65.44555858,196.0676769
2071,3,24.19211535,0.143670634,108.5821672,168.3859441
2072,1,23.08818544,0.129949284,93.70702573,177.6707406
2072,2,20.67275695,0.124448054,113.4963661,166.1155505
2072,3,19.95731122,0.127674311,130.729022,156.3142266
2073,1,30.98673178,0.175071377,90.65900481,176.9948486
2073,2,32.46488712,0.167788837,62.81750726,193.4865739
2073,3,38.3016137,0.209784803,76.05432047,182.5757306
2074,1,15.26920315,0.069593738,32.15420062,219.4048442
2074,2,14.70250282,0.063036965,10.7686844,233.2362098
2074,3,9.881970107,0.058776664,113.4319113,168.127442
2075,1,33.3182268,0.174669481,67.7638013,190.7501332
2075,2,30.58586549,0.14209988,29.09990992,215.2420223
2075,3,34.56182451,0.213581022,111.8061057,161.8206718
2076,1,27.57116869,0.126310748,26.78542179,218.2804637
2076,2,30.09109286,0.154071456,61.33373523,195.3060848
2076,3,15.29808497,0.069256945,30.1090495,220.888821
2077,1,27.27081124,0.162880583,105.2380496,167.4282515
2077,2,36.42269647,0.169565964,27.27801247,214.7995719
2077,3,40.44530504,0.193002957,31.4301943,209.557955
2078,1,29.42413939,0.147408296,53.31412664,199.6097929
2078,2,36.6979296,0.186416495,53.89487384,196.8598838
2078,3,30.88409965,0.150609348,45.26702531,205.0609751
2079,1,6.656675085,0.085949247,261.811282,77.44890527
2079,2,25.787084,0.119955584,33.06801993,214.9719355
2079,3,4.099565691,0.037220328,211.8452955,110.1431909
2080,1,28.03220389,0.143168094,61.87776659,195.7992396
2080,2,31.85440215,0.193659072,109.8276578,164.4870123
2080,3,28.80343404,0.175355145,112.8238931,164.2577073
2081,1,27.18241311,0.172312518,122.4109146,157.750658
2081,2,30.90594076,0.189791626,112.4901344,162.8414352
2081,3,13.22511293,0.075820265,105.0851233,174.4271518
2082,1,30.07727519,0.174764361,97.97420585,172.1018804
2082,2,26.39953922,0.147524152,89.39533327,178.9506251
2082,3,27.2012125,0.155417349,96.45407337,175.0204381
2083,1,15.21205639,0.092171389,118.8403907,165.0409804
2083,2,35.25656462,0.189044276,72.20748117,186.4989801
2083,3,24.57259578,0.12036536,50.14291858,204.1500631
2084,1,38.90269657,0.234425312,102.9612221,165.9492152
2084,2,39.45236757,0.20827957,65.45703316,189.4202469
2084,3,31.42681173,0.141726795,19.48159201,221.7422028
2085,1,29.45870682,0.153020975,67.12881266,192.5141755
2085,2,26.69673017,0.127268405,41.74071199,209.7671474
2085,3,14.99532208,0.0756374,66.89252814,198.2527431
2086,1,16.74441571,0.104299607,124.689214,160.541504
2086,2,15.51075588,0.065812111,6.08087172,235.6823935
2086,3,23.52362357,0.123736929,73.74591642,190.1099681
2087,1,35.62537847,0.158563541,12.96784388,224.6757252
2087,2,15.78963077,0.144780975,206.7240774,109.0587406
2087,3,18.43454369,0.09374715,68.06144715,196.6411107
2088,1,32.14597609,0.198502276,113.3402053,161.9426073
2088,2,20.10363991,0.120448996,111.9758641,166.9058328
2088,3,27.78696905,0.17161919,114.5049274,161.910618
2089,1,33.6172049,0.178814712,72.37785933,188.0002181
2089,2,23.87167632,0.115799012,49.1006686,206.1474958
2089,3,15.99595824,0.11876451,165.8100407,134.6863486
2089,3,32.92648966,0.189997457,96.06573053,173.2996336
2090,1,30.43696325,0.17066742,88.3406664,178.3407939
2090,2,15.95973121,0.089307281,97.51456544,178.7058239
2090,3,23.54003264,0.11420021,48.1279696,206.1295031
2091,1,26.26599511,0.127487768,47.28421586,206.027571
2091,3,22.97340182,0.124405735,82.10143137,184.6651355
2092,1,34.62756993,0.179011347,62.2920246,193.4378493
2092,2,28.57070801,0.156189064,81.50349359,182.9238698
2093,1,29.93037831,0.163959308,81.11242717,182.547601
2093,3,22.31627076,0.136988049,116.4567087,162.9066977
2093,3,15.86762462,0.140138853,200.0607655,113.2278753
2094,1,25.97206061,0.139368031,76.98638106,186.3559408
2094,2,19.53931733,0.089066186,29.61852366,219.3797462
2094,3,20.61458417,0.095468164,34.47174303,215.9315036
2095,1,23.49279803,0.150052154,127.4026456,156.5642172
2095,2,27.13335686,0.154251156,93.93745984,175.903751
2095,3,36.84502654,0.193843303,66.49250573,190.0763449
2096,1,27.36662748,0.13447209,50.32060677,203.5115805
2096,2,27.57456953,0.145386338,73.07108256,189.6641035
2096,3,24.16127376,0.133275421,87.42039504,181.2882944
2097,1,23.83353262,0.136759063,97.36483321,174.2738808
2097,2,38.1450899,0.214586484,82.9400069,177.7609155
2097,3,24.23175424,0.113748659,37.05111386,213.0289225
2098,1,5.893854891,0.024741076,8.591873201,238.2214435
2098,2,18.58642526,0.09213322,55.49048868,201.7342423
2098,3,21.50466351,0.115936294,81.06239958,185.4868978
2099,1,21.46663538,0.141859107,137.6677241,151.3236321
2100,1,17.25612142,0.073837067,7.652385223,233.7054011
2100,2,26.47935293,0.140434012,74.79058927,188.5537024
2100,3,13.45667691,0.05885891,19.24797401,228.625994
2101,1,18.36714559,0.081108937,19.09366111,226.4503312
2101,2,17.65111484,0.090036196,66.99954933,196.044654
2101,3,8.860435775,0.049021551,96.03549251,180.7457241
2102,3,36.72608503,0.182676602,46.66033739,201.0442749
2103,1,24.88634733,0.132902472,76.4061196,187.2527043
2103,2,44.54693799,0.289571428,116.4952946,153.8374775
2103,3,44.52521842,0.28423149,112.928254,156.6512508
2104,1,13.69027095,0.060109107,17.84898957,227.7570174
2104,3,34.16540055,0.175477941,57.79855189,194.699119
2105,1,27.74519223,0.140818307,59.23602909,197.0283048
2105,2,22.25622746,0.101699943,28.28974913,218.8420843
2105,3,20.90019358,0.100581952,46.66029661,207.7926812
2106,1,28.55595959,0.165266474,98.25643122,172.7873708
2106,2,31.88518331,0.143341759,18.48949735,222.4416918
2106,3,11.11279707,0.051950534,44.26332988,213.9111236
2107,1,27.05385229,0.143873483,74.03606146,188.0391842
2107,2,18.21244072,0.107651825,109.3704842,169.1791175
2108,1,22.68717961,0.107822248,43.27470837,210.412786
2108,2,16.5400884,0.16007718,214.81655,103.3257107
2108,3,25.43711625,0.122092687,44.34846339,208.342668
2109,1,16.06337644,0.129228736,181.4339035,124.3018928
2109,2,9.452816314,0.041574841,23.18272843,227.3686711
2109,3,12.64372548,0.066843512,80.23956062,189.1541155
2110,1,31.44105132,0.167162719,71.03394888,188.0865029
2110,2,29.09570615,0.131294465,21.07260052,221.606494
2110,3,14.55074929,0.073514973,67.08645898,197.9290581
2111,1,44.42598643,0.250830186,82.52062496,177.1157893
2111,2,34.95657611,0.182933196,66.0816737,191.0892983
2111,3,46.45732017,0.250973875,68.24396591,185.108192
2112,1,26.19534895,0.134677424,65.62804415,194.5043807
2112,2,19.2556306,0.110661204,101.904611,174.0052513
2112,3,35.14648837,0.225901908,121.6763161,155.5829639
2113,1,38.22708754,0.190048951,46.70610275,201.1433754
2113,2,29.46352627,0.156504382,72.0502962,188.2600723
2113,3,36.41504029,0.177095659,42.09252155,205.6235628
2114,1,13.97538612,0.095760797,149.1587827,145.9405788
2114,2,24.37518914,0.122619468,59.52075411,198.7872687
2114,3,40.7204419,0.21357384,63.56435354,190.6621233
2115,1,8.815895372,0.038753123,22.67259119,227.4886461
2115,2,19.10265103,0.106635018,90.69314444,179.1405057
2115,3,9.595605673,0.047187999,58.60416728,203.3484348
2116,1,16.39175532,0.075299752,32.5195381,217.6867119
2116,2,20.29349154,0.104920737,69.49209044,193.4173551
2116,3,27.34001362,0.156727612,95.43687591,174.4428651
2117,1,20.28114483,0.127316334,124.1618985,159.2972726
2117,2,35.79547688,0.207148816,92.82727486,172.8007794
2117,3,28.82532681,0.144030082,54.58235939,200.1340717
2118,1,34.65452827,0.240020887,139.7064171,144.3813021
2118,2,3.266127875,0.092424937,330.8528556,35.33816727
2118,3,14.65828136,0.071599259,56.27472173,204.7267187
2119,1,20.77112689,0.120265318,103.2529662,172.7108633
2119,2,39.21424188,0.195350003,47.30632016,200.7383734
2119,3,35.55215984,0.192990168,75.13420191,184.2174668
2120,1,22.67035442,0.126262234,93.08000685,179.5497649
2120,3,32.29605441,0.160848931,53.18820477,200.7850117
2121,1,25.4944802,0.114028039,19.18673052,223.5807997
2121,2,18.4984603,0.103410415,94.25191138,178.8839183
2121,3,25.64841943,0.133066795,69.25532227,192.7484567
2122,1,30.47136777,0.14818372,45.36382951,205.6323577
2122,2,28.09300776,0.154460252,85.00938175,181.8785565
2122,3,25.37613622,0.145451235,97.91850232,174.4649068
2123,1,30.76869594,0.133595718,5.372248005,230.3119919
2123,3,24.75865835,0.110679694,19.94342798,223.6964837
2124,1,26.45051546,0.157032287,105.8370415,168.4399811
2124,2,15.55125513,0.078275004,65.41130676,198.6746002
2124,3,29.80994616,0.165370698,85.22298898,180.2613556
2125,1,17.69482097,0.076038691,9.947638781,232.7081213
2125,2,9.983767277,0.083641913,193.0693063,119.3632104
2125,3,9.40056721,0.051854165,93.3087546,181.2885671
2126,1,13.20139706,0.071587505,88.08663148,184.4092344
2126,2,20.58726683,0.089624792,12.81613478,229.7050452
2126,3,8.774193702,0.040111027,37.1312325,218.7476727
2127,1,21.84200424,0.119851205,88.48309941,182.2426751
2127,3,18.82740346,0.12697147,143.2079506,148.2805823
2128,1,29.00460303,0.127660888,12.67595478,227.2003857
2128,2,22.80779907,0.129467963,96.18346418,176.1655817
2129,1,34.24086896,0.176861097,60.24062927,193.6031699
2129,2,18.53744708,0.101820155,89.86680288,182.0606842
2129,3,17.9795255,0.097700785,87.48541199,184.0264189
2130,2,14.41068788,0.063040507,18.3727403,228.5940987
2131,2,9.647256394,0.04197687,19.82440176,229.8231462
2132,1,24.56519855,0.113138334,29.4088069,217.1253332
2132,2,29.16185438,0.129628661,14.37014779,224.964558
2132,3,25.12923156,0.117945064,37.27531666,213.058781
2133,1,25.3287712,0.110044093,8.791573805,230.1692941
2133,3,23.72991624,0.102661064,8.173758349,231.1481627
2134,1,22.98655777,0.166308595,156.6271101,138.216295
2134,2,19.3444008,0.100424698,72.1495607,192.6259303
2134,3,29.7729358,0.180922159,110.7701573,164.5621295
2135,1,17.17890017,0.094769331,89.34333378,181.2706703
2135,3,19.44773264,0.11967419,117.0965255,162.5056552
2136,1,13.56803773,0.07597251,99.1516187,178.5914106
2136,2,24.13148373,0.120302607,56.60919046,200.5898651
2136,3,30.05410465,0.152790677,59.12706292,196.7011686
2137,1,15.35794147,0.080030386,77.21141728,191.9013803
2138,1,26.57063172,0.118958245,17.89223859,223.3609936
2138,3,15.93374961,0.087325712,89.60139512,182.4634382
2139,1,26.64726732,0.138429848,66.08990968,192.496544
2139,2,24.96822018,0.137488387,87.12765868,181.6023936
2139,3,35.84317836,0.194426257,75.85858096,184.3535898
2140,2,24.18588803,0.13756041,95.40960743,175.8201221
2140,3,16.06204573,0.113586518,155.5887644,141.4080299
2141,1,32.65710041,0.166909576,57.458843,195.6574402
2141,2,21.95799048,0.103430248,37.027649,212.2975723
2141,3,12.73057255,0.117388698,212.1445418,108.448026
2142,1,24.8761775,0.17844932,152.6884923,139.4019184
2142,2,4.06000223,0.108207419,325.7490532,37.5205532
2142,3,31.53291813,0.180225028,92.37826621,174.9641459
2143,1,26.23934055,0.157129094,108.4682267,166.9922477
2143,2,12.5348253,0.078652892,129.2800509,159.3689048
2143,3,24.38033936,0.122681047,59.30247426,198.7294699
2144,1,37.36179781,0.212234745,87.06726973,176.0399686
2144,2,16.79519677,0.105103718,124.8983559,159.7964095
2144,3,34.44242218,0.166991592,40.98833336,206.2524329
2145,1,25.79244176,0.109528239,0.752310822,235.4866826
2145,2,16.34395334,0.097236722,113.5236135,168.0841658
2145,3,22.37183826,0.131178391,106.0214656,170.5451495
2146,1,29.92752354,0.167309452,88.61970214,178.8752709
2146,2,32.2182982,0.145484239,19.50956121,221.455592
2146,3,26.07756292,0.208873624,176.1648598,124.8485207
2147,1,17.06315109,0.092952544,89.0041042,183.5684142
2147,2,14.77508168,0.070481917,48.25666937,209.629397
2147,3,6.72073331,0.042712918,136.762455,157.346621
2148,1,38.15849183,0.18690411,42.27217801,204.1607956
2148,2,36.05294338,0.165491709,22.67973504,217.8534725
2149,1,30.97392579,0.150736782,44.14417141,205.4835276
2149,2,31.78760791,0.158130352,52.24814023,201.0215462
2149,3,33.93411573,0.175766114,62.76545118,193.0640377
2150,1,36.90739118,0.231290649,114.7657976,159.5714797
2150,2,26.71593105,0.206687203,169.0657505,129.2577898
2150,3,32.64389364,0.221379268,135.8908878,147.4568687
2151,1,26.16937739,0.131354227,57.91420613,199.2275235
2151,2,19.35480882,0.087356284,27.126825,221.5617226
2151,3,20.79609859,0.09150127,16.21209274,227.2766126
2152,1,23.57310668,0.138684272,105.858804,169.9767845
2152,2,26.09576812,0.122355442,36.29595073,213.2783615
2152,3,24.40376987,0.105003426,6.847153955,232.4092719
2153,1,23.93074543,0.116938482,50.56937192,204.643887
2153,2,21.29778471,0.099296265,35.74154917,214.4872683
2154,1,34.61473524,0.299128584,185.7438597,115.7185809
2154,2,30.54942376,0.216385444,147.252585,141.1805856
2154,3,39.22924911,0.220163449,83.19701401,178.182388
2155,1,39.94495118,0.231480873,91.16820723,172.5626426
2155,2,17.57309397,0.07613016,13.12730777,230.8295948
2155,3,40.88847891,0.193526331,29.65069708,211.2812182
2156,2,13.43536401,0.068054862,67.97367263,197.4196055
2156,3,16.93961356,0.090706619,83.78886824,186.7516808
2157,1,26.66600124,0.150160529,91.60422018,177.5832936
2157,2,27.69675516,0.134350258,46.7620802,206.1533455
2157,3,27.34812663,0.155968124,95.54382007,175.3443328
2158,2,19.73706774,0.096501526,52.25588977,204.5259648
2159,1,24.59710929,0.119140259,46.25596751,206.4550592
2159,3,31.26412362,0.164793666,70.98797589,189.7167794
2160,1,21.26915326,0.114340345,81.48962429,186.0161719
2160,2,9.913002521,0.060239698,123.2547604,164.5592995
2160,3,22.374262,0.113012706,61.65582396,197.9800566
2161,1,41.9757984,0.223827102,66.82986784,187.5367107
2161,2,32.08054151,0.166741142,65.51955777,192.3972762
2161,3,33.46557856,0.144605451,2.896921255,231.4268126
2162,1,13.47305411,0.088286001,137.5933547,152.6069139
2162,2,15.63187582,0.103608504,138.1453012,150.8744476
2163,3,31.17853752,0.195894513,117.6925135,159.1598309
2163,3,21.34506636,0.101252587,42.42919221,210.8100844
2164,1,31.72055685,0.174106417,80.6098403,182.1906248
2164,2,29.70731919,0.169353472,93.37148819,175.4160627
2165,1,16.9839614,0.074449116,17.15340758,228.1284481
2165,2,17.70901281,0.07652812,11.30610637,231.4053037
2166,3,16.07238826,0.082845912,72.46829331,194.0033968
2167,1,36.53375896,0.256699968,141.2047763,142.3208553
2167,2,21.25772455,0.092483428,13.2369589,229.8544194
2167,3,32.24608992,0.186111027,95.76422178,173.2626508
2168,1,44.21650495,0.235598755,64.65639877,187.6771589
2168,2,35.72291258,0.188033373,64.56025634,189.9817673
2168,3,39.72377813,0.239695106,102.5096236,165.7262797
2169,1,20.26828107,0.176320954,195.6325715,114.9510627
2169,2,12.17667222,0.068357598,100.0044907,178.1319506
2169,3,28.60082709,0.159894357,88.13587792,178.8732735
2170,1,21.63115037,0.155330042,153.4873734,139.2592839
2170,2,27.41558338,0.166870881,111.4409008,164.2921951
2170,3,21.18576725,0.105174267,57.1071013,201.4348939
2171,1,31.54891622,0.172931787,81.32995927,182.4356105
2171,2,24.30885885,0.138380806,96.74515612,175.666406
2171,3,20.03026579,0.135916024,144.1291601,147.3723637
2172,1,33.20659571,0.149429412,16.29716747,222.2226211
2172,2,26.28831231,0.136647832,67.17251863,192.3800177
2172,3,23.92203751,0.119152739,55.48970942,200.7678354
2173,1,19.33140201,0.106138142,88.75313877,182.1343548
2173,2,34.3907292,0.195860576,89.94848449,175.5878075
2173,3,32.01277523,0.157988721,48.16953757,202.6269668
2174,1,40.82669218,0.23011072,83.84438775,177.4219479
2174,2,37.28839534,0.199073783,68.08964213,187.3094223
2174,3,34.97524073,0.197438393,86.99142057,177.1450845
2175,1,27.74580726,0.155471455,90.9767974,178.4623889
2175,2,22.36208983,0.124667883,91.00205392,179.3733024
2175,3,22.89361605,0.15792339,146.0560041,144.9665945
2176,1,9.094478808,0.071207032,183.0537254,127.7188301
2176,2,22.98601346,0.121511546,75.83475981,189.1673203
2176,3,16.07449397,0.155770125,216.9872283,103.19369
2177,1,29.32547671,0.149183934,59.32608548,196.5726199
2177,2,16.19692877,0.068225847,4.154001168,237.4016514
2177,3,6.29862125,0.057777073,209.9996311,109.015928
2178,2,9.997773246,0.048599666,56.62732656,205.7169124
2179,1,36.12796039,0.194955802,74.34678888,185.313594
2179,2,37.8857984,0.18194184,37.00373086,208.2302697
2179,3,20.49765568,0.113334271,90.73432556,180.860172
2180,1,23.61725789,0.187057529,175.8253604,126.2566553
2180,2,31.7777275,0.198761042,116.9225363,159.8790551
2180,3,25.93914997,0.115715443,18.68415937,224.1632508
2181,1,35.49333953,0.170265692,37.61932986,208.4585512
2181,2,31.16447957,0.177244379,91.39687813,175.8277455
2181,3,36.14454738,0.221585295,109.7268973,163.1179877
2182,1,40.83226221,0.214515314,61.70850038,190.3466074
2182,2,38.18234281,0.181451911,31.51828655,210.4267882
2182,3,39.19531365,0.204619759,61.44864482,191.551949
2183,1,27.85621963,0.159198757,95.42389823,174.97762
2183,2,24.09073097,0.188915654,173.6257401,127.5210944
2183,3,30.04277656,0.170550763,92.41639198,176.1515221
2184,1,35.80420461,0.175850178,43.39849224,203.6063027
2184,2,38.91881743,0.195989464,49.05107132,198.5760693
2184,3,33.35612972,0.214219928,122.2625924,155.7097422
2185,1,20.15476069,0.099747718,57.74224548,202.0573619
2185,2,28.03709366,0.174462073,119.3535669,160.7059527
2185,3,22.36520984,0.121312128,84.05002572,184.360873
2186,1,18.69146073,0.078592561,0.103467168,237.8273526
2186,3,15.4814565,0.064707498,0.077986919,239.2529007
2187,1,27.54030659,0.124558603,22.37842074,221.1032078
2187,2,26.05317121,0.127080952,48.90245128,205.0124014
2187,3,31.69536446,0.148116823,30.72655919,213.988957
2188,1,14.02381748,0.062362068,25.1851612,224.8773639
2188,2,19.67569313,0.08914745,28.20649576,220.7095441
2188,3,26.34084801,0.14819488,92.35430313,177.7446564
2189,1,36.16860257,0.162998871,16.240572,221.8948039
2189,2,34.54791753,0.183836529,70.44392058,187.9273813
2189,3,30.53481179,0.163847284,76.66807077,186.3614156
2190,1,30.35804921,0.147196897,44.34025623,206.2410947
2190,2,30.78770066,0.171178717,86.39411817,179.8570599
2190,3,25.1338683,0.154783552,117.2927593,162.3807443
2191,1,29.97774626,0.163715632,81.69281523,183.1086374
2191,2,30.69178404,0.142935004,30.25630692,214.7254575
2191,3,26.07921632,0.122343915,35.9621176,213.1631669
2192,1,21.8370578,0.106386981,48.43067203,205.2606218
2192,2,16.3344205,0.089190893,88.88535048,183.1400046
2194,1,38.83465508,0.206307731,68.52704804,188.2365478
2194,2,36.54088129,0.229611534,116.01077,159.1421851
2194,3,40.79132204,0.286160238,139.5868453,142.5471349
2195,1,9.234190247,0.070345998,176.4281438,131.2681674
2195,3,27.78741696,0.124933425,20.5736036,222.4177946
2196,1,22.3350572,0.121370635,82.16520637,184.0235667
2196,2,26.96357374,0.186809055,142.5082136,144.3376165
2196,3,28.86418075,0.130600229,21.85839184,221.0117156
2197,1,23.97459174,0.102831926,5.288608159,233.1434674
2197,2,7.453573424,0.035687217,53.76623048,208.858357
2197,3,13.97622474,0.0626814,27.8254057,222.9724423
2198,1,30.70030038,0.155645091,57.89283055,197.2455423
2198,2,10.65647026,0.069928029,140.9714295,152.3919722
2199,1,20.24183106,0.094653347,38.81486884,213.8522492
2199,2,26.74998336,0.117376547,11.84302823,227.8988789
2199,3,20.52787114,0.102072306,58.49818841,201.1110754
2200,1,27.24302136,0.198968172,154.2256898,136.9215043
2200,2,31.21952169,0.205131825,128.3782499,152.1924827
2200,3,31.57385109,0.177785796,87.8393449,177.5949022
2201,1,33.8345494,0.153829431,20.90418547,219.9484787
2201,3,36.60390294,0.164327049,14.19596801,222.7503216
2202,1,16.58942077,0.096037534,104.362811,172.7389288
2202,2,25.12931528,0.121942507,46.76906743,206.0751085
2202,3,31.09093269,0.163295295,67.54374075,190.3969898
2203,1,28.54552606,0.168336394,103.3973524,169.5742993
2204,1,24.13569923,0.169671698,150.9876554,142.2494114
2204,2,36.03839526,0.186358613,61.45307243,193.3819674
2204,3,29.83794365,0.148557933,53.75071748,200.850558
2205,1,25.79402478,0.120396172,33.98802035,214.2428988
2205,2,23.31152438,0.128732302,88.25133752,181.0852752
2205,3,19.344326,0.124676618,131.1998112,155.1560052
2206,1,21.04478856,0.136300495,132.3306019,154.3999426
2206,2,33.88641823,0.154711166,21.39820955,219.0302036
2206,3,27.88733332,0.151703679,82.0333232,183.8276672
2207,1,30.23134126,0.153557717,59.62644929,196.8728226
2207,2,17.68240542,0.085379046,50.7142961,207.1047432
2208,1,19.05654466,0.085932228,27.19456189,221.7624889
2208,2,20.15395366,0.115226405,98.89570141,174.9074232
2208,3,19.26927272,0.088459803,31.69820008,217.830835
2210,2,29.84864796,0.1854144,117.2963796,160.9834398
2210,3,14.00655344,0.064648812,37.66958947,216.6560057
2211,1,25.46446922,0.159099429,119.7976107,160.0538064
2211,2,26.39150238,0.177651896,138.1522097,148.5573924
2211,3,29.36672953,0.187128669,122.0029298,156.9333536
2212,1,41.63508123,0.213499075,54.51912538,195.0129351
2212,2,28.23996878,0.133184392,35.66896965,212.0366228
2212,3,28.41786086,0.136495689,42.59225973,208.1960317
2213,1,36.49532663,0.176110924,37.6861121,207.2292041
2213,2,29.71388494,0.175027949,102.1098043,169.7665147
2213,3,20.98084267,0.109030021,70.70309221,192.4317943
2214,1,26.01812875,0.144497501,86.45056846,180.0593685
2214,3,8.582906145,0.050333102,111.0309629,170.5220972
2215,1,26.97428525,0.124959732,28.50456821,215.863822
2215,2,35.29219382,0.180245169,57.13750392,195.8010526
2215,3,31.28963397,0.156519181,53.31673706,199.9092624
2216,1,32.48128852,0.167512235,62.61702982,193.9039764
2216,2,29.93922079,0.146741092,47.68586648,204.0275184
2216,2,37.81165564,0.174253945,22.26626092,216.991676
2216,3,17.22991847,0.087248213,66.80053309,197.4816199
2217,1,35.86376695,0.184897775,60.40122367,193.9653789
2217,2,33.27899955,0.147854025,12.81236616,225.0801054
2217,3,25.80196633,0.134821161,70.93934142,191.3792032
2218,1,41.04761891,0.21613112,62.95868757,189.919984
2218,2,19.62987906,0.099179971,63.58018227,197.9218077
2218,3,34.90517693,0.186251342,71.02861185,187.4089952
2219,1,39.67113147,0.193404366,41.18807715,205.1201448
2219,3,41.81944924,0.213321417,53.82376413,196.0396184
2220,1,25.97378493,0.111252421,4.200306982,233.4671431
2220,2,26.25176005,0.120174757,28.65559294,218.4465418
2220,3,25.446533,0.133928021,73.44924346,190.0015613
2221,1,31.64195026,0.137873505,7.316581801,229.4998614
2221,2,36.11269739,0.174358617,39.26402247,207.1173652
2221,3,35.03287405,0.199581778,89.9467803,175.5314254
2222,1,30.07587759,0.140126424,30.12084626,214.6338761
2222,2,30.69463908,0.142907431,29.46415347,214.7868656
2222,3,28.38845891,0.175355161,114.7289655,161.8912084
2223,1,30.91139657,0.145459611,32.4417427,212.5084509
2223,2,34.76489115,0.184593276,68.56615587,188.3323811
2223,3,20.09472858,0.104982662,72.96951096,191.4099734
2224,1,37.44125631,0.24828097,127.4751417,150.8019574
2224,2,15.28468006,0.081858052,83.03964532,186.7217654
2224,3,23.59045619,0.127433972,82.45507537,185.1190529
2225,1,26.45394789,0.126773875,43.32867621,208.6703416
2225,2,20.43310222,0.106584359,73.53983568,191.7082628
2225,3,27.15500917,0.120412545,15.25620902,225.5164451
2226,1,22.71318446,0.100481888,17.05548011,226.0425729
2226,2,23.83974193,0.102983927,7.605033841,231.4899282
2226,3,3.875195896,0.084368902,145.5247078,45.93156749
2227,3,26.97401436,0.14539068,78.29389233,185.5278097
2228,2,40.78872727,0.236963403,92.49921978,172.1309144
2228,3,22.92494726,0.167909129,159.2870583,136.5318694
2229,1,36.28455327,0.191331859,65.50919388,189.6419841
2229,2,32.36547684,0.157864312,43.1812959,205.0208584
2229,3,40.59586817,0.192493749,30.07786559,210.894475
2230,1,30.96909255,0.15405204,52.34297046,201.0300712
2230,2,31.7805959,0.144209994,20.61085864,220.3772088
2230,3,37.74316607,0.163541753,1.826190229,230.7861162
2231,3,17.28868063,0.079295513,33.83017122,218.0284853
2232,1,34.87636846,0.193807973,81.77466275,179.9532185
2232,2,34.15481539,0.174978507,57.30538509,195.1943467
2232,3,38.41539963,0.191479611,46.21496368,200.6239692
2233,2,13.67007559,0.068685969,65.47317581,199.0228239
2233,3,24.59806192,0.106404903,8.872900133,231.1741392
2234,1,16.94999985,0.088059868,73.62606784,192.4826854
2234,2,22.6672829,0.097119298,5.727772924,233.3962792
2234,3,34.03802191,0.164240919,40.70116145,207.2444687
2235,1,37.42663255,0.261396013,140.8317424,143.179814
2235,2,27.99883389,0.203667148,155.7935047,137.4734912
2235,3,31.88207827,0.155991909,47.32857967,204.3828971
2236,1,32.24197314,0.138568643,0.675123368,232.6787097
2236,2,30.26796768,0.134560416,14.64076209,224.9396107
2237,1,9.957733233,0.044082509,25.11720836,225.8885342
2237,2,10.15880916,0.071552028,158.6010039,141.9779346
2237,3,14.93756097,0.070657241,45.06719142,211.4087776
2238,1,27.12971704,0.166573799,113.8700709,162.8690536
2238,2,27.4501934,0.153323843,87.31326034,179.034081
2238,3,33.21101107,0.186539516,87.11141676,178.0374036
2239,1,32.17848195,0.163000364,57.50871391,197.4135592
2239,2,31.76806221,0.150347392,34.90582332,211.2977267
2240,1,17.76424138,0.080823306,30.99476809,219.791077
2240,2,28.80776853,0.139016468,44.2031025,207.2255826
2240,3,19.0579408,0.109561297,103.7998038,173.9477479
2241,1,35.69757013,0.205470945,91.19135132,173.7353674
2241,2,19.26602184,0.114272511,110.3767411,168.5971683
2241,3,26.76427151,0.165042373,115.0177677,162.1660609
2242,1,24.82148897,0.123462531,56.0649634,201.0447119
2242,2,20.81428002,0.114444864,88.80718668,181.8716836
2242,2,30.96495621,0.169757852,82.71009039,182.4066213
2242,3,29.6624175,0.16745555,91.99482224,177.1360666
2243,1,27.92150187,0.142053981,59.9005651,196.5555746
2243,2,16.03675666,0.089481778,93.12099128,179.2181278
2243,3,36.60191331,0.175098828,35.8272694,209.0357415
2244,1,11.94788632,0.079803678,142.4445822,149.7159848
2244,2,21.09177822,0.140650327,137.601039,149.9589703
2244,3,13.68089792,0.077381004,98.72727539,176.7991787
2245,1,39.69446391,0.207522991,62.34435514,191.2774275
2245,2,31.8621003,0.171729422,75.87255905,185.5366423
2245,3,16.29315373,0.074624724,32.86545335,218.3345247
2246,1,41.20413329,0.217344434,64.15258346,189.5798874
2246,2,18.27195191,0.085424208,39.34504762,213.8966508
2247,1,11.61888469,0.048867233,5.109088991,237.7643269
2247,3,20.11992615,0.109065081,85.78028073,184.4763328
2248,1,20.91554377,0.103429277,55.9644247,202.2207287
2248,2,26.62176807,0.140456638,73.80934879,189.5372727
2248,3,14.68857224,0.067829511,38.60402824,216.5513502
2249,1,30.72641819,0.139755164,22.62553279,219.8589107
2249,2,25.20906986,0.10694485,0.939113221,235.7202781
2249,3,10.62067631,0.066859713,131.5417322,158.850164
2250,1,36.85744919,0.214685375,94.0905665,171.6812297
2250,2,16.28783591,0.085732808,75.5827638,189.9836988
2250,3,30.09528541,0.174719044,97.82361851,172.2495996
2251,1,19.01744459,0.104652685,90.1100642,181.7196055
2251,2,21.78057034,0.142500739,131.1915523,152.8453152
2251,3,7.973552579,0.038091974,51.57542827,209.3236886
2252,1,38.82281376,0.247579448,116.4291688,156.8095172
2252,2,21.55444323,0.127448613,108.4106017,169.1226187
2252,3,39.52221335,0.220852476,81.07865133,178.9530013
2253,1,22.34710187,0.111950547,60.46198087,199.6158352
2253,2,14.45562813,0.062232838,12.31565811,232.282964
2253,3,29.43034138,0.14528967,50.47990865,202.5632058
2254,1,11.8244945,0.06405212,89.68634081,184.6073862
2254,2,13.7838365,0.087323894,130.6374342,157.8472488
2254,3,17.85848648,0.094818503,79.96176774,188.3438981
2255,1,31.80149246,0.164735576,62.54029009,193.0456873
2255,2,20.03882818,0.108287459,83.16116475,185.0521597
2255,3,31.58140021,0.180815553,91.66890591,174.6608616
2256,1,4.989017692,0.034700873,160.026715,143.7721077
2256,2,10.46717379,0.074813725,161.5177677,139.9098065
2256,3,16.11029406,0.087470523,88.79316427,184.1796918
2257,1,17.45854496,0.091928794,77.84636042,189.9137832
2257,2,22.19294502,0.101132085,27.3477767,219.445144
2257,3,29.70214821,0.152739982,61.32569984,194.4621685
2258,1,25.31485209,0.148128836,104.0570372,170.8975297
2258,2,28.9194544,0.16338639,91.37022543,177.0003874
2258,3,25.18949884,0.152532973,112.0757216,165.1413352
2259,2,20.40239544,0.113240359,92.03041191,180.1689406
2259,3,25.73210557,0.127951969,54.32193098,201.1075391
2260,1,35.82595764,0.162021997,16.88389324,221.117863
2260,2,38.52468667,0.201980212,64.15189211,190.7349554
2260,3,27.6038088,0.125556767,24.29983645,219.8512225
2261,1,33.44002183,0.159244364,35.37177044,209.9918705
2261,3,44.50690938,0.241669647,69.97858518,184.1642505
2262,1,42.89960904,0.241121337,81.03956096,177.9170999
2262,2,19.62722302,0.102493923,73.92427907,191.4964562
2262,3,35.54284383,0.191910303,72.80796647,185.2055008
2263,2,26.1675717,0.116661975,17.56455478,224.3024927
2263,3,36.32270901,0.177483509,43.30345674,204.6539946
2264,1,37.19422698,0.201877299,74.10750027,184.2417506
2264,2,33.05535376,0.153701595,28.84514476,215.0618785
2264,3,30.97635741,0.15506541,54.81929314,199.7631675
2265,1,18.9703362,0.08063931,5.426248752,235.2492364
2266,1,34.50521261,0.198646363,93.38127788,173.7017086
2266,2,28.60033375,0.154902656,79.06652002,184.6342377
2266,3,24.14666065,0.136112542,91.12011833,177.4021728
2267,1,38.94034409,0.211676734,75.18702432,183.9613797
2267,2,22.11220361,0.175050877,174.7433865,126.318725
2267,3,27.11152191,0.156755131,99.90700368,172.9546056
2268,1,27.36895622,0.116529609,0.641990829,234.8669706
2268,2,29.48464275,0.137729628,32.1079818,214.0762541
2268,3,26.45699198,0.141195639,75.6529266,187.3782511
2269,1,34.51130599,0.18221501,67.17637331,189.3988092
2269,2,31.81356538,0.170236043,74.4635609,186.8791407
2269,3,17.9830972,0.092798236,71.23839357,193.7870577
2270,1,31.57759286,0.183337921,97.00179374,172.237106
2270,2,25.13105628,0.122023073,47.94955705,205.9533142
2270,3,17.18776279,0.118747292,149.4309263,144.7423554
2271,1,32.20616626,0.140333911,6.517591298,229.4966768
2271,2,34.09106538,0.162028745,34.64091212,210.4013415
2271,3,28.34330448,0.146780207,66.15785966,193.1003168
2272,2,34.08127052,0.186431302,78.46751066,182.8087347
2272,3,31.15876566,0.150209672,41.59521491,207.4351487
2273,1,43.94445861,0.208348407,28.48142469,210.918141
2273,3,32.60969395,0.143037608,8.644260753,227.9798613
2274,1,27.09431461,0.146540735,80.39474498,184.8927168
2274,2,21.26459086,0.150917835,154.2087443,140.9017749
2274,3,30.20493132,0.199566784,130.7367795,151.352498
2275,1,32.58592801,0.151569122,29.51977572,214.9905447
2276,1,16.36214678,0.106849463,135.8905811,153.1327005
2276,2,27.6578038,0.121100283,11.33099707,228.3876071
2276,3,23.92159955,0.129745203,82.64093768,184.3736718
2277,1,5.824894289,0.035598932,124.5845151,163.6255339
2277,2,34.94569719,0.172098547,46.02350108,203.056317
2277,2,30.29317225,0.139609058,26.41505672,216.9857222
2277,3,23.29601542,0.115943219,55.80394727,200.9260708
2278,1,32.26966521,0.177425624,82.73940923,181.877141
2278,2,33.39086446,0.177011795,69.68213344,188.6363808
2278,3,34.03476764,0.16219396,36.41036979,209.8399197
2279,2,36.44075549,0.211669475,93.85957769,172.1587655
2279,3,28.25275353,0.162390135,97.0218413,173.9807253
2280,1,35.85089282,0.198100391,80.15009373,180.9733571
2280,2,37.73216686,0.185127658,43.87408897,203.8170159
2280,3,33.61548494,0.163336832,42.00431731,205.8046833
2281,1,30.8274081,0.163601121,71.71454684,188.4302986
2281,2,19.0977407,0.095486804,61.13789771,200.0039793
2281,3,35.47918691,0.159208962,15.63832771,222.84667
2282,2,38.11824444,0.171152693,13.05519535,222.714839
2282,3,17.20382518,0.082062721,46.74810152,209.6423936
2283,1,27.57265984,0.135439178,49.41638435,203.5796453
2283,2,32.80098492,0.181221405,83.50045219,180.999507
2283,3,35.26512223,0.243011532,139.2151102,145.1170731
2284,2,38.22022944,0.175090579,19.79679598,218.2883259
2285,1,33.50687992,0.162849534,42.4007741,205.7536126
2285,2,33.59084126,0.207245352,112.3278457,162.0824833
2285,3,21.58765359,0.139947799,133.2290003,154.2550423
2286,1,37.1040869,0.194740735,64.03229057,190.5306912
2286,2,32.4540347,0.165785864,58.46490134,195.7587577
2286,3,30.17232629,0.170463535,89.74324006,177.0016463
2287,1,31.66095465,0.177652786,88.24799295,178.2181714
2287,2,33.56260091,0.20591024,110.3403846,162.9962693
2287,3,37.00682084,0.224892903,106.2847117,164.5530843
2288,1,35.89025222,0.203138887,88.79501404,176.6783939
2288,2,37.64881843,0.22002268,94.93494368,171.1133529
2289,1,29.69637609,0.166104787,87.7203148,178.7809772
2289,2,28.89306213,0.155156983,76.46297365,186.2182515
2290,1,24.15390674,0.135168014,92.58854217,178.6954328
2290,2,29.24848677,0.162119032,84.51990949,180.4136532
2290,3,31.26951787,0.158808014,58.43156224,196.9013843
2291,1,48.60034197,0.261900973,65.45015153,185.5676268
2291,2,41.6945328,0.189343348,14.5754841,220.2059558
2291,3,26.60679621,0.172412469,128.6138664,154.3206032
2292,1,28.71822628,0.131904445,26.95742142,217.7199279
2292,2,23.44820646,0.108951195,34.83183019,215.2175242
2292,3,20.18358129,0.098622355,53.1961333,204.6552355
2293,1,23.37588482,0.122673374,73.27759126,190.5538586
2293,2,18.68221783,0.094020019,63.87323042,198.7046798
2293,3,17.82137008,0.119675473,144.7417828,148.9141395
2294,2,28.13247269,0.143663872,60.35346728,195.8214847
2294,3,15.59189076,0.107621651,151.6484536,144.8768957
2295,1,17.74018428,0.099753831,96.71415428,177.8396291
2295,2,7.633648001,0.045377725,118.3402651,168.2245655
2295,3,15.51069361,0.099671617,133.2664373,155.617959
2296,1,37.63517178,0.207154749,77.00527927,181.6766062
2296,2,41.98657971,0.198248371,28.99659656,211.7877667
2296,3,38.44548693,0.209606719,75.37229125,183.4172452
2297,1,38.54441621,0.185102749,35.58196049,208.2325432
2297,2,29.15414785,0.162360413,86.76217387,179.5643857
2298,1,20.29002839,0.136312806,141.2912289,148.8490259
2298,1,24.66220833,0.126594169,65.59637727,194.813146
2298,2,28.2639959,0.157491293,88.1557091,179.463864
2298,3,24.69574241,0.126005507,62.60771189,195.9893891
2299,1,18.4270812,0.097642468,80.06572499,188.7199449
2299,2,21.83915057,0.113669245,71.829582,192.1289311
2299,3,18.17757885,0.103074375,99.86221728,176.3540056
2300,1,33.7494419,0.170534833,56.32631384,197.9035093
2300,2,32.71043733,0.181338471,83.71878601,180.3833306
2301,1,35.6016657,0.195996186,79.17072893,181.6446866
2301,3,32.07016268,0.150143321,30.84927378,213.5969981
2302,1,11.85758655,0.064514358,88.87142478,183.7976377
2302,2,14.49816418,0.064628179,26.84933123,224.3319326
2303,1,16.37308043,0.074870729,32.37544976,218.6846674
2303,1,13.87513416,0.077377885,96.85419848,179.3165334
2303,2,16.40707419,0.091973362,96.58709248,178.3894137
2303,3,5.339283467,0.022279188,6.509227313,239.6534147
2304,1,11.52694786,0.07530024,139.5585684,153.0798295
2304,2,1.288915234,0.01184012,214.8578438,108.8599792
2304,3,7.823334959,0.044200861,103.4413134,176.9950794
2305,1,35.00602082,0.226176056,120.8616368,154.7733279
2305,2,35.86081379,0.199735885,80.78193359,179.5411667
2305,2,13.24488837,0.086976385,137.8475232,152.2814318
2305,3,44.82473473,0.257438194,83.70452621,174.1184321
2306,1,31.09648843,0.168351145,77.57762542,184.7120695
2306,2,25.23334623,0.132247444,71.54975077,190.8040374
2306,3,36.37197875,0.181799456,50.37365483,200.0664882
2307,1,40.61710731,0.217847345,69.79151919,186.4475661
2307,2,14.39062033,0.066237681,36.54757218,217.2573095
2307,3,40.24777218,0.228600243,86.43238252,176.0618082
2308,1,26.55806205,0.125568961,37.84414173,211.5018064
2308,2,29.88010768,0.152453677,60.99897825,195.9946676
2308,3,25.48580137,0.12063184,38.80770783,211.2692746
2309,1,42.26435085,0.187613143,5.763186297,225.2739342
2309,2,30.78263079,0.154428588,53.83582521,199.332463
2309,3,46.60479938,0.297899851,112.5474498,156.4445208
2310,1,31.50444891,0.142074727,18.26232763,221.7456237
2310,2,32.72395066,0.188635832,93.14293893,173.4768542
2310,2,23.12220586,0.169318602,159.2031006,136.5603398
2310,3,35.66538926,0.168564197,32.80785042,211.5834193
2311,1,37.20379816,0.224315219,102.1015268,165.8549887
2311,2,34.75027164,0.176132757,53.80835323,197.2959047
2311,3,22.26878448,0.123400362,87.12167285,180.4596359
2312,1,22.78061035,0.11681386,66.42989236,195.0163315
2312,2,22.48348426,0.105754738,39.98925208,212.6002558
2312,3,19.63593333,0.09927006,64.43688498,197.8031784
2313,2,26.66123197,0.141800558,75.99200451,188.0192314
2313,3,20.09664847,0.129127815,131.6903815,155.633768
2314,1,35.80805504,0.189221072,68.10680012,189.2392572
2314,3,32.90888543,0.166717832,55.97744984,197.392715
2315,1,22.08026414,0.102244681,33.91480459,215.9551366
2315,2,12.60535605,0.06988659,94.6087132,180.3687386
2315,3,9.811339717,0.060778377,127.3285237,161.428129
2316,1,32.71985381,0.19662494,105.3704969,166.4074448
2316,2,37.1269044,0.234185303,115.1618551,158.5364408
2316,3,21.34458197,0.096951626,28.14316856,220.157029
2317,1,23.78220349,0.113918863,44.47605637,208.7644031
2317,2,32.08803601,0.15768856,48.26060215,203.4899421
2317,3,24.84400729,0.149596641,112.0487759,166.0732958
2318,1,34.95827329,0.174404541,48.91618702,200.4435955
2318,2,32.89226077,0.166906221,55.98603043,197.0703106
2318,3,35.09438627,0.169106271,38.15320367,207.5285914
2319,1,29.2613592,0.16457138,89.60189565,177.8034506
2319,2,22.68834619,0.119887641,73.92998293,189.2467477
2319,3,24.00001972,0.125615422,71.88596885,191.0595007
2320,1,24.70730592,0.11918168,45.65076567,207.3079185
2320,2,28.28638739,0.174764282,116.2167596,161.854511
2320,3,21.76096097,0.103795153,43.22691658,209.6529602
