Plot,Repeat,Vpmax,Vmax,SL,A,gsw,Vpmax/Vmax,iWUE
1001,1,53.45035868,36.98814438,0.102226241,29.94214658,0.231292358,0.692009283,129.4558404
1001,2,72.30967257,43.12157901,0.30163657,28.69077425,0.163034638,0.596345931,175.9796237
1001,3,33.14770685,37.53909055,0.299377058,20.62717724,0.155515483,1.132479261,132.6374509
1003,1,88.30826166,39.23867175,0.138091216,32.70592079,0.21648875,0.444337495,151.074459
1007,1,176.0699319,46.23288477,0.300773421,32.36958422,0.169156913,0.262582511,191.3583291
1007,2,77.79817563,53.29825282,0.259577938,36.40997129,0.262839273,0.685083582,138.5256125
1007,3,108.5838276,51.01782405,0.177762526,40.95061128,0.274274104,0.469847354,149.3054236
1010,1,50.75428898,33.93153777,0.211495837,24.19328631,0.170771578,0.668545229,141.67045
1010,2,47.19431612,34.68764006,0.33192012,20.461832,0.128826494,0.734996137,158.8324836
1010,3,45.30074362,28.40785493,0.108347439,25.02772574,0.181482504,0.627094671,137.9070995
1012,1,74.63483136,52.06191609,0.167949299,41.24849615,0.367168882,0.697555218,112.3420262
1012,3,34.75577239,26.33768366,0.283754451,15.94973761,0.10199602,0.757793076,156.3760783
1013,1,45.31923303,39.98126839,0.403405716,21.26733233,0.13745569,0.882214144,154.7213675
1013,2,45.73371229,36.26356667,0.350961772,20.60249322,0.132294087,0.792928561,155.7325326
1013,3,35.94678142,30.37415274,0.296279163,18.34241269,0.122025867,0.844975587,150.3157744
1027,1,119.8726183,49.53835684,0.290912247,34.93006841,0.195745169,0.41325832,178.4466436
1027,2,62.44526134,40.73863224,0.278647519,28.53634562,0.172652464,0.652389491,165.2820062
1027,3,75.79690711,42.56945696,0.163933277,34.93147101,0.246211094,0.561625251,141.8761049
1031,1,37.94203711,29.00487559,0.162354083,21.49978341,0.179362862,0.764452249,119.8675309
1031,2,49.51820623,37.48649615,0.190889576,27.36565948,0.236999993,0.757024517,115.466921
1034,1,31.37927325,31.53802937,0.363782332,16.30295336,0.106922558,1.005059267,152.4744045
1034,2,77.13572775,36.42125252,0.235301798,25.55023457,0.149216709,0.472170985,171.2290449
1036,2,106.5677394,49.74121522,0.327633049,32.84758036,0.191244213,0.466756783,171.7572513
1036,3,35.01454262,26.31747,0.168816874,19.51834498,0.158488075,0.751615415,123.153398
1037,1,46.74238413,31.39864766,0.237664711,21.6063984,0.129564054,0.671738257,166.7622904
1037,2,42.9726078,31.28559104,0.144203654,24.02535482,0.173470965,0.728035664,138.497845
1037,3,46.93420465,34.52936927,0.137927104,26.91264358,0.24657002,0.735697335,109.1480772
1039,1,44.49129882,34.34269252,0.239824787,22.96672176,0.156730606,0.77189683,146.5362915
1039,2,42.76321884,26.79093082,0.12937847,21.58234516,0.155343642,0.62649472,138.932916
1039,3,27.89728517,25.37335994,0.220710604,16.23826498,0.144167153,0.909527927,112.6349841
1048,1,41.57483315,34.45120139,0.421341443,16.55382772,0.093302489,0.828655193,177.4210731
1048,2,69.48726115,43.10428103,0.256363769,29.58910692,0.181222512,0.620319182,163.275007
1048,3,49.51406434,34.0093346,0.305241509,21.20254856,0.133222224,0.686862108,159.1517385
1050,3,113.6405263,22.18515552,0.139479408,18.96742997,0.092204235,0.195222217,205.7110497
1056,2,52.33064669,25.55229062,0.134686834,20.70008698,0.121764723,0.488285397,170.0006904
1059,1,60.14610398,28.07624939,0.092152643,25.36507106,0.144552978,0.466800799,175.4724905
1059,2,44.51742473,33.76787279,0.358274544,19.70277199,0.123343074,0.758531586,159.7395894
1059,3,36.63382934,38.05392687,0.464319399,16.12169915,0.096477642,1.038764649,167.1029558
1061,1,68.41548301,46.22460926,0.26204131,31.96306308,0.234860172,0.675645442,136.0940121
1061,2,71.51793032,38.47519068,0.289615432,26.00656906,0.155989295,0.537979644,166.7202167
1061,3,22.87749908,34.09699964,0.315963485,13.83993814,0.163531343,1.490416392,84.63171577
1064,1,60.8296764,28.63595438,0.263783117,19.78472,0.10831542,0.470756316,182.6583879
1064,2,47.70123287,32.42035358,0.155873835,25.4922215,0.209151598,0.679654416,121.8839432
1067,1,46.66849054,26.42831572,0.395707814,15.54010314,0.079813923,0.566298918,194.7041638
1067,2,69.5465165,37.45213946,0.217475848,28.75167333,0.184997451,0.538519272,155.4165918
1067,3,33.57978857,27.75391639,0.170010355,18.86763142,0.130898024,0.826506586,144.1399254
1069,1,62.51287167,38.64223643,0.165087289,30.19739943,0.230522401,0.618148477,130.9955098
1069,2,59.47099252,26.49793962,0.188162053,20.55589249,0.117432939,0.445560743,175.0436689
1069,3,63.62608806,28.04765581,0.143447704,23.04904621,0.13752049,0.440820058,167.6044509
1070,1,60.37305073,27.17328866,0.052470318,24.52812161,0.20668545,0.450089706,118.6736735
1070,2,58.13823242,21.67698132,0.052165986,19.88791114,0.164170765,0.372852431,121.1416122
1070,3,91.80168339,48.40258214,0.109304124,41.49818421,0.319869456,0.527251575,129.7347509
1082,1,70.79549733,27.68016432,0.144987868,23.433201,0.117321752,0.390987639,199.734496
1082,2,33.11146887,20.14378017,0.328579004,12.76488168,0.07111931,0.608362627,179.4854545
1082,3,40.42922714,27.74594732,0.254929912,18.44518631,0.123355622,0.686284386,149.528542
1085,1,82.76280022,42.77044858,0.152445656,34.8857493,0.240341893,0.516783488,145.150514
1085,2,44.8141312,29.71123977,0.195193483,21.65823676,0.150931969,0.662988191,143.496682
1085,3,43.76346414,32.66518956,0.25334944,22.11886383,0.139311889,0.746403197,158.7722626
1086,1,63.42248539,42.58202521,0.178757149,32.88114947,0.265818034,0.671402657,123.6979635
1086,2,53.9220932,37.68715666,0.190832,27.40965228,0.196605266,0.698918651,139.4146395
1086,3,55.51204159,45.49626339,0.310359055,29.847707,0.238704457,0.819574674,125.040426
1087,1,55.09514955,38.99020797,0.182862079,28.84640103,0.213126369,0.707688577,135.3488128
1087,2,81.91006043,40.52867425,0.075845406,35.81478316,0.308666071,0.494794828,116.0308389
1087,3,73.29831835,41.30622279,0.160114127,33.05032044,0.222156512,0.56353575,148.7704328
1092,1,40.14836494,26.31762255,0.37187125,16.37836819,0.097725067,0.655509199,167.5963874
1092,2,69.06710758,46.94759223,0.360476016,27.952711,0.17154359,0.679738791,162.9481521
1096,1,85.71454259,39.36737432,0.151633232,31.97471386,0.22324584,0.459284657,143.2264711
1096,2,59.45033946,35.53167134,0.174096425,27.1892522,0.18685743,0.597669781,145.5080068
1105,1,49.59169948,33.93054209,0.148861143,26.8920331,0.212532435,0.68419801,126.5314308
1105,2,80.4810043,40.14958996,0.239401385,29.84782009,0.176437243,0.498870389,169.1696128
1105,3,75.47390344,31.12052481,0.201243144,24.90126281,0.140459746,0.412334905,177.2839801
1107,1,45.61136491,30.74375829,0.288997489,20.10488144,0.129441744,0.674037235,155.3199209
1107,2,71.99968163,36.52161227,0.318275379,23.62558337,0.132781805,0.507246858,177.9278672
1107,3,100.9147995,38.51085045,0.445244276,20.82359768,0.104522888,0.38161747,199.2252422
1113,1,48.53634165,33.0805188,0.068186698,28.23314752,0.238735594,0.68156185,118.2611568
1113,2,46.75050175,29.26406711,0.067488171,25.2557179,0.189858462,0.625962632,133.0239255
1113,3,70.27819414,34.90474718,0.111693513,29.68249122,0.193306471,0.496665397,153.5514619
1114,1,81.60794409,38.59584986,0.115163644,33.23455188,0.228533835,0.472942313,145.4250828
1114,2,49.05427245,24.21691325,0.093045453,20.81123576,0.150632044,0.493675923,138.1594195
1114,3,78.57698429,29.231845,0.347386972,18.62835425,0.095381352,0.372015359,195.3039442
1119,1,71.15401391,28.62979215,0.175665227,23.16581981,0.131497876,0.402363698,176.1687756
1119,2,26.44882408,18.76310978,0.066923977,15.89237736,0.13403917,0.709411871,118.5651729
1119,3,115.4108635,34.73091949,0.250953515,25.7935557,0.132585976,0.300932845,194.5421113
1120,1,43.48564915,36.7578384,0.333852068,21.63741906,0.139638863,0.845286643,154.9527015
1126,1,50.86288225,39.89070989,0.37065019,21.87187012,0.134259689,0.784279383,162.9072008
1126,2,48.61346237,32.88003865,0.369890327,20.30667379,0.124432021,0.676356652,163.1949206
1126,3,74.54602311,39.1779062,0.350472809,24.2465908,0.138945606,0.52555327,174.5041927
1130,1,84.62780189,41.71383199,0.201746547,32.59918977,0.211456983,0.492909316,154.1646405
1130,2,77.18893724,41.17963246,0.15656293,33.30459841,0.227364803,0.533491378,146.4808887
1130,3,48.37731453,32.97501803,0.267745797,22.49532443,0.146547254,0.681621507,153.50219
1133,1,61.03020744,46.30682069,0.323802936,28.42462362,0.188494426,0.758752471,150.7982184
1133,2,49.35092458,38.32583226,0.163962096,27.92009853,0.243633357,0.776598059,114.5988336
1133,3,45.56597833,40.14925511,0.283351474,24.78573713,0.153842356,0.881123518,161.1112685
1135,1,60.23689357,39.18893749,0.108651313,31.97429814,0.223621175,0.65058032,142.9842149
1135,2,59.89164501,36.72900085,0.132595173,30.0560546,0.231847862,0.613257506,129.6369712
1135,3,117.45514,36.86648295,0.337379765,24.14075984,0.124572843,0.313877136,193.788303
1143,1,48.547039,30.00774903,0.081269066,26.30974007,0.228042972,0.618116978,115.3718522
1143,2,88.72941202,32.13397598,0.174468005,25.01876639,0.137788533,0.362156981,181.5736466
1143,3,75.94410086,30.18801617,0.125003661,25.89019969,0.155099007,0.397503109,166.926921
1149,1,45.45822975,20.32822682,0.201266272,14.96715137,0.079639576,0.447184744,187.9361006
1149,2,29.50941111,23.5535458,0.209712054,15.83217558,0.115562927,0.798170648,137.0004723
1149,3,64.85049394,31.51415638,0.169739054,25.13411531,0.155403469,0.485950908,161.7345834
1151,2,40.3596832,22.87800704,0.175759141,17.70849038,0.109286854,0.566852989,162.0367842
1151,3,28.78030576,26.53251859,0.289485541,15.46492702,0.109148515,0.921898427,141.6870126
1160,1,52.72260409,41.39766018,0.317985703,25.8765532,0.196111319,0.785197562,131.94829
1160,2,78.82222486,42.71404448,0.342803886,27.75941441,0.157798747,0.541903563,175.9165706
1160,3,76.13944884,38.79673686,0.358727008,23.74325028,0.134084175,0.509548433,177.0772
1161,1,77.32270393,44.73810642,0.216573401,33.37101557,0.214869692,0.578589523,155.3081557
1161,2,51.64177052,43.14307212,0.296502765,25.97695038,0.166459183,0.835429763,156.0559767
1161,3,59.8806339,41.86505257,0.276699563,27.51212191,0.168565902,0.699141773,163.2128537
1163,1,15.90640028,15.30868807,0.221108154,10.11555548,0.082697564,0.962423163,122.3198724
1163,3,25.05297934,21.38533792,0.177867323,14.9434659,0.117313716,0.853604581,127.3803815
1165,1,8.203581135,10.9883286,0.139273403,6.616741804,0.11320046,1.339455101,58.4515452
1165,2,12.5053539,15.61435932,0.114235213,9.478257426,0.134418447,1.248613949,70.51307047
1165,3,7.431580003,9.159762343,0.199146764,5.374362349,0.070149262,1.232545749,76.61324148
1168,1,68.14889449,46.78049679,0.308050661,30.88357893,0.225004254,0.686445424,137.2577557
1168,2,92.35157913,45.68331899,0.348335311,29.24955163,0.168209609,0.494667437,173.8875193
1169,3,70.97619673,46.13702979,0.511418986,22.07651922,0.120587919,0.65003525,183.0740542
1170,2,58.86794611,34.17771197,0.254256458,24.5884619,0.150656874,0.580582715,163.2083638
1170,3,38.41415726,36.80123566,0.417713045,17.43659203,0.105780487,0.958012313,164.8375095
1172,1,68.42966346,41.67372939,0.436477133,22.73980045,0.129297778,0.60900094,175.8715486
1172,3,75.35167946,45.76344647,0.243300548,32.55659652,0.223738232,0.607331473,145.5119951
1175,1,64.51749777,39.85367428,0.225603271,29.39965334,0.196602339,0.617718846,149.5386753
1175,2,63.71992257,42.03600622,0.216187124,31.63680642,0.25564707,0.659699581,123.7518835
1175,3,60.58903295,41.00085374,0.240561345,28.69637583,0.20468035,0.676704211,140.200932
1177,1,84.49448277,48.43838355,0.188989586,39.16695569,0.268499337,0.573272739,145.8735658
1177,2,154.985609,48.95405539,0.247028404,36.74953717,0.205609216,0.315861942,178.7348733
1177,3,61.52430526,40.77219777,0.211411763,29.11825414,0.190568451,0.662700661,152.7968244
1180,1,102.3905469,39.68173226,0.159148601,32.55510341,0.200589362,0.387552694,162.2972579
1180,2,107.8867968,30.84236575,0.149933198,26.02742208,0.141708324,0.285877111,183.6689712
1180,3,88.33576549,54.92655239,0.241124816,40.12929237,0.313555067,0.621792907,127.9816421
1181,1,72.73210058,44.94902476,0.263540893,31.51575045,0.208398192,0.618008065,151.2285215
1181,2,69.0534934,45.36383641,0.271491405,29.78514189,0.184191681,0.656937603,161.7073134
1181,3,81.6781068,41.56895388,0.173620045,33.71047664,0.221606847,0.508936305,152.1183894
1185,1,38.76953586,21.36605658,0.264274326,14.4603706,0.082150619,0.551104265,176.0226615
1185,2,32.70150741,26.84311639,0.22444565,18.07578101,0.119013078,0.82085257,151.8806279
1185,3,39.38345285,28.45794623,0.368124679,15.25971744,0.089362699,0.72258637,170.7615998
1188,1,59.40735347,36.85911867,0.495155077,17.57008142,0.094752357,0.620447075,185.4316027
1188,2,36.36617289,35.44083357,0.445475783,16.13602289,0.101246079,0.974554944,159.3742992
1188,3,64.9421397,44.11159068,0.46848322,21.27799125,0.119233011,0.679244492,178.4572164
1195,1,43.16386831,23.6218814,0.105086351,19.69401975,0.135072721,0.547260529,145.8030874
1195,2,18.04501944,10.43231941,0.133682771,8.561529682,0.056311016,0.578127357,152.0400499
1195,3,71.62815238,41.29359845,0.259001249,29.02785858,0.193603908,0.576499562,149.9342595
1202,1,54.78972542,34.6026239,0.12882347,28.68226306,0.23877908,0.631553154,120.1205024
1202,2,22.03873043,20.71250311,0.40297095,9.902603452,0.061027373,0.93982288,162.2649471
1202,3,9.305599975,13.9420116,0.241146234,6.458485329,0.066179429,1.498238871,97.59052664
1204,1,55.48176505,40.28374801,0.270024121,26.2534833,0.18337733,0.726071854,143.1664607
1204,2,40.34958016,26.05996504,0.193173313,18.6461748,0.115255334,0.645854676,161.7814478
1204,3,61.02186717,47.8974746,0.196120281,34.7693676,0.283855136,0.784923124,122.4898309
1209,1,51.27797477,39.74325826,0.339190597,24.36454012,0.153910151,0.775055147,158.3036594
1209,2,48.85228024,32.78815361,0.425908844,17.58901115,0.097145093,0.671169359,181.0591828
1209,3,55.25831436,34.48789511,0.304615993,23.1181836,0.131458096,0.624121375,175.8597173
1217,1,39.69015264,40.56252964,0.269091926,23.75886097,0.178749365,1.021979684,132.9171769
1217,2,59.81834336,43.57006358,0.379352536,23.92583374,0.142649198,0.728372956,167.724979
1217,3,78.71337779,43.85515213,0.35298205,25.23891115,0.135993761,0.55714992,185.5887429
1228,1,63.82761169,43.0874461,0.395164698,24.0205565,0.142923999,0.675059664,168.0652421
1228,2,81.26729266,41.30878516,0.673783867,12.65029529,0.060279101,0.508307633,209.8620431
1228,3,74.63721581,34.54739679,0.308479336,23.31747237,0.127900131,0.462870921,182.309996
1231,1,70.60724191,36.65948143,0.317580143,23.43571403,0.133202017,0.519202853,175.9411348
1231,2,32.82687484,27.73895688,0.250677351,18.32650121,0.131279826,0.845007544,139.5987622
1231,3,58.23126345,34.87013443,0.158042056,27.80266644,0.203384958,0.598821533,136.6997182
1237,1,48.30461206,29.72351348,0.168545435,22.65205367,0.150170933,0.615334897,150.8417989
1237,2,69.53596532,39.31591205,0.202145991,29.99446886,0.200546649,0.565403987,149.5635505
1237,3,62.97173484,37.20580153,0.218494823,27.52992115,0.184990039,0.590833358,148.8183975
1240,1,128.9157432,37.7390392,0.165999781,31.08152148,0.173662312,0.292741897,178.9767804
1240,2,63.83896777,41.82396028,0.210512055,31.49963289,0.221618754,0.655147815,142.134329
1240,3,36.01623521,31.30100801,0.161010709,22.30635739,0.237964586,0.869080509,93.73813879
1244,1,50.9461694,28.73656677,0.198532676,21.41210172,0.134159025,0.564057457,159.6023951
1244,2,63.45060206,33.81402499,0.093403195,29.08538484,0.215357161,0.532918899,135.056502
1244,3,43.90299607,30.51814111,0.157423102,23.65693462,0.19801561,0.695126616,119.470049
1249,1,49.1836964,33.63936453,0.247087679,23.0816197,0.143149732,0.683953566,161.2410961
1249,2,113.2972321,54.94920513,0.12102032,47.06610315,0.353818723,0.48500042,133.0232124
1250,1,52.00504377,36.17197616,0.563622803,14.47609055,0.075194799,0.695547461,192.5145189
1250,2,68.05899385,41.61303365,0.474785445,20.6462723,0.112674246,0.611425931,183.2386107
1250,3,37.14198987,41.05681349,0.690871928,10.00649457,0.051533526,1.105401559,194.1744597
1252,2,82.57379417,41.82723351,0.229848215,31.63720714,0.187801448,0.506543679,168.460933
1252,3,53.8961125,35.7860041,0.321743767,24.14775171,0.147859066,0.663981175,163.3160033
1260,1,120.9729665,43.10118132,0.220395397,32.97668338,0.187809505,0.356287711,175.5858064
1260,2,73.66736097,39.14496665,0.172698919,31.11133003,0.209714447,0.53137463,148.3509147
1260,3,74.13835656,37.51378744,0.166066297,30.08964971,0.190997277,0.505997019,157.539679
1272,1,31.40736294,28.51261326,0.329957919,16.530552,0.106291176,0.907832132,155.5213953
1272,2,24.42517588,23.94702597,0.448902475,10.68232335,0.062997435,0.980423891,169.5675919
1294,1,34.03071582,34.94204633,0.201453539,23.4530647,0.199549877,1.026779645,117.5298379
1294,2,61.94886741,39.82469269,0.328491113,24.98865027,0.14635327,0.642863935,170.7420017
1294,3,84.19439795,52.28696942,0.228269382,38.66864158,0.273156577,0.621026704,141.5621839
1307,1,35.37930543,27.81356208,0.276702877,18.65804262,0.134374727,0.786153423,138.8508318
1307,2,99.87054421,45.55579126,0.407120517,24.38106531,0.122389441,0.456148423,199.2088951
2007,1,44.49880383,27.11642832,0.170204835,20.8011352,0.139848849,0.60937432,148.7401244
2007,2,20.35291668,24.35836422,0.275953378,13.21314215,0.101268559,1.196799683,130.4762532
2007,3,117.7762769,38.83051252,0.276383284,27.52607402,0.146054503,0.329697232,188.4643983
2015,1,41.01421506,27.66397542,0.22609823,18.93931842,0.118004067,0.674497254,160.4971668
2015,2,36.45501111,25.2482165,0.127351564,19.95279653,0.161576463,0.692585621,123.4882616
2015,3,22.51161675,13.67883811,0.088975845,11.73092081,0.07400602,0.607634639,158.5130616
2016,1,58.22799168,32.61812223,0.304683087,20.92554753,0.114611136,0.560179414,182.5786591
2016,2,69.97429671,39.12302435,0.206231574,29.73740065,0.194574572,0.559105646,152.8329234
2016,3,44.61480584,28.13335268,0.144829188,22.18204647,0.15145804,0.630583327,146.4567115
2033,1,47.44164121,42.53209325,0.275626501,26.49643835,0.183034139,0.896513952,144.7622749
2033,2,107.5616394,41.97845137,0.281623991,29.43218933,0.161429424,0.390273443,182.3223338
2033,3,60.69192135,38.89650109,0.256979135,26.31390238,0.169047941,0.640884326,155.6594078
2042,1,152.1843845,55.93410693,0.270222881,39.89765076,0.233980019,0.367541697,170.5173413
2042,2,72.16198461,46.85119833,0.284699282,32.56256767,0.209811874,0.649250413,155.1988791
2048,3,70.92684245,47.37157139,0.229733799,33.54593857,0.232393382,0.66789342,144.3498015
2051,1,30.52396849,23.66669567,0.235853101,15.8296194,0.121186433,0.775347926,130.6220425
2051,2,31.03046136,23.71704001,0.095707381,18.30985824,0.170694349,0.764314772,107.2669268
2052,1,56.52139846,32.67891985,0.238336246,23.01250636,0.142320303,0.57816899,161.6951754
2052,2,67.27466752,39.57342765,0.159269065,31.25243462,0.226622893,0.588236689,137.9050201
2052,3,77.00761825,24.80495443,0.25201956,18.09927147,0.092153214,0.322110396,196.4041262
2054,1,18.36325725,14.83605386,0.371726975,7.987467037,0.048272545,0.807920602,165.4660436
2054,2,11.98747447,9.64102192,0.3026658,5.582004354,0.038185615,0.804257973,146.1808158
2057,1,62.43787864,39.33509891,0.183999128,29.54899455,0.206860488,0.629987754,142.8450394
2057,2,60.18342779,33.99897364,0.18140042,25.97896696,0.178847265,0.564922519,145.2578375
2057,3,59.41483313,38.2203842,0.149108617,30.69718069,0.250274427,0.643280174,122.6540844
2059,1,25.58414316,25.04130423,0.138389519,17.31107035,0.198091499,0.978782212,87.38926424
2059,2,30.26789327,23.44640805,0.084259286,18.77065871,0.199980237,0.774629666,93.86256858
2059,3,39.5467991,25.5968748,0.122407606,20.6555578,0.154907744,0.647255287,133.3410278
2062,1,142.9100289,43.62128321,0.232930561,33.18371977,0.181801126,0.305235983,182.5275811
2062,2,60.39040806,41.79519725,0.295625151,28.18905825,0.190809766,0.692083372,147.7338338
2062,3,57.37470511,37.27649786,0.244305652,25.56492682,0.159067312,0.649702648,160.7176641
2063,1,76.30556236,48.47747628,0.193878773,37.4283319,0.311292074,0.635307241,120.2354156
2063,2,167.226902,48.70002788,0.112722012,42.51541206,0.276655828,0.291221253,153.6761845
2063,3,96.18200002,56.08615374,0.190386722,40.67668531,0.295597091,0.58312526,137.608544
2065,1,86.85133181,54.67644174,0.388695984,32.17340943,0.197580272,0.629540625,162.8371553
2065,2,85.26288278,50.59812785,0.186227549,38.97469209,0.269883275,0.593436748,144.4131434
2065,3,70.80887798,42.19395223,0.14682263,33.46559042,0.228336229,0.595885056,146.5627709
2067,1,44.67916272,32.67591096,0.360177158,19.82287481,0.124660335,0.731345642,159.0150934
2067,2,62.34429976,37.07204378,0.289842706,24.92792783,0.152645034,0.594634055,163.3065104
2067,3,49.75069538,36.62317797,0.253206231,24.73848221,0.172429388,0.736133991,143.4702199
2069,1,63.06830297,34.93853538,0.194456515,26.75376566,0.169732062,0.553979317,157.6235235
2069,2,54.49302594,38.27332256,0.220818634,27.13441341,0.200262009,0.702352675,135.4945631
2069,3,39.88485105,27.38199281,0.313361341,16.79768746,0.106368002,0.686526139,157.9204944
2075,1,82.73366542,38.18754294,0.229786662,29.01280781,0.176227702,0.461571994,164.6325037
2075,2,70.20024452,33.90496295,0.264553131,24.58086583,0.14418154,0.482974998,170.485527
2075,3,25.80814833,25.81652572,0.359896336,13.22739894,0.087492308,1.000324602,151.1835639
2083,1,54.07636998,28.63089562,0.122533479,23.59704396,0.145736298,0.529452987,161.916038
2083,2,88.74843839,41.20805604,0.119649296,33.56779312,0.226830635,0.464324294,147.9861533
2083,3,44.41889765,21.05689942,0.080039044,18.26174834,0.132884176,0.474052724,137.426057
2087,2,111.5591411,35.69034196,0.24899961,26.66725394,0.143382904,0.319923061,185.986287
2087,3,59.83546357,29.55108891,0.408650015,17.34724118,0.089190687,0.493872482,194.4961045
2090,1,65.27361764,40.307262,0.337074994,25.82835151,0.155090386,0.617512304,166.537412
2090,2,82.22907174,43.07424992,0.186393663,33.33654823,0.211091424,0.523832375,157.9246925
2090,3,68.79000897,32.37358085,0.174140097,26.02787601,0.151824898,0.470614575,171.4335155
2095,1,57.92279327,34.85744987,0.148782618,27.32741711,0.190061766,0.60179159,143.7817699
2095,2,54.76559199,34.75030684,0.237532892,24.81881084,0.167137424,0.634528097,148.4934388
2095,3,75.45592953,37.27485684,0.17859108,29.91185878,0.193023341,0.493995065,154.9649831
2098,1,50.31057209,31.76230066,0.198516941,23.59864561,0.16695694,0.631324577,141.3457003
2098,2,78.23947369,41.84342726,0.156542409,34.35581607,0.244755562,0.534812228,140.3678666
2098,3,37.12869926,25.70056814,0.163644418,19.43449547,0.144996774,0.692202222,134.0339853
2107,1,79.47992954,45.33020692,0.238504891,33.15294706,0.21976862,0.570335268,150.853871
2107,2,71.80530215,43.09974571,0.091368227,37.89655392,0.33726966,0.600230685,112.362772
2107,3,56.96826595,36.53449271,0.173464639,27.4517274,0.171902629,0.641313056,159.6934704
2108,1,108.1443477,37.71715058,0.256638966,27.5698961,0.150231892,0.348766731,183.515602
2108,2,54.54590055,36.72901074,0.305627133,24.77718697,0.161753634,0.673359691,153.1785491
2108,3,70.40551947,37.26388266,0.191287791,29.51164146,0.192180409,0.529275019,153.5621743
2113,1,36.75306471,32.25414452,0.142836181,23.39327059,0.173742114,0.877590611,134.6436397
2113,2,161.8926891,29.4871544,0.186771184,23.81330885,0.123268608,0.182140124,193.1822646
2113,3,73.87645812,44.56953608,0.280702834,31.19514916,0.195685983,0.603298225,159.4143264
2118,1,49.91300495,33.50003215,0.153721182,25.81899608,0.171083246,0.67116841,150.914813
2118,2,37.66178567,27.34211851,0.241124793,18.43794493,0.118588043,0.725991028,155.4789544
2118,3,48.30777125,34.8334551,0.273195788,22.52138234,0.142726682,0.721073529,157.7937778
2122,1,11.98574137,16.21272361,0.336049792,6.962642123,0.070812141,1.352667567,98.3255417
2122,2,8.220360565,9.231395969,0.356406681,4.54889505,0.044274524,1.122991613,102.7429465
2123,1,17.56065907,16.57414364,0.286074571,9.651370026,0.069903068,0.943822414,138.0679032
2123,2,30.76759159,25.28412156,0.323663688,14.36198513,0.079199465,0.82177773,181.339421
2124,1,36.49732152,30.70479304,0.463275242,14.93891755,0.088470858,0.841288943,168.8569308
2124,3,58.02807204,34.37380689,0.175018774,26.56846141,0.176410644,0.592365138,150.605773
2128,1,57.14669716,37.50615822,0.288443693,25.10340877,0.167548091,0.656313664,149.8280799
2128,2,45.08237433,30.95669863,0.243915288,21.57889734,0.147295255,0.686669659,146.5009673
2128,3,71.76167089,34.45365185,0.219172606,26.36860507,0.157779347,0.480112174,167.1232995
2129,1,141.1791941,39.27096848,0.311222499,26.83083833,0.135914966,0.278163994,197.4090059
2129,2,51.73548568,40.19161277,0.248201625,26.72811308,0.184116077,0.77686741,145.1699032
2129,3,66.93477587,39.67586294,0.342545441,23.93516575,0.138173128,0.592754102,173.2259094
2148,1,41.27788049,37.29056716,0.478424522,16.1667447,0.093932036,0.903403148,172.1110857
2148,2,36.64051639,38.7237367,0.267754856,22.82994398,0.167784643,1.056855648,136.0669461
2148,3,37.09600301,32.1586297,0.386928475,18.09882258,0.112573456,0.866902822,160.7734472
2156,1,89.7561558,34.69755844,0.444799717,18.80057069,0.093269448,0.386575808,201.5726596
2156,2,64.16375167,44.80719122,0.376882251,27.54464371,0.177922297,0.698325613,154.8127704
2156,3,43.62869955,26.09033682,0.394260704,15.54909563,0.083787954,0.598008584,185.5767433
2159,1,119.9044318,52.10526185,0.193209726,40.38655219,0.25657793,0.434556597,157.4046224
2159,2,88.6173884,60.29350212,0.230545357,42.89279596,0.331879021,0.680380038,129.2422637
2159,3,174.6785573,60.11101868,0.218352623,44.44620177,0.262058114,0.344123627,169.6043717
2161,1,91.01222079,49.56262861,0.20446917,35.51378694,0.234402392,0.544571138,151.5077838
2161,2,94.95642302,45.38687708,0.219955616,34.13445792,0.216770915,0.477975851,157.4678869
2161,3,47.2660998,29.61741567,0.145897731,23.36737607,0.160468048,0.626610103,145.6201179
2162,1,25.67723894,18.73104252,0.083855963,15.4340201,0.126791529,0.729480399,121.7275335
2162,2,65.24403373,39.94518388,0.282873112,26.46239289,0.167562752,0.612242708,157.9252702
2162,3,99.50974601,25.86902286,0.090297706,23.13487633,0.135424257,0.259964716,170.8325882
2169,1,67.8978561,41.1459199,0.185193774,31.75789576,0.231348381,0.605997336,137.2730409
2169,2,82.33075562,31.11840185,0.320358853,19.69268163,0.101983326,0.377968131,193.0970719
2169,3,41.40040168,28.18768442,0.243152704,20.10755861,0.12104102,0.680855337,166.1218536
2171,1,52.11977275,29.53349142,0.421985221,15.38043974,0.083089622,0.566646589,185.1066279
2171,2,34.32766851,26.15957287,0.331633688,15.15057867,0.090659201,0.762055042,167.1157313
2171,3,96.57798645,44.22151042,0.300473468,30.07607374,0.172055479,0.457883955,174.8045102
2172,1,57.64016487,33.44778073,0.207924116,25.03098712,0.166404976,0.580286,150.4221071
2172,2,44.94279097,31.3141449,0.259131635,20.70059673,0.146157805,0.69675568,141.6318255
2172,3,74.82080211,31.64193961,0.181265855,24.2051494,0.137961829,0.422902972,175.4481625
2174,1,140.9679524,40.22071481,0.087944678,35.96748864,0.226474465,0.285318146,158.8147637
2174,2,42.9214154,34.03278228,-0.198190313,35.39859079,0.194579765,0.792909133,181.9232888
2174,3,72.62783161,34.72518234,0.11483943,29.57413076,0.194152372,0.478125005,152.324334
2177,1,46.77501221,41.37057642,0.312008284,25.88831684,0.174008668,0.884458912,148.7760187
2177,2,92.5482184,48.49609628,0.261592339,34.40160796,0.21514782,0.524008967,159.8975437
2177,3,62.91743054,55.30725657,0.460031209,24.51032653,0.148518029,0.879045061,165.0326677
2186,1,67.39611913,37.94639511,0.371739015,22.60060234,0.127772572,0.563035314,176.8814855
2186,2,58.7950347,34.17446364,0.149414117,27.94673266,0.204089307,0.581247444,136.9338407
2186,3,86.29490364,39.93366936,0.263393527,28.69249788,0.168998454,0.462758143,169.7796471
2195,1,53.09872985,39.84597924,0.298123345,24.74193325,0.179373783,0.750413039,137.9350585
2195,2,72.38848692,38.74222542,0.200780897,29.13486153,0.201450555,0.535198718,144.6253724
2195,3,54.81995518,33.5146144,0.251710582,22.9475322,0.143035785,0.611357931,160.4321059
2198,1,56.17541177,39.33073199,0.14731522,29.6858233,0.21625279,0.70014141,137.2737124
2198,2,65.43346834,27.90282193,0.546179861,11.96120695,0.06622464,0.426430428,180.6156583
2198,3,34.70477812,16.90904589,0.255348049,11.79451402,0.064320703,0.487225299,183.3704153
2203,1,38.69966468,42.39796741,0.30948376,23.83343887,0.193803922,1.095564206,122.977072
2203,2,31.76392361,33.76036502,0.40837576,15.76259495,0.112226041,1.062852481,140.4539874
2203,3,63.06509064,46.01073581,0.391977112,26.36982326,0.158728933,0.729575354,166.1311694
2206,1,90.02395905,44.58453684,0.109105457,38.41651285,0.268316456,0.495251901,143.176134
2206,2,82.10741956,48.52826013,0.140065637,38.8567639,0.280913141,0.591033799,138.3230552
2206,3,223.6341154,51.39072157,0.388620616,30.62751998,0.152498156,0.22979822,200.8386251
2220,1,37.3387303,41.69460962,0.498722115,15.85526102,0.102312508,1.116658475,154.968941
2220,2,55.93637173,35.92249795,0.357769158,22.13466944,0.132348039,0.642202861,167.2459192
2220,3,53.6463076,35.6650992,0.228135694,25.6124416,0.180674636,0.664819273,141.7600288
2222,1,77.17079795,48.31664299,0.313976696,32.39652708,0.210176244,0.626100083,154.1398136
2222,2,97.4363124,51.70488622,0.170265183,41.37603641,0.295496666,0.530653151,140.0220076
2222,3,91.75988594,43.34534968,0.179173541,35.16606739,0.225324288,0.472377981,156.0686942
2226,1,39.73729332,25.91484242,0.105134875,21.09423954,0.169008248,0.652154192,124.811894
2226,2,47.84251067,28.08385082,0.079749668,24.29372869,0.203680426,0.587006209,119.2737524
2226,3,40.99283282,28.02334547,0.074400561,23.77618954,0.186045839,0.683615733,127.7974808
2227,1,48.66847476,49.75263551,0.292096431,26.40136311,0.194192852,1.022276448,135.9543507
2227,3,59.37180923,43.95219519,0.231792425,31.59482088,0.230645093,0.74028728,136.9845786
2228,1,55.67416769,31.67303728,0.132795256,25.77945761,0.166153728,0.568900059,155.1542534
2228,2,49.79689918,38.379749,0.255312179,25.41611267,0.190729315,0.77072568,133.2575051
2228,3,52.03394312,34.34034756,0.194854629,25.70358231,0.190120623,0.659960508,135.1961818
2234,1,97.38811544,43.46105897,0.23282269,32.08496435,0.189018516,0.446266557,169.7450865
2234,2,65.8707484,36.54739968,0.131587951,30.13249762,0.209172972,0.554835045,144.055407
2234,3,67.98173084,44.761705,0.143326024,34.10530303,0.263380332,0.658437266,129.490698
2235,1,44.60095202,43.57104894,0.311187079,26.42093563,0.200782755,0.976908496,131.5896658
2235,2,56.66345907,38.8436674,0.290155221,25.60775012,0.165419579,0.685515287,154.8048319
2235,3,59.7569878,37.49338904,0.151665452,29.29661903,0.206057664,0.627431041,142.1767988
2238,1,71.05467875,41.88580749,0.108034016,35.08634646,0.278104889,0.589486973,126.1622785
2238,2,88.70539774,48.70354442,0.275402196,32.95045778,0.188899135,0.549048262,174.434138
2238,3,26.11496868,27.90273669,0.13265256,17.69369912,0.312123971,1.068457597,56.68804951
2243,1,30.75058276,15.74121572,0.073796702,13.98490543,0.109860974,0.511899753,127.2963903
2243,2,15.46113651,10.38230149,0.160163103,8.217025345,0.053205411,0.671509593,154.4396555
2243,3,22.66093678,19.1124114,0.069621344,15.64843012,0.170481706,0.843407825,91.78949746
2244,1,66.86152899,43.82847618,0.312375863,28.14278476,0.176172659,0.655511126,159.7454731
2244,2,55.57920649,38.12127072,0.292066102,26.09696082,0.196684174,0.685890878,132.6845993
2244,3,74.49320132,41.01194115,0.320071033,26.68798798,0.159216997,0.550546096,167.6202195
2246,1,69.69075211,44.27986464,0.22074896,30.96556294,0.216143981,0.635376478,143.2635912
2246,2,68.66333818,34.26856765,0.212847967,25.9724858,0.153507796,0.499081002,169.1932689
2246,3,94.09295578,28.7366529,0.222430384,22.28254626,0.115709119,0.305407059,192.5738131
2254,1,65.26342998,37.33902776,0.24744704,26.61192578,0.169118531,0.572127879,157.3566517
2254,2,77.89859069,38.95378209,0.212846217,29.60357406,0.1857988,0.500057597,159.3313523
2254,3,43.66428501,30.67556206,0.298501001,18.8990405,0.117385536,0.702532105,160.9997377
2262,1,29.49846706,30.15142456,0.490068983,12.04894329,0.070145421,1.022135303,171.770917
2262,2,61.49514759,39.6171262,0.226403127,28.40822952,0.201659855,0.644231744,140.872012
2263,2,41.60816726,39.01987177,0.331732779,22.32604205,0.145760603,0.937793571,153.1692487
2269,1,64.1685286,41.41367594,0.274224623,27.15071134,0.172829887,0.645389209,157.0950014
2269,2,100.032736,35.77266076,0.178480819,28.52229397,0.172389795,0.357609541,165.4523342
2269,3,76.24146741,40.58914548,0.157612595,32.40631859,0.225076306,0.532376236,143.9792538
2282,1,105.0738706,28.79344756,0.092600503,25.74527422,0.140738072,0.274030521,182.9304172
2282,2,58.06959403,26.68070535,0.171090559,21.49206297,0.128425488,0.459460856,167.3504481
2282,3,74.78420915,36.32635753,0.120992944,31.22777571,0.207604608,0.485749036,150.4194729
2287,1,30.07586536,29.07039335,0.376894775,14.88169463,0.094255626,0.966568809,157.8865396
2287,2,37.47062919,25.80330273,0.200789596,18.49008195,0.124998074,0.688627421,147.9229348
2287,3,17.50133517,17.14000097,0.469619124,7.297429532,0.042935427,0.979353907,169.9628964
2289,1,64.49549906,31.35597918,0.101438966,27.24795119,0.185130241,0.486173138,147.1826053
2289,3,59.02538649,38.03799036,0.1369612,31.29944073,0.25922495,0.644434414,120.7423928
2296,2,51.51819246,40.6177792,0.2884218,26.82287972,0.197590199,0.788416232,135.7500517
2296,3,48.02426169,40.75193731,0.207242067,28.03673073,0.181451444,0.848569783,154.5136821
2297,1,60.24674237,47.38338684,0.164610874,34.63060391,0.311059247,0.786488779,111.331215
2297,2,36.6749207,33.1036323,0.108615845,23.72888126,0.229362788,0.902623146,103.4556715
2297,3,81.1673362,46.13505373,0.085676581,41.06682599,0.373592523,0.568394331,109.9241111
2303,1,133.5094521,45.68978639,0.286771063,32.05416807,0.176563866,0.342221361,181.5443261
2303,2,46.84003617,48.03788028,0.401408255,22.59485172,0.169652077,1.025573083,133.1834665
2303,3,66.46994437,39.69745184,0.203396468,29.29120912,0.193167976,0.597224087,151.6359478
2313,1,173.4124401,42.30146131,0.244091546,32.20042914,0.167020555,0.243935564,192.7932112
2313,2,127.4747031,37.97988331,0.201652473,30.16403394,0.16119317,0.297940551,187.1297273
2313,3,77.95001835,39.34566696,0.196000675,30.52281514,0.193895178,0.50475507,157.4191553
2319,1,126.4851747,43.3766592,0.448476055,23.05808222,0.114470316,0.342938683,201.432852
2319,2,56.42297782,48.90426703,0.415004578,25.02150092,0.159621109,0.866743815,156.7555888
2319,3,89.96784588,47.05205718,0.267424947,33.42435239,0.203322182,0.522987482,164.3910766
2320,1,109.4905846,52.68753454,0.171868378,42.62753466,0.292079035,0.481206076,145.9452051
2320,2,83.54660994,45.46987677,0.190514396,34.93203283,0.218626982,0.544245623,159.7791476
2320,3,91.99289955,47.16850102,0.344190222,30.88897604,0.146491266,0.512740671,210.8588238