Km1_CO2,Km2_HCO3,Km2_PEP,Km6_CO2,Km6_O2,Km6_RuBP,Km7_PGA,Km10_DHAP,Km10_GAP,Km12_DHAP,Km12_E4P,Km14_GAP,Km15_GAP,Ki18_Pi,Km18_ATP,Km18_Ru5P,Km33_NADP,Ki57,Vm2y22,Vm3y22,Vm4y22,Vm5y22,Vm6y22,Vm7_8y22,Vm12y22,Jmaxy22,Vm33y22,Vm35Mc_OAAy22,KaRac,tao_ActRubisco,Perm_CO2,gm,BBslope,MRd,Vm2y23,Vm3y23,Vm4y23,Vm5y23,Vm6y23,Vm7_8y23,Vm12y23,Jmaxy23,Vm33y23,Vm35Mc_OAAy23
1.39381071146287,1.16167737235514,1.12182030683706,1.34647804894576,1.20157537478622,1.48823659851762,1.32962268002123,1.15492894674832,1.16850491665122,1.31091635768219,1.40090838696647,1.44340465217411,1.38402578840623,1.51167560183225,1.49599151687371,1.27071212481029,1.27924326088162,1.26709499331393,1.4122810498275,1.16717687498871,1.12213003571004,1.87325743691415,1.23582454722011,1.39591716448259,1.35921881817151,1.32643937587359,1.30197956985452,1.25124924756665,1.51846979951632,1.2441812794224,1.10545392399214,1.27243450999476,1.09294113195222,1.23256096553641,1.42317500095503,1.49353380882502,1.17938708931787,1.76642155851916,1.27133564252681,1.32708229774097,1.60987536397024,1.06016357707809,1.16614525888244,1.46444172256224
1.89465536169685,1.15283747235595,1.46467278418741,1.14393462476472,1.07680795990166,2.17583188982254,1.47614385335608,1.17817377695397,1.13374990272193,1.54223827273308,1.38202363971647,1.33153415025941,1.62823983547187,1.85443751492981,1.43190084237686,1.44869370422512,1.0956906367589,1.68504385318867,1.41237583691224,1.48046641811446,1.40282029706211,1.36553252822491,1.28352608182806,1.11575527344251,1.17265689247749,1.49632312042517,1.259896319351,1.14986621584359,1.48930090772296,2.15213105735527,1.3045951017162,2.44227233645631,1.10504825704913,1.13857065466569,2.20132023902354,1.23098229625787,1.18391537190286,2.16978608740901,1.21988891778483,1.48146766301817,1.28700761580746,1.19942138138387,1.06125035761182,1.27796848987087
1.06590534954802,1.06750157258478,1.03590990663903,1.18585058942297,1.08810033874712,1.23456415068199,1.19032136770019,1.21086503356505,1.07073763923929,1.05009956410515,1.09012956886733,1.46362880533375,1.2059100343819,1.12322133917358,1.07175216407455,1.08962422480436,1.28455078799717,1.05739737111543,1.06065584207863,1.0928915928874,1.09480479609541,1.08177164277565,1.06766469831873,1.19831601425184,1.17940447407121,1.12008102431746,1.11670557690495,1.0847546204676,1.1170635652436,1.13986130607322,1.19141666553556,1.15385539090813,1.01693845690721,1.06248383671718,1.04712372584895,1.11366787275007,1.14650998677936,1.0217403648698,1.16645087723804,1.06634204850831,1.11982545577048,1.04250812146862,1.27708596017711,1.12436368847067
1.61710734265253,1.57270850315733,1.879063483899,1.13305397711375,1.33760213987222,1.38378072290401,1.04305817506687,1.22456524356067,1.51899419582131,1.50804821446516,1.25864970517308,1.43171378016096,1.3910965200481,1.63234457822077,1.07847394030818,1.85485539590433,1.30637917542168,1.58548549018949,1.44022934742009,1.15327059802654,1.13729756364234,1.15231579441905,1.2521727599868,1.2201465123323,1.29455481984651,1.18801368278793,1.55325961354277,1.34475286266135,1.19700022986214,1.12806096080038,1.2944872861337,1.28508019353237,1.09876035862017,1.21786612182238,1.70755169646299,1.34341269089049,1.06843396248779,1.20699655243821,1.49024711489037,1.20318950920202,1.6306002212453,1.91356614064632,1.31999647236148,1.84473766846546
1.12330760036545,1.43109013143449,1.35050554241449,1.21929831880876,1.17066935552823,1.10873742854985,1.03963576563853,1.26304631895225,1.15692721396521,1.37547891734068,1.11324473969585,1.18568059264228,1.50923313948626,1.28649954038892,1.19508786072649,1.15000186506925,1.30362944511559,1.48094782627044,1.18842848210389,1.08627411102804,1.36270734982869,1.10913621708675,1.21843591181104,1.13724318057156,1.14574336786518,1.07581278576428,1.1195869291448,1.15188539691436,1.38543976835015,1.15310080856142,1.16118298404359,1.38581975447561,1.07211299856372,1.19225252718662,1.11900344747792,1.18322963406673,1.25580013796942,1.2553405474643,1.44098319853311,1.12080019468191,1.16822054413288,1.20263229076951,1.29309954486008,1.28778321400573
1.26444183070553,1.08204631550257,1.42029497759954,1.33423293626834,1.44109663659368,2.04433108097299,1.35122715361514,1.58148937349908,1.15656688429151,1.21043942624224,1.4700124278069,1.51919993348616,1.45598917039172,1.31688884558018,1.32574890972515,1.22019077251043,1.15974115993719,1.34862827015056,1.55985267733639,1.19003722603464,1.29910977496696,1.252081794864,1.35446901678024,2.34237161723148,1.75410912013448,1.26995000372779,1.40404714679531,1.70811012574885,2.26895492089189,1.41179311601311,1.11002012236718,1.13057943201225,1.16371698956351,1.1093624880343,1.7599629233962,1.18661097807031,1.35655416483593,3.1037074148511,1.23556998344056,1.1268730755259,1.23160123988263,1.11966086043663,1.56116447394878,1.32477096657668
1.09732004270884,1.10029986776896,1.21408779313651,1.09126360785039,1.15143106700113,1.20982263398951,1.08261898142689,1.12838424139932,1.07858704387124,1.07264149570387,1.14639902687876,1.071459533198,1.25633382693167,1.19161207329728,1.09945104564867,1.08988150411163,1.19551700397941,1.0867827089438,1.18587160186858,1.107072738521,1.17862745410367,1.10727654897265,1.08728884421378,1.14399565328551,1.08234045961295,1.08997861472676,1.19792564129795,1.15237197198303,1.25130713391994,1.06672816389963,1.17697329019346,1.27313528613074,1.0585758360995,1.1058162413019,1.16756862857722,1.13594638583808,1.09426943167028,1.18583696300574,1.40656467674392,1.25873526927822,1.22946898251681,1.0823171146907,1.05748613154815,1.15350983678054
1.10437811748421,1.25635415402456,1.14430173667118,1.12589014225789,1.12289060508924,1.36326459384513,1.16237552063923,1.34228699628603,1.35163970949268,1.30000717231556,1.06722313979205,1.15511901258702,1.07669260523139,1.23058610707427,1.10686913387669,1.15162646986192,1.07453718324275,1.13087636910298,1.1279482303337,1.07149151781451,1.23036469147329,1.08242530329389,1.07867026499558,1.13899219489463,1.08001155768676,1.12486298961938,1.0862892828735,1.26627290635923,1.17790845891696,1.28080122447298,1.38182865179618,1.21013308901325,1.06234506876365,1.09095823861159,1.19409246549805,1.07366613737803,1.26481602881441,1.11960722443373,1.09019567502005,1.10461876848476,1.14693329878073,1.22477423361152,1.23185770344852,1.32587892138855
1.39273178789027,1.63868167040199,1.55197551820246,1.39578570594108,1.3244655766636,1.98449946382004,1.11166231330448,1.31367787668045,1.56666029759335,1.10985637798794,1.41458902719321,1.59159909551954,1.24010642583888,1.33665817746466,1.25907776146427,1.09699314874396,1.21531811672983,1.07756159006195,1.20004040412257,1.50489226692671,1.16600810934893,1.14103276234084,1.46436149781736,1.24851947175096,1.1117236655766,1.19649696923673,1.31120057817455,1.50320284202098,1.41093581805514,1.25087255613282,1.11296805112047,1.05295867542444,1.09894244803592,1.16804811320514,1.13670862798751,1.05811539363288,1.2310390254919,1.83377668032524,1.10389949851658,1.10510985791185,1.17010751313892,1.03719616648289,1.25891878640509,1.17207378326403
1.2051156774416,1.15444641887308,1.05685184607858,1.1322780151065,1.12485987570198,1.2598149206026,1.14988317623043,1.27551629215219,1.41768944357789,1.18074732751801,1.13500793554946,1.07586540648571,1.10472953372346,1.0663289593569,1.14040861004828,1.12121864746165,1.18023674888353,1.3090789744334,1.3574213522481,1.39208617450982,1.07474915188107,1.28614094962277,1.11196144147486,1.49096785254185,1.30911332840009,1.34808664228886,1.26759215516871,1.18002181953597,1.11348647048516,1.26496035332939,1.51886060817339,1.20273513874345,1.11480390344777,1.3279854900375,1.28876048172461,1.25583840648908,1.44268672837404,1.08947331577264,1.11250954516837,1.19423770091951,1.05911595350445,1.25942610574224,1.10457165789885,1.24346144078571
1.79314235741533,1.38333049820275,1.10114691182193,2.14532244080813,1.38714558102108,2.44551647763518,1.48004521446829,1.65938705701279,2.49884096474855,1.12493728924963,1.56416158441564,1.28048615061117,1.37146283303439,1.69446403456376,1.31351288116872,1.59914451612663,1.39425502684254,1.2326561974874,1.2878217083471,1.15897401567265,1.66959848703312,1.29873534504326,1.38966404767079,1.30502516193375,1.43142702236926,1.43191336094332,1.68846417777978,1.40527078570355,1.59794617818845,1.3609994765711,1.49589361673134,1.45191506527711,1.07757723851623,1.47115498095613,1.4695902397003,1.43391644334378,1.46463082550981,2.03208955582445,1.32639712094189,1.73546987031435,1.80380784170491,1.6770260810838,1.8702354397166,1.81504325092352
1.32224075448366,1.3168382093512,1.54712211222951,1.31904177402759,1.33043989015386,1.83136274017629,3.13279750116673,1.40724912419449,1.63742874490494,1.48525367981104,2.09698019221304,1.12617351448089,1.89238894898079,2.64922747722452,2.91657716763234,2.23673203573143,1.83421438337075,1.33034240934346,1.15681871141215,1.39158410892452,1.30904487818217,1.30306382686504,2.62277743632106,1.5300985866217,2.26009665972012,1.59374430882213,1.37475033964263,1.76567083054955,2.68057072586927,2.11379206992536,1.64100410153097,3.8488461370852,1.16672603530942,1.48651721957884,1.08262797887636,1.42042731930992,1.48548202772924,1.32810819808516,1.34769940949917,1.54497166844691,2.63284191325906,1.66160653391784,4.03605403870528,2.55289279860756
1.26570187900122,1.14967242052116,1.22221600878523,1.25906157707381,1.21059473875288,1.28287257183254,1.18642014196353,1.13856573946463,1.08803526285044,1.22299636695658,1.43892196188633,1.24545453263657,1.07810295892923,1.16296875709624,1.17544070162201,1.12978068842293,1.13694412946507,1.0472839908663,1.07893443211294,1.18262789243931,1.04972144992746,1.16318854701973,1.04809823767665,1.14193252896284,1.1795148031292,1.11004333477957,1.21709551814976,1.05951918901411,1.31036721705704,1.17908664551327,1.13758357651372,1.16736849348072,1.05828836783852,1.12339925305163,1.08002742102386,1.28076197414252,1.14900077406316,1.10442437137443,1.21100736936349,1.14211318245649,1.0915597332729,1.35801038896635,1.20680995044602,1.07772996487859
1.42327582798513,1.11108960608262,1.03199986532311,1.18974792802581,1.17512998480152,1.51096208134799,1.04160281938859,1.21645434368192,1.25231185825712,1.15719953863787,1.06457415474172,1.12811708437744,1.17797440113448,1.47967095977513,1.10657655303275,1.02587163054381,1.17280728582855,1.22420393959311,1.19581606160221,1.13737122784955,1.2214998687555,1.02674954620024,1.53619582354102,1.16660164875125,1.35078917424049,1.25479517959507,1.15375231698129,1.04273650715688,1.05099994032406,1.12217835448371,1.15227687281949,1.31913507247539,1.06650370095473,1.30110997078654,1.19507746609485,1.04166232701988,1.24267312638286,1.23639990832575,1.03846636908385,1.27424747982619,1.19791397339928,1.12112859174677,1.18218641164714,1.09870454218309
1.33415981439478,1.16135330234155,1.05101887234979,1.15827885722883,1.40186095540131,1.35618900941274,1.11858904213494,1.23167931413958,1.16614118438103,1.1529313184178,1.85141615600828,1.3742627868271,1.36201247173997,1.50825547370084,1.08899027879782,1.35162760670915,1.08671669784827,1.06703807857565,1.38017340222407,1.14877882581783,1.29627169491158,1.11732597606361,1.16958938288401,1.24113605137818,1.41167677369155,1.45138324053522,1.04835392000508,1.22649472645547,1.2749914640506,1.14064730009012,1.21314619217228,1.22462688970975,1.05121114270151,1.19139314628088,1.06627602958708,1.17001569443318,1.43124995134996,1.17016886114864,1.24916722322988,1.17359154367793,1.23637969376712,1.1921077167182,1.26020681562239,1.55952324134499
1.27109473674171,1.49456221642683,1.20957060152031,1.57120593602215,1.5675696266606,1.75185817211321,1.26658224387292,1.4067507789924,1.37168905372638,2.03894945880251,1.63307818559835,1.74387245142989,1.36386137145222,1.93629020498198,1.97929910895588,1.47340250573625,1.33727008576858,1.37477930544085,1.47839656407838,1.3871630020043,1.4632679718477,1.62687604559165,1.48209286772189,1.48067646856482,1.51121635910906,1.25073176625769,1.63801747489384,1.32484461260032,1.46457548424475,1.1467261981893,1.94662842936542,1.51081137110519,1.18605230622671,1.39296199135461,1.23257781453721,1.34158472922822,1.23433910261207,1.47969257786029,1.23937816633686,1.61682156256732,1.32180926593741,1.26915293890976,1.24302810295554,1.49324119073502
1.20385524901336,1.42869001258783,1.19782390556409,1.36115320100855,1.32805971502178,1.7288170371441,1.49507271185114,1.26843561253784,1.45724555399516,1.37640943643778,1.5456372328959,1.2031227893863,1.20453691100593,1.80543193647661,1.33616585314327,1.14634760765221,1.4216200867284,1.0705135426972,1.2553852601231,1.4934417578745,1.07633416474242,1.14793934275405,1.13071198923237,1.38321268065484,1.49890487842321,1.23420928774546,1.53282968159371,1.30749499965752,1.13154952507035,1.30279334403662,1.68600710476471,1.12184292746535,1.08595597414645,1.56783767695966,1.15982584802549,1.09753691457339,1.45643305661251,1.44186880951691,1.26283365471041,1.25835672070338,1.25538004444374,1.093162450068,1.38604358384378,1.48903209668705
1.1671524683159,1.10352192783691,1.15369970642259,1.56850302304342,1.16759190513793,1.89519596839441,1.16866901149414,1.12734264188,1.32570820422084,1.16062902670732,1.29204139082219,1.70445427034615,1.14145946279626,1.22219872916565,1.61969546112654,1.08234411010862,1.27309322507677,1.24327068216789,1.14929218918598,1.23186335720894,1.24900895782464,1.09405546874173,1.32587631869985,1.73102546988506,1.29689929178993,1.26897049274141,1.49486757694233,1.21326972451538,1.03266023770134,1.17793916985844,1.53160907987626,1.43707263433497,1.05301789217101,1.05522942816464,1.06614664989072,1.36661610855632,1.13034983921853,1.19002192691336,1.24692653153865,1.49247042705838,1.48445072160152,1.32323561143512,1.16296421927869,1.61107390268911
1.17667269331241,1.0417816822347,1.25285641160059,1.39591403871966,1.10394194276095,1.10412256403279,1.22746876691678,1.09443262008239,1.12977732232816,1.09808142117362,1.18279407617492,1.23431671586519,1.20466239453129,1.0444201142232,1.07551504760704,1.16162723818878,1.20784011954557,1.25385752088613,1.15528766355159,1.12462668572705,1.09669615374492,1.06795466078179,1.06501154441629,1.16254499613371,1.07944728141922,1.14797217121979,1.08584315434599,1.03577344238885,1.11959208502169,1.12642282131699,1.20512832645683,1.28677464532526,1.01545247431651,1.05484781142382,1.0617790904037,1.22117602177315,1.11083298535164,1.03597294556646,1.10686206553871,1.10963953375074,1.06721706569889,1.21732925893104,1.28836689108299,1.10577222160988
1.10421975079754,1.10540975628217,1.13898310524669,1.28075655099877,1.1118891868415,1.25240157055815,1.11538987607286,1.14494584365848,1.45948030234323,1.60986891382756,1.1022933090605,1.30470917189632,1.23611777454472,1.34055636732726,1.24957728923786,1.06331296889062,1.03916191351229,1.07046971825628,1.17148784017145,1.23449737826973,1.09863604420057,1.09140300373248,1.05185428483666,1.04767074474922,1.57769836521537,1.07002127737954,1.07276087923165,1.05265202935732,1.45986626649016,1.55751623821089,1.24257305384252,1.16317596682458,1.0255453390387,1.06777336212986,1.03753615976572,1.44309710119761,1.18625163692938,1.07097682095928,1.03989054292378,1.18043167291101,1.10995407563204,1.19750856301599,1.09809641317211,1.08379722487531
1.0930355753309,1.08270936159752,1.14572303473723,1.02462059928811,1.19068222416425,1.19965099258,1.11080187783786,1.09131999883374,1.13583743927199,1.0753534054487,1.07110247937159,1.02776231075377,1.08512695192866,1.20168620304924,1.08603532604927,1.02274246144222,1.06165953607752,1.05575542930651,1.09885721844662,1.07734089703268,1.03858535858407,1.03924987000651,1.16635427193833,1.13720445111168,1.13532899885643,1.05729368410969,1.03986515776012,1.08005391354986,1.1431658334494,1.06588326097745,1.05384910965866,1.09456485091612,1.02901775730612,1.07537268785629,1.09747099767028,1.07523584736492,1.07813676014984,1.06818800497827,1.1912440814966,1.06781956014165,1.18573069678807,1.04549118566794,1.09820753084131,1.09630927428222
1.17587119074551,1.13909800687276,1.08694600582533,1.18847867664248,1.29971291048561,1.17331311996869,2.26443940944123,1.06552339069128,1.28791776781768,1.22368762492326,1.43696327640893,1.13475925267923,1.42703536904356,1.67930988422605,1.63314031561243,1.17298797383597,1.12739173599299,1.35766750612797,1.15489913265773,1.07548171937117,1.81627980570647,1.33666228231283,1.79472063946474,1.09153665506396,1.23279328825167,1.11085565562387,1.41428283608254,1.3205356882192,1.51411975429915,1.35784276292112,1.36738919114442,1.61872763143997,1.07800788380853,1.48093835773597,1.19963233156779,1.19124078785919,1.31691171128714,1.18211205510307,1.20573570615855,1.22669796466832,1.26109900155954,1.82567866153436,1.11857777158582,1.23998586146473
1.11482484575981,1.06395405052185,1.01655526126878,1.0133323162605,1.02842778108437,1.01126533353688,1.01242883662985,1.04785190099449,1.04264889205478,1.11168942046751,1.03124292505549,1.11675986274937,1.07210645238631,1.06348161232615,1.05794740571142,1.03146670183415,1.0452715468446,1.05645163777828,1.03236625881505,1.03031177703717,1.05148864563357,1.0273890662388,1.01355949295797,1.05782113599075,1.0301825309742,1.04764655601443,1.06550004858265,1.02052966149115,1.05437001814819,1.05169762248992,1.04243197398268,1.07593094045235,1.07652470168782,1.03687129250862,1.04107917234113,1.04200513339417,1.01345482821158,1.0347030423049,1.04209218963888,1.04313443339065,1.03039537419982,1.01456022223252,1.0320794082795,1.04938693191954
1.0673388055956,1.15327413786825,1.46690333626198,1.10613061225336,1.13381374452216,1.15855903864113,1.33112227285878,1.22819665620555,1.389574060374,1.43100125314988,1.18111287065558,1.19920063304736,1.8378759804259,1.54821193479708,1.416867616109,1.10506972742488,1.24169304814128,1.25295257903106,1.11141840660073,1.06835296757091,1.28095735986238,1.06496501649221,1.13189664758771,1.08574201631351,1.10143282408188,1.62306239656765,1.32145434192799,1.11976021172814,1.33942780566425,1.08922381711749,1.25997389319427,1.31943495684106,1.08984843024975,1.13634685348843,1.29573264288943,1.07895095711587,1.2324301303733,1.47005254732601,1.10513123583911,1.29445360655198,1.38696386699831,1.19049147891204,1.35284410629229,1.17636933389894
1.21159733532711,1.12318208931516,1.37039396948255,1.35139349105225,1.11625436793761,1.12445323415177,1.26406986915252,1.28606843344831,1.12633293473302,1.23712758351223,1.09749874933062,1.20129391504996,1.21426334762301,1.07375817240957,1.32677055685927,1.20989142805203,1.14183344565059,1.13560166122288,1.19558728837353,1.19441093961401,1.04895560974059,1.08856749899392,1.08995119320337,1.37660987762076,1.0967041233898,1.13570529481697,1.31601910325394,1.07878260557305,1.15791260767303,1.06484438628342,1.15741065789301,1.11797360150368,1.10067259023447,1.13821039220528,1.08657622930743,1.17641659771452,1.30502350477326,1.29939578974644,1.15886057480913,1.28786151061084,1.1267131378438,1.29933119851837,1.09641932609439,1.18848581959872
1.17082967456622,1.14691124067876,1.35184594533793,1.1522617575252,1.09105850595321,1.2012148780843,1.15964857905935,1.10591678292327,1.41378807383907,1.14481129088459,1.22771698333705,1.05508292349326,1.11032896168575,1.6188865670144,1.46177035448241,1.13473162019629,1.11307065882411,1.06352031692257,1.05732331195706,1.17356001376694,1.1498987713408,1.14141337349669,1.28633600543835,1.08241741976622,1.092810250345,1.18028371232067,1.16660797358215,1.18834426856829,1.30354445793689,1.11967065149967,1.14736546207383,1.15641434275686,1.09780545768397,1.15672201481048,1.07436523801387,1.21344604392214,1.34885872124013,1.31153273099845,1.07438220432636,1.16636012929082,1.26241991067328,1.19715145594336,1.14890978352036,1.24587485322956
1.02753594366571,1.0593972719505,1.04564842121057,1.11208035156394,1.07135181008247,1.12231954116858,1.09244151568557,1.02027299138293,1.27255776620174,1.12993053394228,1.08028497431606,1.32656508385382,1.07685992043591,1.04451269026684,1.19043182199882,1.02725610753723,1.12704541910264,1.05505762556583,1.03671261637867,1.03928609461781,1.0735178730308,1.03054323017734,1.10592188669449,1.08296270975765,1.02529707387939,1.12650238425519,1.05274965120645,1.13235640786446,1.09434795630114,1.06323824372184,1.06596074392445,1.21574952689692,1.02599840291522,1.03200245214537,1.06475744902457,1.18920079184049,1.18364420936152,1.09080083650781,1.07481345460855,1.04608083032299,1.0400098187303,1.13196445124273,1.1597519091414,1.22577223605185
1.19979637190851,1.06000610386471,1.27352272692719,1.09768594933715,1.28950190384322,1.09557014832491,1.20800704309828,1.23938541915754,1.30201883383211,1.0872112753175,1.45452544934977,1.12231190311733,1.26947132423234,1.19621029459352,1.09842050154323,1.11322507965441,1.26274401894486,1.32050586083384,1.09518336775326,1.23045999996846,1.24723232674281,1.10354428544559,1.01813128895574,1.05894599911927,1.09635658275023,1.16097507409962,1.26332678059578,1.04573860895339,1.08296163991387,1.09974297622197,1.40989655901949,1.89478450841496,1.09612545632268,1.13088665775986,1.06705898341059,1.07320801527591,1.04408578050067,1.03073638005011,1.14211550057642,1.19957273347454,1.45818549010639,1.02349703914636,1.03174432642585,1.01491505536439
1.07664029166325,1.02213892408503,1.04707571462395,1.02394674690576,1.03386037516138,1.0273887419304,1.03484369161043,1.02634640717744,1.02821599108193,1.04704036057587,1.02483755601907,1.02844965979738,1.03630739489954,1.05225014733953,1.01462888104713,1.010121691962,1.04076707418886,1.02398473399373,1.02714709952723,1.06095620119278,1.03191394958897,1.04844491326622,1.01040634434127,1.01853582977036,1.03672479454075,1.04106165365896,1.03250683920191,1.01589274546225,1.02492806072671,1.05340404450531,1.02977499193354,1.03799150905926,1.01001573137137,1.03130110770895,1.06080974526398,1.02025897888609,1.0456521346056,1.01377542093414,1.02831363629591,1.05418119854462,1.01975835389505,1.06349377373372,1.03805339839557,1.05454527224736
1.51584912458034,1.23227657499852,1.12736757521131,1.24669771870316,1.20619533761325,1.27071066371673,1.07434369159548,1.18041351922892,1.67009632752147,1.295557899833,1.1253978220136,1.09304845648424,1.43100350262484,1.49085654955067,1.5855586834069,1.29289345551044,1.17783214499928,1.29550867956256,1.16642779807772,1.12902308380972,1.09419424596055,1.34818297210765,1.30564516597358,1.333314425315,1.1346072763511,1.1977943031165,1.60859505849017,1.14415881503325,1.37017399161858,1.11975030767859,1.4640111692254,1.14552495040095,1.06995621617419,1.14452016878013,1.08665074970257,1.0694428389203,1.18222776115315,1.14122304268587,1.14244771405454,1.4658335464472,1.28565918986407,1.21245804696564,1.37171375961155,1.50936250524207
1.15681878709591,1.21572567615596,1.25963342827491,1.30799565968036,1.16436301788276,1.05593307703739,1.18896496687004,1.20722572390886,1.15729712492056,1.20376978457131,1.35080863869595,1.41279513300947,1.1134246145906,1.44289231127179,1.27142401980969,1.50236271901403,1.26489922591022,1.1536879609848,1.18690029070954,1.1365223008401,1.17026294387406,1.45359712082245,1.33260524860782,1.11178577025125,1.25350220822248,1.26897126391349,1.339374660996,1.2600181693625,1.15480653686718,1.187712866303,1.26937166395641,1.15443256608936,1.05874282652138,1.22723767522231,1.22932387415289,1.37926345163308,1.23195900506359,1.23500911079813,1.17854302968388,1.11023368715356,1.22764042616607,1.40555900686974,1.35855746775487,1.2129294733733
1.30135168787555,1.12533784372864,1.22506910220703,1.16328527061913,1.10346482441608,1.19962907971998,1.16078932059431,1.15508774850905,1.25326093988571,1.12025141836714,1.24176251832694,1.07277826256522,1.28741789249202,1.0479469390696,1.09416187190713,1.19453259344485,1.14406240199765,1.16779669096305,1.13381396984431,1.14555936039324,1.08422511863835,1.1025410460188,1.13009536444425,1.10055179596301,1.11038649121196,1.09773108097243,1.09315076390209,1.13034483285613,1.09567704328816,1.08086675570591,1.12512518144109,1.1809567317079,1.03624735056534,1.04817486720185,1.16922749961504,1.14152694761309,1.21184246778053,1.24807788288027,1.08105649633586,1.12163542072213,1.04758940274401,1.22626681383923,1.09990474567581,1.043085276297
1.11800483900935,1.28853396286321,1.16743259911801,1.10173639400337,1.08872781113208,1.15675003810168,1.16800382771117,1.65842545396621,1.39330295748131,1.15412241073431,1.51243535249159,1.39713812852751,1.54399591533826,2.06712457970139,1.19190586998113,1.230485389069,1.16340797234737,1.19465383951746,1.17702054102868,1.27251635637647,1.06180880534336,1.33041546212113,1.11165102133141,1.20506166553074,1.2151372700869,1.20473111434638,1.25779112859576,1.2669839898952,1.26243652817009,1.20288215401654,1.34251270055327,1.08098679713647,1.06042683816339,1.27583604958074,1.19958345992829,1.25075594885788,1.27349845339993,1.49913842933283,1.09963970344825,1.29122691646936,1.26434357200394,1.12770267018334,1.16278668512987,2.05888704078535
1.18096119853144,1.23609546605036,1.31591537655568,1.25312493515946,1.13202149751601,1.68159026820132,1.19447497573849,1.07963355838284,1.19633180939977,1.25710248376315,1.23845780159751,1.12561360602729,1.18270888973317,1.18940010272022,1.54861111282398,1.18735714798298,1.24701113152364,1.16885413330175,1.08471910668025,1.27444015632699,1.23914642468282,1.36557936921331,1.11902753729787,1.19179315983836,1.18957704378029,1.18133020030895,1.24664542932939,1.40105248318043,1.33706082674001,1.59158359709843,1.13002963095326,1.4669400840795,1.10671154474416,1.23135476913021,1.13245717824959,1.24235902774837,1.10115653156494,1.22008690218627,1.08718360376377,1.42281452863872,1.14950054486602,1.08538337591273,1.13587222801066,1.26449346915706
1.0863874298904,1.09038171248925,1.13909978428689,1.05016238602732,1.14300726668018,1.24755127420574,1.06129644812302,1.11905243644084,1.50892085597388,1.16588239691912,1.18870403635046,1.30754810013521,1.21457891151594,1.0268422416653,1.34132854977019,1.55573492586041,1.21790202647623,1.13131872412589,1.06286869736683,1.12155159276306,1.08336727601607,1.28754841756924,1.26891712063152,1.22556257345335,1.31909554262715,1.08476721273777,1.07671680288875,1.47356491842439,1.33672548029628,1.22484813242797,1.1157532319575,1.24231701383582,1.08005538660667,1.145930740655,1.07769400396731,1.136035345256,1.23226414552736,1.10560768644635,1.09422356486772,1.05354454736215,1.49601643296323,1.1544494824765,1.14782293928117,1.1489468210427
1.27069234984088,1.15434522888244,1.22392537310995,1.20273956546148,1.17897188463397,1.29769099126786,1.17519706028094,1.2889903837445,1.08391049054048,1.11623779908656,1.1343142330969,1.15421350011343,1.13293193796461,1.03243159221129,1.06963866747704,1.31052865734926,1.36611621563439,1.12967982220753,1.27779503031148,1.34064224845247,1.08118043192663,1.11628020957629,1.79773855789205,1.2978108785188,1.11065319581934,1.07780292857826,1.1195735541487,1.22346689490281,1.29793016946995,1.18328996702933,1.26038007921941,1.67386231083247,1.06042017040691,1.26793614303338,1.21485734016725,1.12504332690493,1.39087996744281,1.63858113804022,1.10121440121967,1.16650436138289,1.17370399278833,1.14648225110884,1.17516223117131,2.27200084451774
1.10607320720075,1.04517546270284,1.14460615257754,1.15841789241196,1.21165077229985,1.08222781439591,1.08093949793017,1.08046911986239,1.07682370082202,1.08037568948747,1.04753687234928,1.10840605112798,1.32506953428913,1.08589008007232,1.18301900106418,1.06514407026402,1.04152911740577,1.06864879472548,1.10816839976584,1.07285477973478,1.08139693014207,1.14864334428806,1.02559532287888,1.26229233969318,1.14662242130719,1.08495776436731,1.23588064214834,1.05616632685047,1.04591643788111,1.13959456193055,1.12428102965177,1.1378142504828,1.08746605375122,1.07689213318763,1.0848629575405,1.20218208139175,1.09222055020194,1.18272388759009,1.02065748048786,1.15164408864047,1.16224725268801,1.13959984903315,1.10638925583966,1.05673992180199
1.57430918826917,2.40965189816014,1.16499024305923,1.48642433791353,1.18351309786907,1.18326051351645,2.06572446350863,1.35246507444865,1.08080924324867,1.5432744142598,1.19833040835902,2.92765701866325,1.17184038188253,1.23033607636393,1.5985149778554,2.00676808045659,1.48370998700159,1.26569136115335,1.81787497863605,1.8162799914669,1.18723575622004,1.3752544295391,2.22551888478995,1.17009445374558,1.75436094170991,2.32374636915978,1.50349929731162,1.1526570225555,1.08464477524698,1.18040786092825,1.49465336171477,1.1383635149856,1.06284142498886,1.4799327017938,1.83220353007857,1.20435877522394,1.38019529777779,1.16093674683839,1.45121943195237,3.05600823412162,1.77511424579193,1.52910067236355,1.09554636782683,1.74407945961492
1.08114639177928,1.2797359228187,1.16053906814033,1.57128975443105,1.14889039937049,1.27666924838642,1.14337615257067,1.41331597249641,1.47573716769303,1.39968114306889,1.14921108349832,1.27979513567912,1.25048182516243,1.42068072796379,1.30396928661185,1.04704533263458,1.11217518191923,1.31668502701712,1.23670374184332,1.2377281899499,1.19869436284019,1.19495453181872,1.20855854203255,1.34676430093807,1.28871221335671,1.12593210756373,1.21070816143037,1.5522979493927,1.24495113802298,1.36793516110441,1.45201904856782,1.0191388579859,1.09329149215844,1.11817500725403,1.16487689523924,1.24843484861773,1.07092672745936,1.3165825110452,1.11072083571125,1.75322448923794,1.18830389333239,1.36795954749875,1.34089415869549,1.12559317747427
1.19969392992464,2.67540667269054,1.84677613840557,2.20288756172786,1.85937404519574,2.84121073773531,2.25189594855378,2.35869861097074,1.48439790187835,1.87095814665739,1.89202742232554,2.54444656832453,2.38807761492702,2.6340939161004,1.26056968236329,1.52587660963942,1.36170865751604,2.87096724253797,1.62806907766117,1.42535901904221,1.45165244227823,1.23099823968163,2.11450660075785,1.46591607919897,2.11456521840151,1.76156791687882,1.71584792228182,2.03406254511103,1.71739413901253,1.80274884346541,1.85137792338944,2.26029189093066,1.34272776443571,1.33218081036359,2.13827677818718,1.37870826176189,2.04089906011335,2.67238456321875,1.71425816301269,3.09072176839418,2.16422649394338,1.17802974653239,1.50695271377588,2.52742486101762
1.23330678196993,1.28598604471128,1.33423678389022,1.06122981213484,1.33795915181218,1.2841568403599,1.14009797073264,1.17862261208479,1.87703109363397,1.31700077948067,1.45655220375605,2.14652322983904,1.45594906103765,1.19497843906678,1.34035253312248,1.31624248408194,1.237790023255,1.22839575750277,1.15521335090743,1.13491668134046,1.0413251758819,1.40642474780587,1.0691406015229,1.14393103380033,1.36385726283366,1.16033025477268,1.28208743248273,1.12843361355496,1.17928872384642,1.31459491863158,1.63776787983999,1.14239223724547,1.09384270853814,1.18280767704681,1.16633823218623,1.49867405064231,1.4776148245758,1.21906757541773,1.1312804826355,1.19820906316278,1.13451070856263,1.1768220049476,1.29230616648803,1.75870481144333
1.23977580767967,1.11029491083173,1.06757164810267,1.14851809711436,1.24559309947161,1.08011857196232,1.25995546924184,1.35368856832375,1.3587849524378,1.18121075095384,1.36510093194945,2.07716939371941,1.17151374554575,1.10854030452949,1.71145785308358,1.83995179690058,1.28496582734293,1.26606089373719,1.03728019654615,1.16578940613419,1.21583557721759,1.27130024609748,1.15306451539016,1.65311944129184,1.18086195614672,1.31839280647731,1.16291721238149,1.23806056112688,2.44636134179038,1.17971634600176,1.17703480918367,1.23656853315369,1.07799239681393,1.43489992214113,1.11001156757172,1.10187885859575,1.11424127592281,1.04629026780415,1.5903075090777,1.56063512364213,1.97203285874782,1.12316320062216,1.42770052061887,1.3537054863604
1.20823285852009,1.54140541384788,1.19617844555755,1.35294824569305,1.18992758199373,1.94594611375754,1.93340206201597,1.33482776935377,1.5189016895422,1.26211726449469,2.05760834380185,1.76450145899415,1.26797282184114,1.37367874193138,1.92597302422789,1.21700340096659,1.34538936808095,1.46857761433582,1.15082325158015,1.03315444349948,1.51286927209644,1.78271542779423,1.59109547225781,1.30057349365558,1.81939119030135,1.9495059116134,2.41759696098834,1.1204361574126,2.32007299843275,1.21284904242647,1.36476668987591,1.42080786047586,1.2165753322606,1.23175050174134,1.20388665432092,1.22016683729435,1.34716347966041,1.59009547414308,1.81676157532031,1.19354469329588,1.59157743204834,1.18669282524129,2.45334723657201,1.15838609658731
1.10594560986039,1.13286200775186,1.16143118635664,1.09488926786736,1.09489183746313,1.13542508104351,1.14227272272117,1.14378140868221,1.2531436903117,1.08212822925178,1.20986605749824,1.17386459071467,1.21935053569118,1.22559984801194,1.18697386029377,1.03318837459485,1.14492224816503,1.15591328010206,1.05477835906361,1.17991097866223,1.15619715245329,1.06312939970954,1.05308952224418,1.18612027724728,1.15817613012457,1.12758954123931,1.17394332652556,1.10368401663491,1.17522244937902,1.17743533361348,1.23166922288303,1.0690350079927,1.03446827591948,1.15869396899308,1.07234125298384,1.23006624782439,1.06440500059068,1.12734169338448,1.11937249978427,1.15199909086909,1.20072144023169,1.11565967275137,1.06144061987203,1.08061878355938
1.32923885640992,1.10342513661716,1.24250814067539,1.16290625700965,1.14700647712912,1.33305977969213,1.22704567052703,1.34600223863313,1.19793594256561,1.07416145007466,1.37273535452086,1.06315059324672,1.27852828618771,1.35725601427374,1.16824901489319,1.33537007608877,1.32047008142977,1.72863005561141,1.28550133799375,1.63838633614897,1.13081139659825,1.22843577919463,1.16120714301443,1.22590798214207,1.65527698357788,1.10824029033815,1.23226424116671,1.48581456418436,1.30962380183926,1.36355869064345,1.25629251637005,1.19448116648587,1.07562446529604,1.07003932519185,1.3894781264611,1.16929409864765,1.2109858706232,1.30143629896646,1.19120399858905,1.07020517135258,1.30727033555683,1.26304430708204,1.67618988337486,1.06784620374064
1.11053207281488,1.11868109060592,1.08373729974621,1.14772830773551,1.17729743442635,1.1521401649523,1.16103409282572,1.12879678373379,1.06275373760964,1.06846196487444,1.21063681750492,1.09604947492747,1.09859985862394,1.11247678428532,1.07296302377018,1.09775484599044,1.04732558353025,1.03424717761694,1.14362530504161,1.17696524024419,1.06831712096711,1.06108502836766,1.04171894186143,1.15094007004339,1.07141247582836,1.06962968820635,1.13935780043627,1.09312159848437,1.08934851618593,1.19692590286171,1.07909722081682,1.04163373812476,1.03569407780555,1.14781366010585,1.13582954154424,1.4280380179007,1.08465352531028,1.04862594854493,1.04742172201117,1.03383764572093,1.05572672440256,1.11974640869843,1.08998366216814,1.08077078498887
1.49081934266319,1.4145704103896,1.89531316669603,2.31224256374643,1.90112601463713,1.69224675070556,1.47242156955746,2.96120612244987,1.47999199774133,1.24932739289238,1.84287010476243,3.06915259417191,2.76387005322483,1.41399043711723,1.29492604702972,2.16496283664189,2.07322872930002,1.53706721470347,1.68792471114117,1.28629845498909,2.41159448260177,1.07388171361779,1.56205779623507,1.68056192479294,1.35030655550859,2.65784138284149,1.43305084557168,1.38831796176913,1.11740396563723,1.5044295137594,1.59151870364969,1.20064589014216,1.14046971542797,1.12115062166967,2.39209869926098,1.93239351728715,1.80015312540186,1.20249989725018,1.12577444844885,2.06908116542175,3.17653952362664,1.14082345989601,1.89085070354691,1.46666318064605
1.5885019078813,1.30347754117679,1.17795949957744,1.83220014220954,1.57807256394399,1.73232702169751,1.40833387023392,1.78356876283191,2.06505780482958,1.41336021287703,1.65159172964041,1.29406489621337,1.3172419812331,1.43359036120903,1.15624991011416,1.20099412351522,1.23077813549116,1.15258527786378,1.15096972460333,1.19616304238829,1.24442103348482,1.46727559509026,1.43721880189677,1.24716388318148,1.12478364889492,1.62297339486441,2.19497901497469,1.61015290648165,1.21876032316058,1.20624556472524,1.3115976362502,1.8715446520396,1.08604945795535,1.06867720920447,1.06156833031048,1.5406147912894,1.24634040116143,1.09961063844518,1.15874632429753,1.42735496015564,1.18809758276825,1.83031844851129,2.60781982077698,1.5605788502031
1.17088618623053,1.10294303521824,1.12156349522665,1.4220586607832,1.30474984015534,1.08433624866641,1.16565254329939,1.22674510296907,1.19416048576928,1.0520819987541,1.49757273219322,1.22233643789325,1.12119207993808,1.2228491300075,1.07870503998946,1.03953336012379,1.10691036880986,1.18938888534806,1.10631142694729,1.34000216450973,1.13272060057036,1.09391932471654,1.28370987342895,1.11280674230511,1.25215243383749,1.26985498917769,1.1727379539544,1.27561142327847,1.12893625096491,1.02371150842078,1.10975558022862,1.75278500752355,1.03518116826256,1.15418694091507,1.08658177812118,1.04784909071201,1.13289027163925,1.12182551987154,1.16761798700254,1.05361789262343,1.09021097365783,1.06049001687783,1.35101238507175,1.16523528212948
1.31147407169978,1.48199312186788,1.92678946588682,2.12562740594304,2.08766103040079,1.49059724902975,2.26567798080937,1.81045929542731,2.12100336767192,1.81807213523166,1.94472799773544,2.00495310571844,1.47612687445228,1.58381814299396,2.96553010654039,2.39258583452284,1.14006703082581,1.92265106840188,1.29586759737689,1.1863714440453,1.92718079601645,1.45283746073691,2.38182005465762,1.1246839747689,1.25999874546019,1.33573107715605,1.40356353828564,1.54582522992913,2.12862757836373,1.44124963432157,2.71560034682735,1.30522324593826,1.15712687352289,1.53893526189862,1.36825138065145,1.37889082001714,1.5861170087195,1.21437727667401,2.00756298039759,2.46235106181019,1.44619449514271,1.86535940556291,1.3930206511782,1.64335674383929
1.18538826407016,1.55730685099106,2.64888678597202,1.98562316130935,1.62192573671825,12.3461567690424,1.37658381847088,2.47586276396113,4.03099769631554,1.63111137204836,1.81813851122163,1.41687026198593,2.28396019011609,2.64671468306814,1.89049613827971,1.23185478752186,2.53710087749383,1.4370785315599,1.04639203031134,1.89394205098345,1.78879992504647,2.77315102482275,3.84364748340926,3.53023723028576,1.52090762969667,1.2560627886723,1.66886785458187,4.39323115041833,2.33790174772797,4.30384324047569,1.58430612092307,1.17048267796471,1.14233721816538,2.91859276594891,1.32117325761849,2.408328251693,1.61986878436657,5.38225040960972,1.07425958549465,1.69058837139343,2.16998475869651,1.41859323165572,1.28217233566132,2.83030983745045
1.00020015752217,1.0004047291383,1.00004796326741,1.00013060927408,1.00021835122404,1.00063650041061,1.000179127204,1.00055465589867,1.00060007941449,1.00061423907974,1.00040044196903,1.00071280295351,1.000309076639,1.00041375153009,1.00082602743537,1.00029303194795,1.00063581378785,1.00078780826064,1.00049528920887,1.00010204270918,1.00017173346817,1.00005156139949,1.00013465222153,1.00016901027423,1.000087523508,1.00059284967306,1.00009065427968,1.00041804748047,1.00098686244758,1.0003268447656,1.00040700630035,1.00031761505402,1.00015569178477,1.00043150378276,1.00054691407068,1.00058068024899,1.00038969549945,1.0001351622843,1.00092927773565,1.00043377125279,1.00014654192624,1.00018220126021,1.0002727409102,1.00005706537597
1.23810488966843,1.09513417102665,1.13666413148791,1.08041128464944,1.04756233886012,1.13831562802734,1.16823852142188,1.09814939597254,1.21577853416374,1.07550873868137,1.1403648838489,1.3093710026026,1.08033451319899,1.05839415007884,1.04969155724869,1.31768265319209,1.07319625394511,1.09665620377199,1.10266976486091,1.08579761639156,1.05563423752168,1.23349326699254,1.13668154447762,1.17578677791847,1.05899108268986,1.10434095432796,1.27080640537584,1.14342446094835,1.14992323673495,1.15130086415031,1.13140141204058,1.21167748775411,1.03263530609884,1.19290349922328,1.08947685812456,1.09020542585593,1.07605792755204,1.16719748444695,1.07633925992749,1.16136850065441,1.04170611579435,1.10943835230106,1.17394831765804,1.05494251029999
1.17183538309619,1.18845219901134,1.14905610041585,1.14187177751279,1.42986977394383,1.1029017945004,1.36917672763424,1.33850300295865,1.20568031792026,1.56111616542212,1.41392042050289,1.20817562499939,1.19101440558685,1.33879459113578,1.49075691812285,1.2314279725968,1.16909189300129,1.20323276226674,1.22345526199035,1.21692010277993,1.3734924643386,1.22988528113147,1.21416095603913,1.109071344864,1.23912029974765,1.21379729710147,1.13052151812555,1.17443380323484,1.12744188473625,1.28194994406702,1.74274549230683,1.05823136898325,1.06317259793107,1.3093018493055,1.07204902700748,1.34190514699695,1.28942188462745,1.37842440401426,1.04280695979363,1.15197940611526,1.21248835550924,1.3570931234271,1.19640999949505,1.05105420156225
1.17429920471894,1.08486288921518,1.13619613232077,1.12549695339852,1.05223355706956,1.14561975498047,1.20332994441666,1.08065021631517,1.17223813716919,1.12897982741233,1.07854710114251,1.15258745483947,1.2762182508599,1.08437292056551,1.18933748153894,1.1337756021717,1.08131178964397,1.37146294839775,1.22767578865501,1.11882555146427,1.07478825312264,1.07209322504833,1.15438298221271,1.08846534479491,1.08379293670598,1.06950253546396,1.14794605839668,1.15722908928871,1.10085535038705,1.18238124998751,1.22185585233807,1.07291170391951,1.07829690221321,1.18980923010687,1.1038592737282,1.11359617927824,1.13979366489551,1.18245087087644,1.08230790278138,1.16801723789714,1.13608283632739,1.02660073220132,1.29261857089836,1.15528408091094
1.33483831410246,1.13447865322122,1.13099763052679,1.24748202436507,1.22947907770941,1.76656710455895,1.28235848646362,1.07379347053715,1.91822343322629,1.12611351689204,1.32633244887868,1.32166627053211,1.1581357119708,1.05255611124539,1.19476251776058,1.56944197610456,1.51737759639395,1.30394412380141,1.1492797727074,1.09070788739112,1.17183496636904,1.44859330683969,1.40311724414236,1.04858986155314,1.07829569955788,1.29997096422515,1.11984967121365,1.40664408459331,1.10373431539789,1.37222981939341,1.25700002528531,1.19036631437238,1.02600832712845,1.08556786962969,1.32940730629165,1.11092227558619,1.47198363181968,1.59487228666284,1.11607051589798,1.14288939045759,1.14329676488417,1.36996019189716,1.08577496013608,1.05231355856052
1.23469423286611,1.32849412847053,1.26985116272278,1.20408723543724,1.19709109323774,1.14186523981213,1.6465540696457,1.1668356594225,1.23157983285126,1.43793001391893,1.03206069847684,1.17940301243689,1.34629608171102,1.33132882055076,1.3792115277822,1.65352372397705,1.28406675627154,1.18569658295979,1.15985086550751,1.19228135587049,1.049265932865,1.09544868259115,1.12573831050873,1.19272892836817,1.09542229707189,1.14072680430836,1.53967001610212,1.31279893701334,1.08419481476097,1.25659877558685,1.37723414591543,2.3696451997881,1.11412301286325,1.07561145940233,1.32451960791052,1.10756517727967,1.1799467351738,1.347407158894,1.31704371186107,1.42400043025317,1.36541440584516,1.19103121778927,1.50210310961383,2.20577279968264
1.26320221919875,1.3935670569637,1.19947894918222,1.27286259525563,1.43178601898955,1.22460956733411,1.15986397647189,1.5209429207893,1.25925079027565,1.19596192693937,1.20324797380136,1.42566909448471,1.12933101984771,1.15589373480598,1.62318965010624,1.39364700664108,2.13690714883729,1.51863943707009,1.15581810601585,1.0834467389503,1.48741900872118,1.3960954228147,1.33684546745653,1.17232932788302,2.3219574896602,1.16392885778652,1.06796870207148,1.44164322331178,1.06745819551283,1.4583032442413,1.46867525698707,1.77786749749732,1.09374014971527,1.17832758865936,1.06129150911265,1.08580516178674,1.11022148787207,1.17528109209306,1.1110477254682,1.1090871445114,1.14006454184263,1.16272418781533,1.16543079262519,1.38207013225912
2.65681078020857,2.19874073176849,1.50531201827343,1.56795101703162,1.25233010256605,1.7740902976875,3.3238197878247,2.18597926551622,1.60148436939641,1.68769993387117,1.54362615049386,1.30561740404787,1.77959497256234,2.00645887406517,1.59201812203414,1.7464662905289,1.67245488668737,1.8494911735127,1.9933324860475,1.29402059318145,1.62862801477231,2.33247229163593,1.36474711858011,1.32444951705185,2.43291542178944,3.03417980223742,1.22724450049244,1.57266175794581,1.86233120096689,2.76773885700042,1.74333905146512,3.01604086463893,1.27235685728217,1.65700354703181,3.66508686076039,1.27451447985099,2.35906376652533,1.4293315827766,1.18004412801738,3.3558885709829,3.9148655916781,1.23567708848374,2.17332745305191,1.56993147121303
2.30224796061522,1.45684213563752,1.48395293769745,1.8476909253188,1.45951240210749,2.57228718833629,2.31951897129803,4.1778550082723,2.20497654909981,1.99966619984922,1.30144682506519,2.3851767110766,2.50502334637897,2.26140019917803,1.49413652515336,1.56642759684211,1.57151828408703,1.99036230645968,1.28879065000573,1.81712857171519,1.85048265171887,2.20292464245228,1.18171570859557,1.93727585092342,1.923728047034,1.35772748639476,1.47920207328965,3.34577789741503,1.41548823012341,2.50906407547608,1.55413214931504,2.30135418612952,1.12016132647858,1.81025484443448,1.90951825236052,1.27779717582402,1.48333622539446,1.39736624198381,1.49100171823699,2.19467985004102,2.70139578731704,1.25140863414682,1.2538904653929,1.56349193429891
1.15836694758126,1.11044849123003,1.06307582538136,1.05041055811471,1.10705288443486,1.09691629456205,1.15594324504007,1.07918072693293,1.0615499671394,1.17891891262017,1.0432985262127,1.10750687206261,1.10152971957013,1.12499636295852,1.13717653674734,1.19275710769186,1.11631087435169,1.08808803216539,1.12175512843656,1.08323420895987,1.0427874919061,1.08663934608561,1.11559779372032,1.12990535791599,1.12217984384635,1.08604282845637,1.10761644494405,1.04917551701139,1.03132057348855,1.0359439225277,1.23623086960131,1.12248784331238,1.04111783478616,1.06496361112719,1.10604587888146,1.06407759053555,1.09555914982915,1.03962505073634,1.12664635384931,1.07637999590689,1.09426641295476,1.13026745509893,1.05020591160443,1.03195721641896
1.22324780786435,1.07375242173665,1.04838173891913,1.08081268865581,1.20512084375392,1.04430435861986,1.15342688379322,1.28561060456958,1.10238524329922,1.04549042474883,1.07287273341201,1.23103232971657,1.23433061438279,1.08351381723347,1.16644368537659,1.10531287977128,1.07034668242709,1.08652930856891,1.12864836578997,1.09936302858553,1.05451138600528,1.09995725616479,1.10929733800853,1.25545265831473,1.08152667076686,1.22401931912588,1.12714543594276,1.06761622132242,1.22981155870505,1.12573474205458,1.11681543222359,1.07904058217344,1.02310811083173,1.03735048400168,1.11384853573353,1.28306707666129,1.26432791262939,1.05289924759235,1.04233816053323,1.11798475282842,1.10404730506236,1.03088201512153,1.10802881681285,1.08458105577615
1.3072971255321,1.3072538588604,2.05828471063413,1.204189773403,1.30812030994736,1.17177498609717,1.63904717613759,1.55167314853475,3.15849089989093,1.20928586580376,1.26123811716979,1.77243822063992,1.7808634004015,1.57522907862912,1.66714004077602,1.43068865458584,1.376760347649,1.40642020723921,1.47611685406,1.57355334668127,1.10704497701704,1.08808850203619,1.56374402135958,1.03991551618199,2.04799376811592,1.61953973321883,1.37681935708651,1.44458575453852,2.49989790155554,1.1460102011343,1.4222340860758,1.30964497044913,1.09921739954596,1.29139117045292,1.74837900911421,1.6910919393378,1.35091928458346,1.40202274497437,1.13427162701881,1.39155090007443,1.32449110717291,1.26239352484502,1.27713413890643,1.47612898719009
1.15271788151818,1.26214425660228,1.09619935395384,1.08009770548121,1.29656825292456,1.48574251731799,1.29725595546862,2.33965623735723,1.27831440289845,1.3100431047348,1.32362855461819,1.66480070497129,1.51002212516047,1.16036831844497,1.28801805598958,1.11204777610004,1.63651436738325,1.09905299025039,1.25248040094507,1.9370888937113,1.4361971222589,1.26055718402298,1.66957999184125,1.68184080729248,1.23404589653583,1.23673255031678,1.5135240485369,1.14262122024519,2.43817277638551,1.49180379847023,1.27248954673396,1.24227161213704,1.08001769828984,1.17967811242331,1.06624236756604,1.90022558470492,1.0893170191316,1.12295983926823,1.02486669956501,1.15745879631662,1.24452455386826,1.72560298978989,1.22783477506589,1.95066779376643
1.75123139081796,1.15390438071923,1.37654427950852,1.35661672735685,1.1452380591145,1.23292741582437,1.17137000955044,1.18755115536058,1.23457955469949,1.25526514149285,1.28237419329406,1.28928031772762,1.64443567249903,1.20092107694839,1.44935873387529,1.29501067309728,1.16707348983697,1.17831427191399,1.17324042996629,1.04355605457896,1.07713546949425,1.58853143080617,1.12686415053032,1.64915931295075,1.11857130926122,1.10650853250716,1.27935584424572,1.25095203902189,1.52016906299242,1.2736653947723,1.40396831842756,1.16148257063,1.04497393575927,1.16149047762942,1.04942198608304,1.55741803416309,1.11929030273381,1.16723711337415,1.14658577481525,1.49869424789103,1.24700172301698,1.35697072888314,1.58198661452695,1.45995282627135
1.18142225983891,1.14813663471607,1.28986213519279,1.32714057539055,1.50298869441776,1.62007195196879,1.52551094012028,1.27183714993678,1.32423127166612,1.30775247380319,1.47184979165509,1.34632176285125,1.38033125680933,1.18885635852143,1.57845356637825,1.41489763086354,1.26665056483927,1.43674078812265,1.22660840498987,1.55538023666543,1.19603000717928,1.15034616721615,2.18477452163462,1.41514778042553,1.29448122319654,1.63162231964457,1.59977492611591,1.03387028533762,1.30674960090109,1.76223937319238,1.52321861109869,1.25413815412895,1.14170046915187,1.08626583196444,1.24217757765506,1.12139520054911,1.10052965718855,1.4788693043565,1.2483659952007,1.45989344690051,1.63146237424427,1.08269946772486,1.21427148847739,1.21708429452799
1.69983782607711,1.1954840467485,1.24829851321812,1.37500620319166,1.50239199660443,1.493459847849,2.62965284358305,1.4505874807652,4.66697990947932,1.21717132276882,2.47360549644309,3.82474156710201,1.29954024165881,1.77907692499071,2.7444825993622,1.098962706069,2.71614716988113,1.75750255553642,1.43048469249596,1.56752304913303,1.86080735599262,1.25625883972427,1.95894610261762,2.2204934972371,1.43285254693621,3.20381136611316,1.43214557433884,2.36375650530644,2.02226045462136,1.38071431984868,1.34026737354367,2.28006076483197,1.16589891813166,1.65031417530342,1.13518222833033,2.14885122787149,2.1171263824073,2.16920660448697,3.74118614821982,1.17175302025964,2.80993862949812,2.25757601194206,1.75285730733137,1.16109431899053
1.00108643818776,1.00489909629841,1.00101670235753,1.00637635187488,1.01346767707166,1.01200072934054,1.01976477672711,1.00985703035735,1.00827302347876,1.00413200633552,1.0056628549261,1.0070056870431,1.00262033456514,1.00624601486631,1.00643448448739,1.00512564601538,1.01437538061127,1.00283051414474,1.00122743918051,1.015948648059,1.01048227141681,1.00164655173687,1.00723284707015,1.00301809012277,1.00095082988297,1.00670148242354,1.0028675721933,1.00317307526221,1.01029182783315,1.00486201163198,1.0169022187126,1.00618210064252,1.00278528275979,1.00078418892058,1.0063204521699,1.00039765699957,1.00182718470867,1.00134619322417,1.00883761706727,1.00269045622442,1.00885848235099,1.00922683721743,1.01502818083855,1.00101620964119
