"ID","Accession","Year","Plot","Block","Replicate","Repeat"
"2023_1172_1","SSA_00001",2023,1172,4,1,1
"2023_1172_2","SSA_00001",2023,1172,4,1,2
"2023_1172_3","SSA_00001",2023,1172,4,1,3
"2023_2210_1","SSA_00001",2023,2210,2,2,1
"2023_2210_2","SSA_00001",2023,2210,2,2,2
"2023_2210_3","SSA_00001",2023,2210,2,2,3
"2023_1213_1","SSA_00002",2023,1213,5,1,1
"2023_1213_2","SSA_00002",2023,1213,5,1,2
"2023_1213_3","SSA_00002",2023,1213,5,1,3
"2023_2156_1","SSA_00002",2023,2156,4,2,1
"2023_2156_2","SSA_00002",2023,2156,4,2,2
"2023_2156_3","SSA_00002",2023,2156,4,2,3
"2023_1006_1","SSA_00003",2023,1006,6,1,1
"2023_1006_2","SSA_00003",2023,1006,6,1,2
"2023_1006_3","SSA_00003",2023,1006,6,1,3
"2023_2282_1","SSA_00003",2023,2282,2,2,1
"2023_2282_2","SSA_00003",2023,2282,2,2,2
"2023_2282_3","SSA_00003",2023,2282,2,2,3
"2023_1237_1","SSA_00004",2023,1237,5,1,1
"2023_1237_2","SSA_00004",2023,1237,5,1,2
"2023_1237_3","SSA_00004",2023,1237,5,1,3
"2023_2054_1","SSA_00004",2023,2054,6,2,1
"2023_2054_2","SSA_00004",2023,2054,6,2,2
"2023_2054_3","SSA_00004",2023,2054,6,2,3
"2023_1214_1","SSA_00005",2023,1214,6,1,1
"2023_1214_2","SSA_00005",2023,1214,6,1,2
"2023_1214_3","SSA_00005",2023,1214,6,1,3
"2023_2139_1","SSA_00005",2023,2139,3,2,1
"2023_2139_2","SSA_00005",2023,2139,3,2,2
"2023_2139_3","SSA_00005",2023,2139,3,2,3
"2023_1314_1","SSA_00006",2023,1314,2,1,1
"2023_1314_2","SSA_00006",2023,1314,2,1,2
"2023_1314_3","SSA_00006",2023,1314,2,1,3
"2023_2234_1","SSA_00006",2023,2234,2,2,1
"2023_2234_2","SSA_00006",2023,2234,2,2,2
"2023_2234_3","SSA_00006",2023,2234,2,2,3
"2023_1143_1","SSA_00007",2023,1143,7,1,1
"2023_1143_2","SSA_00007",2023,1143,7,1,2
"2023_1143_3","SSA_00007",2023,1143,7,1,3
"2023_2043_1","SSA_00007",2023,2043,3,2,1
"2023_2043_2","SSA_00007",2023,2043,3,2,2
"2023_2043_3","SSA_00007",2023,2043,3,2,3
"2023_1141_1","SSA_00008",2023,1141,5,1,1
"2023_1141_2","SSA_00008",2023,1141,5,1,2
"2023_1141_3","SSA_00008",2023,1141,5,1,3
"2023_2261_1","SSA_00008",2023,2261,5,2,1
"2023_2261_2","SSA_00008",2023,2261,5,2,2
"2023_2261_3","SSA_00008",2023,2261,5,2,3
"2023_1187_1","SSA_00009",2023,1187,3,1,1
"2023_1187_2","SSA_00009",2023,1187,3,1,2
"2023_1187_3","SSA_00009",2023,1187,3,1,3
"2023_2074_1","SSA_00009",2023,2074,2,2,1
"2023_2074_2","SSA_00009",2023,2074,2,2,2
"2023_2074_3","SSA_00009",2023,2074,2,2,3
"2023_1076_1","SSA_00010",2023,1076,4,1,1
"2023_1076_2","SSA_00010",2023,1076,4,1,2
"2023_1076_3","SSA_00010",2023,1076,4,1,3
"2023_2034_1","SSA_00010",2023,2034,2,2,1
"2023_2034_2","SSA_00010",2023,2034,2,2,2
"2023_2034_3","SSA_00010",2023,2034,2,2,3
"2023_1251_1","SSA_00011",2023,1251,3,1,1
"2023_1251_2","SSA_00011",2023,1251,3,1,2
"2023_1251_3","SSA_00011",2023,1251,3,1,3
"2023_2276_1","SSA_00011",2023,2276,4,2,1
"2023_2276_2","SSA_00011",2023,2276,4,2,2
"2023_2276_3","SSA_00011",2023,2276,4,2,3
"2023_1259_1","SSA_00013",2023,1259,3,1,1
"2023_1259_2","SSA_00013",2023,1259,3,1,2
"2023_1259_3","SSA_00013",2023,1259,3,1,3
"2023_2026_1","SSA_00013",2023,2026,2,2,1
"2023_2026_2","SSA_00013",2023,2026,2,2,2
"2023_2026_3","SSA_00013",2023,2026,2,2,3
"2023_1096_1","SSA_00014",2023,1096,8,1,1
"2023_1096_2","SSA_00014",2023,1096,8,1,2
"2023_1096_3","SSA_00014",2023,1096,8,1,3
"2023_2137_1","SSA_00014",2023,2137,1,2,1
"2023_2137_2","SSA_00014",2023,2137,1,2,2
"2023_2137_3","SSA_00014",2023,2137,1,2,3
"2023_1038_1","SSA_00015",2023,1038,6,1,1
"2023_1038_2","SSA_00015",2023,1038,6,1,2
"2023_1038_3","SSA_00015",2023,1038,6,1,3
"2023_2108_1","SSA_00015",2023,2108,4,2,1
"2023_2108_2","SSA_00015",2023,2108,4,2,2
"2023_2108_3","SSA_00015",2023,2108,4,2,3
"2023_1205_1","SSA_00016",2023,1205,5,1,1
"2023_1205_2","SSA_00016",2023,1205,5,1,2
"2023_1205_3","SSA_00016",2023,1205,5,1,3
"2023_2012_1","SSA_00016",2023,2012,4,2,1
"2023_2012_2","SSA_00016",2023,2012,4,2,2
"2023_2012_3","SSA_00016",2023,2012,4,2,3
"2023_1156_1","SSA_00017",2023,1156,4,1,1
"2023_1156_2","SSA_00017",2023,1156,4,1,2
"2023_1156_3","SSA_00017",2023,1156,4,1,3
"2023_2255_1","SSA_00017",2023,2255,7,2,1
"2023_2255_2","SSA_00017",2023,2255,7,2,2
"2023_2255_3","SSA_00017",2023,2255,7,2,3
"2023_1139_1","SSA_00018",2023,1139,3,1,1
"2023_1139_2","SSA_00018",2023,1139,3,1,2
"2023_1139_3","SSA_00018",2023,1139,3,1,3
"2023_2160_1","SSA_00018",2023,2160,8,2,1
"2023_2160_2","SSA_00018",2023,2160,8,2,2
"2023_2160_3","SSA_00018",2023,2160,8,2,3
"2023_1023_1","SSA_00019",2023,1023,7,1,1
"2023_1023_2","SSA_00019",2023,1023,7,1,2
"2023_1023_3","SSA_00019",2023,1023,7,1,3
"2023_2242_1","SSA_00019",2023,2242,2,2,1
"2023_2242_2","SSA_00019",2023,2242,2,2,2
"2023_2242_3","SSA_00019",2023,2242,2,2,3
"2023_1109_1","SSA_00020",2023,1109,5,1,1
"2023_1109_2","SSA_00020",2023,1109,5,1,2
"2023_1109_3","SSA_00020",2023,1109,5,1,3
"2023_2117_1","SSA_00020",2023,2117,5,2,1
"2023_2117_2","SSA_00020",2023,2117,5,2,2
"2023_2117_3","SSA_00020",2023,2117,5,2,3
"2023_1089_1","SSA_00021",2023,1089,1,1,1
"2023_1089_2","SSA_00021",2023,1089,1,1,2
"2023_1089_3","SSA_00021",2023,1089,1,1,3
"2023_2302_1","SSA_00021",2023,2302,6,2,1
"2023_2302_2","SSA_00021",2023,2302,6,2,2
"2023_2302_3","SSA_00021",2023,2302,6,2,3
"2023_1081_1","SSA_00022",2023,1081,1,1,1
"2023_1081_2","SSA_00022",2023,1081,1,1,2
"2023_1081_3","SSA_00022",2023,1081,1,1,3
"2023_2178_1","SSA_00022",2023,2178,2,2,1
"2023_2178_2","SSA_00022",2023,2178,2,2,2
"2023_2178_3","SSA_00022",2023,2178,2,2,3
"2023_1097_1","SSA_00023",2023,1097,1,1,1
"2023_1097_2","SSA_00023",2023,1097,1,1,2
"2023_1097_3","SSA_00023",2023,1097,1,1,3
"2023_2091_1","SSA_00023",2023,2091,3,2,1
"2023_2091_2","SSA_00023",2023,2091,3,2,2
"2023_2091_3","SSA_00023",2023,2091,3,2,3
"2023_1086_1","SSA_00024",2023,1086,6,1,1
"2023_1086_2","SSA_00024",2023,1086,6,1,2
"2023_1086_3","SSA_00024",2023,1086,6,1,3
"2023_2027_1","SSA_00024",2023,2027,3,2,1
"2023_2027_2","SSA_00024",2023,2027,3,2,2
"2023_2027_3","SSA_00024",2023,2027,3,2,3
"2023_1145_1","SSA_00025",2023,1145,1,1,1
"2023_1145_2","SSA_00025",2023,1145,1,1,2
"2023_1145_3","SSA_00025",2023,1145,1,1,3
"2023_2008_1","SSA_00025",2023,2008,8,2,1
"2023_2008_2","SSA_00025",2023,2008,8,2,2
"2023_2008_3","SSA_00025",2023,2008,8,2,3
"2023_1273_1","SSA_00026",2023,1273,1,1,1
"2023_1273_2","SSA_00026",2023,1273,1,1,2
"2023_1273_3","SSA_00026",2023,1273,1,1,3
"2023_2238_1","SSA_00026",2023,2238,6,2,1
"2023_2238_2","SSA_00026",2023,2238,6,2,2
"2023_2238_3","SSA_00026",2023,2238,6,2,3
"2023_1078_1","SSA_00027",2023,1078,6,1,1
"2023_1078_2","SSA_00027",2023,1078,6,1,2
"2023_1078_3","SSA_00027",2023,1078,6,1,3
"2023_2221_1","SSA_00027",2023,2221,5,2,1
"2023_2221_2","SSA_00027",2023,2221,5,2,2
"2023_2221_3","SSA_00027",2023,2221,5,2,3
"2023_1037_1","SSA_00028",2023,1037,5,1,1
"2023_1037_2","SSA_00028",2023,1037,5,1,2
"2023_1037_3","SSA_00028",2023,1037,5,1,3
"2023_2201_1","SSA_00028",2023,2201,1,2,1
"2023_2201_2","SSA_00028",2023,2201,1,2,2
"2023_2201_3","SSA_00028",2023,2201,1,2,3
"2023_1114_1","SSA_00029",2023,1114,2,1,1
"2023_1114_2","SSA_00029",2023,1114,2,1,2
"2023_1114_3","SSA_00029",2023,1114,2,1,3
"2023_2275_1","SSA_00029",2023,2275,3,2,1
"2023_2275_2","SSA_00029",2023,2275,3,2,2
"2023_2275_3","SSA_00029",2023,2275,3,2,3
"2023_1027_1","SSA_00030",2023,1027,3,1,1
"2023_1027_2","SSA_00030",2023,1027,3,1,2
"2023_1027_3","SSA_00030",2023,1027,3,1,3
"2023_2148_1","SSA_00030",2023,2148,4,2,1
"2023_2148_2","SSA_00030",2023,2148,4,2,2
"2023_2148_3","SSA_00030",2023,2148,4,2,3
"2023_1284_1","SSA_00031",2023,1284,4,1,1
"2023_1284_2","SSA_00031",2023,1284,4,1,2
"2023_1284_3","SSA_00031",2023,1284,4,1,3
"2023_2077_1","SSA_00031",2023,2077,5,2,1
"2023_2077_2","SSA_00031",2023,2077,5,2,2
"2023_2077_3","SSA_00031",2023,2077,5,2,3
"2023_1215_1","SSA_00032",2023,1215,7,1,1
"2023_1215_2","SSA_00032",2023,1215,7,1,2
"2023_1215_3","SSA_00032",2023,1215,7,1,3
"2023_2028_1","SSA_00032",2023,2028,4,2,1
"2023_2028_2","SSA_00032",2023,2028,4,2,2
"2023_2028_3","SSA_00032",2023,2028,4,2,3
"2023_1153_1","SSA_00033",2023,1153,1,1,1
"2023_1153_2","SSA_00033",2023,1153,1,1,2
"2023_1153_3","SSA_00033",2023,1153,1,1,3
"2023_2191_1","SSA_00033",2023,2191,7,2,1
"2023_2191_2","SSA_00033",2023,2191,7,2,2
"2023_2191_3","SSA_00033",2023,2191,7,2,3
"2023_1101_1","SSA_00034",2023,1101,5,1,1
"2023_1101_2","SSA_00034",2023,1101,5,1,2
"2023_1101_3","SSA_00034",2023,1101,5,1,3
"2023_2115_1","SSA_00034",2023,2115,3,2,1
"2023_2115_2","SSA_00034",2023,2115,3,2,2
"2023_2115_3","SSA_00034",2023,2115,3,2,3
"2023_1131_1","SSA_00035",2023,1131,3,1,1
"2023_1131_2","SSA_00035",2023,1131,3,1,2
"2023_1131_3","SSA_00035",2023,1131,3,1,3
"2023_2086_1","SSA_00035",2023,2086,6,2,1
"2023_2086_2","SSA_00035",2023,2086,6,2,2
"2023_2086_3","SSA_00035",2023,2086,6,2,3
"2023_1202_1","SSA_00036",2023,1202,2,1,1
"2023_1202_2","SSA_00036",2023,1202,2,1,2
"2023_1202_3","SSA_00036",2023,1202,2,1,3
"2023_2040_1","SSA_00036",2023,2040,8,2,1
"2023_2040_2","SSA_00036",2023,2040,8,2,2
"2023_2040_3","SSA_00036",2023,2040,8,2,3
"2023_1053_1","SSA_00037",2023,1053,5,1,1
"2023_1053_2","SSA_00037",2023,1053,5,1,2
"2023_1053_3","SSA_00037",2023,1053,5,1,3
"2023_2066_1","SSA_00037",2023,2066,2,2,1
"2023_2066_2","SSA_00037",2023,2066,2,2,2
"2023_2066_3","SSA_00037",2023,2066,2,2,3
"2023_1091_1","SSA_00039",2023,1091,3,1,1
"2023_1091_2","SSA_00039",2023,1091,3,1,2
"2023_1091_3","SSA_00039",2023,1091,3,1,3
"2023_2182_1","SSA_00039",2023,2182,6,2,1
"2023_2182_2","SSA_00039",2023,2182,6,2,2
"2023_2182_3","SSA_00039",2023,2182,6,2,3
"2023_1176_1","SSA_00040",2023,1176,8,1,1
"2023_1176_2","SSA_00040",2023,1176,8,1,2
"2023_1176_3","SSA_00040",2023,1176,8,1,3
"2023_2125_1","SSA_00040",2023,2125,5,2,1
"2023_2125_2","SSA_00040",2023,2125,5,2,2
"2023_2125_3","SSA_00040",2023,2125,5,2,3
"2023_1093_1","SSA_00041",2023,1093,5,1,1
"2023_1093_2","SSA_00041",2023,1093,5,1,2
"2023_1093_3","SSA_00041",2023,1093,5,1,3
"2023_2267_1","SSA_00041",2023,2267,3,2,1
"2023_2267_2","SSA_00041",2023,2267,3,2,2
"2023_2267_3","SSA_00041",2023,2267,3,2,3
"2023_1008_1","SSA_00042",2023,1008,8,1,1
"2023_1008_2","SSA_00042",2023,1008,8,1,2
"2023_1008_3","SSA_00042",2023,1008,8,1,3
"2023_2273_1","SSA_00042",2023,2273,1,2,1
"2023_2273_2","SSA_00042",2023,2273,1,2,2
"2023_2273_3","SSA_00042",2023,2273,1,2,3
"2023_1138_1","SSA_00043",2023,1138,2,1,1
"2023_1138_2","SSA_00043",2023,1138,2,1,2
"2023_1138_3","SSA_00043",2023,1138,2,1,3
"2023_2133_1","SSA_00043",2023,2133,5,2,1
"2023_2133_2","SSA_00043",2023,2133,5,2,2
"2023_2133_3","SSA_00043",2023,2133,5,2,3
"2023_1088_1","SSA_00044",2023,1088,8,1,1
"2023_1088_2","SSA_00044",2023,1088,8,1,2
"2023_1088_3","SSA_00044",2023,1088,8,1,3
"2023_2319_1","SSA_00044",2023,2319,7,2,1
"2023_2319_2","SSA_00044",2023,2319,7,2,2
"2023_2319_3","SSA_00044",2023,2319,7,2,3
"2023_1180_1","SSA_00045",2023,1180,4,1,1
"2023_1180_2","SSA_00045",2023,1180,4,1,2
"2023_1180_3","SSA_00045",2023,1180,4,1,3
"2023_2299_1","SSA_00045",2023,2299,3,2,1
"2023_2299_2","SSA_00045",2023,2299,3,2,2
"2023_2299_3","SSA_00045",2023,2299,3,2,3
"2023_1098_1","SSA_00046",2023,1098,2,1,1
"2023_1098_2","SSA_00046",2023,1098,2,1,2
"2023_1098_3","SSA_00046",2023,1098,2,1,3
"2023_2241_1","SSA_00046",2023,2241,1,2,1
"2023_2241_2","SSA_00046",2023,2241,1,2,2
"2023_2241_3","SSA_00046",2023,2241,1,2,3
"2023_1134_1","SSA_00047",2023,1134,6,1,1
"2023_1134_2","SSA_00047",2023,1134,6,1,2
"2023_1134_3","SSA_00047",2023,1134,6,1,3
"2023_2002_1","SSA_00047",2023,2002,2,2,1
"2023_2002_2","SSA_00047",2023,2002,2,2,2
"2023_2002_3","SSA_00047",2023,2002,2,2,3
"2023_1318_1","SSA_00048",2023,1318,6,1,1
"2023_1318_2","SSA_00048",2023,1318,6,1,2
"2023_1318_3","SSA_00048",2023,1318,6,1,3
"2023_2078_1","SSA_00048",2023,2078,6,2,1
"2023_2078_2","SSA_00048",2023,2078,6,2,2
"2023_2078_3","SSA_00048",2023,2078,6,2,3
"2023_1265_1","SSA_00049",2023,1265,1,1,1
"2023_1265_2","SSA_00049",2023,1265,1,1,2
"2023_1265_3","SSA_00049",2023,1265,1,1,3
"2023_2162_1","SSA_00049",2023,2162,2,2,1
"2023_2162_2","SSA_00049",2023,2162,2,2,2
"2023_2162_3","SSA_00049",2023,2162,2,2,3
"2023_1280_1","SSA_00050",2023,1280,8,1,1
"2023_1280_2","SSA_00050",2023,1280,8,1,2
"2023_1280_3","SSA_00050",2023,1280,8,1,3
"2023_2011_1","SSA_00050",2023,2011,3,2,1
"2023_2011_2","SSA_00050",2023,2011,3,2,2
"2023_2011_3","SSA_00050",2023,2011,3,2,3
"2023_1010_1","SSA_00051",2023,1010,2,1,1
"2023_1010_2","SSA_00051",2023,1010,2,1,2
"2023_1010_3","SSA_00051",2023,1010,2,1,3
"2023_2272_1","SSA_00051",2023,2272,8,2,1
"2023_2272_2","SSA_00051",2023,2272,8,2,2
"2023_2272_3","SSA_00051",2023,2272,8,2,3
"2023_1254_1","SSA_00052",2023,1254,6,1,1
"2023_1254_2","SSA_00052",2023,1254,6,1,2
"2023_1254_3","SSA_00052",2023,1254,6,1,3
"2023_2247_1","SSA_00052",2023,2247,7,2,1
"2023_2247_2","SSA_00052",2023,2247,7,2,2
"2023_2247_3","SSA_00052",2023,2247,7,2,3
"2023_1162_1","SSA_00053",2023,1162,2,1,1
"2023_1162_2","SSA_00053",2023,1162,2,1,2
"2023_1162_3","SSA_00053",2023,1162,2,1,3
"2023_2294_1","SSA_00053",2023,2294,6,2,1
"2023_2294_2","SSA_00053",2023,2294,6,2,2
"2023_2294_3","SSA_00053",2023,2294,6,2,3
"2023_1191_1","SSA_00054",2023,1191,7,1,1
"2023_1191_2","SSA_00054",2023,1191,7,1,2
"2023_1191_3","SSA_00054",2023,1191,7,1,3
"2023_2070_1","SSA_00054",2023,2070,6,2,1
"2023_2070_2","SSA_00054",2023,2070,6,2,2
"2023_2070_3","SSA_00054",2023,2070,6,2,3
"2023_1056_1","SSA_00055",2023,1056,8,1,1
"2023_1056_2","SSA_00055",2023,1056,8,1,2
"2023_1056_3","SSA_00055",2023,1056,8,1,3
"2023_2005_1","SSA_00055",2023,2005,5,2,1
"2023_2005_2","SSA_00055",2023,2005,5,2,2
"2023_2005_3","SSA_00055",2023,2005,5,2,3
"2023_1207_1","SSA_00056",2023,1207,7,1,1
"2023_1207_2","SSA_00056",2023,1207,7,1,2
"2023_1207_3","SSA_00056",2023,1207,7,1,3
"2023_2239_1","SSA_00056",2023,2239,7,2,1
"2023_2239_2","SSA_00056",2023,2239,7,2,2
"2023_2239_3","SSA_00056",2023,2239,7,2,3
"2023_1001_1","SSA_00057",2023,1001,1,1,1
"2023_1001_2","SSA_00057",2023,1001,1,1,2
"2023_1001_3","SSA_00057",2023,1001,1,1,3
"2023_2092_1","SSA_00057",2023,2092,4,2,1
"2023_2092_2","SSA_00057",2023,2092,4,2,2
"2023_2092_3","SSA_00057",2023,2092,4,2,3
"2023_1231_1","SSA_00058",2023,1231,7,1,1
"2023_1231_2","SSA_00058",2023,1231,7,1,2
"2023_1231_3","SSA_00058",2023,1231,7,1,3
"2023_2149_1","SSA_00058",2023,2149,5,2,1
"2023_2149_2","SSA_00058",2023,2149,5,2,2
"2023_2149_3","SSA_00058",2023,2149,5,2,3
"2023_1116_1","SSA_00059",2023,1116,4,1,1
"2023_1116_2","SSA_00059",2023,1116,4,1,2
"2023_1116_3","SSA_00059",2023,1116,4,1,3
"2023_2281_1","SSA_00059",2023,2281,1,2,1
"2023_2281_2","SSA_00059",2023,2281,1,2,2
"2023_2281_3","SSA_00059",2023,2281,1,2,3
"2023_1040_1","SSA_00060",2023,1040,8,1,1
"2023_1040_2","SSA_00060",2023,1040,8,1,2
"2023_1040_3","SSA_00060",2023,1040,8,1,3
"2023_2061_1","SSA_00060",2023,2061,5,2,1
"2023_2061_2","SSA_00060",2023,2061,5,2,2
"2023_2061_3","SSA_00060",2023,2061,5,2,3
"2023_1276_1","SSA_00061",2023,1276,4,1,1
"2023_1276_2","SSA_00061",2023,1276,4,1,2
"2023_1276_3","SSA_00061",2023,1276,4,1,3
"2023_2057_1","SSA_00061",2023,2057,1,2,1
"2023_2057_2","SSA_00061",2023,2057,1,2,2
"2023_2057_3","SSA_00061",2023,2057,1,2,3
"2023_1246_1","SSA_00062",2023,1246,6,1,1
"2023_1246_2","SSA_00062",2023,1246,6,1,2
"2023_1246_3","SSA_00062",2023,1246,6,1,3
"2023_2218_1","SSA_00062",2023,2218,2,2,1
"2023_2218_2","SSA_00062",2023,2218,2,2,2
"2023_2218_3","SSA_00062",2023,2218,2,2,3
"2023_1263_1","SSA_00063",2023,1263,7,1,1
"2023_1263_2","SSA_00063",2023,1263,7,1,2
"2023_1263_3","SSA_00063",2023,1263,7,1,3
"2023_2185_1","SSA_00063",2023,2185,1,2,1
"2023_2185_2","SSA_00063",2023,2185,1,2,2
"2023_2185_3","SSA_00063",2023,2185,1,2,3
"2023_1308_1","SSA_00064",2023,1308,4,1,1
"2023_1308_2","SSA_00064",2023,1308,4,1,2
"2023_1308_3","SSA_00064",2023,1308,4,1,3
"2023_2021_1","SSA_00064",2023,2021,5,2,1
"2023_2021_2","SSA_00064",2023,2021,5,2,2
"2023_2021_3","SSA_00064",2023,2021,5,2,3
"2023_1235_1","SSA_00065",2023,1235,3,1,1
"2023_1235_2","SSA_00065",2023,1235,3,1,2
"2023_1235_3","SSA_00065",2023,1235,3,1,3
"2023_2292_1","SSA_00065",2023,2292,4,2,1
"2023_2292_2","SSA_00065",2023,2292,4,2,2
"2023_2292_3","SSA_00065",2023,2292,4,2,3
"2023_1009_1","SSA_00066",2023,1009,1,1,1
"2023_1009_2","SSA_00066",2023,1009,1,1,2
"2023_1009_3","SSA_00066",2023,1009,1,1,3
"2023_2298_1","SSA_00066",2023,2298,2,2,1
"2023_2298_2","SSA_00066",2023,2298,2,2,2
"2023_2298_3","SSA_00066",2023,2298,2,2,3
"2023_1140_1","SSA_00067",2023,1140,4,1,1
"2023_1140_2","SSA_00067",2023,1140,4,1,2
"2023_1140_3","SSA_00067",2023,1140,4,1,3
"2023_2150_1","SSA_00067",2023,2150,6,2,1
"2023_2150_2","SSA_00067",2023,2150,6,2,2
"2023_2150_3","SSA_00067",2023,2150,6,2,3
"2023_1244_1","SSA_00068",2023,1244,4,1,1
"2023_1244_2","SSA_00068",2023,1244,4,1,2
"2023_1244_3","SSA_00068",2023,1244,4,1,3
"2023_2013_1","SSA_00068",2023,2013,5,2,1
"2023_2013_2","SSA_00068",2023,2013,5,2,2
"2023_2013_3","SSA_00068",2023,2013,5,2,3
"2023_1200_1","SSA_00069",2023,1200,8,1,1
"2023_1200_2","SSA_00069",2023,1200,8,1,2
"2023_1200_3","SSA_00069",2023,1200,8,1,3
"2023_2244_1","SSA_00069",2023,2244,4,2,1
"2023_2244_2","SSA_00069",2023,2244,4,2,2
"2023_2244_3","SSA_00069",2023,2244,4,2,3
"2023_1184_1","SSA_00070",2023,1184,8,1,1
"2023_1184_2","SSA_00070",2023,1184,8,1,2
"2023_1184_3","SSA_00070",2023,1184,8,1,3
"2023_2187_1","SSA_00070",2023,2187,3,2,1
"2023_2187_2","SSA_00070",2023,2187,3,2,2
"2023_2187_3","SSA_00070",2023,2187,3,2,3
"2023_1157_1","SSA_00071",2023,1157,5,1,1
"2023_1157_2","SSA_00071",2023,1157,5,1,2
"2023_1157_3","SSA_00071",2023,1157,5,1,3
"2023_2304_1","SSA_00071",2023,2304,8,2,1
"2023_2304_2","SSA_00071",2023,2304,8,2,2
"2023_2304_3","SSA_00071",2023,2304,8,2,3
"2023_1084_1","SSA_00072",2023,1084,4,1,1
"2023_1084_2","SSA_00072",2023,1084,4,1,2
"2023_1084_3","SSA_00072",2023,1084,4,1,3
"2023_2216_1","SSA_00072",2023,2216,8,2,1
"2023_2216_2","SSA_00072",2023,2216,8,2,2
"2023_2216_3","SSA_00072",2023,2216,8,2,3
"2023_1011_1","SSA_00073",2023,1011,3,1,1
"2023_1011_2","SSA_00073",2023,1011,3,1,2
"2023_1011_3","SSA_00073",2023,1011,3,1,3
"2023_2193_1","SSA_00073",2023,2193,1,2,1
"2023_2193_2","SSA_00073",2023,2193,1,2,2
"2023_2193_3","SSA_00073",2023,2193,1,2,3
"2023_1173_1","SSA_00075",2023,1173,5,1,1
"2023_1173_2","SSA_00075",2023,1173,5,1,2
"2023_1173_3","SSA_00075",2023,1173,5,1,3
"2023_2151_1","SSA_00075",2023,2151,7,2,1
"2023_2151_2","SSA_00075",2023,2151,7,2,2
"2023_2151_3","SSA_00075",2023,2151,7,2,3
"2023_1054_1","SSA_00076",2023,1054,6,1,1
"2023_1054_2","SSA_00076",2023,1054,6,1,2
"2023_1054_3","SSA_00076",2023,1054,6,1,3
"2023_2175_1","SSA_00076",2023,2175,7,2,1
"2023_2175_2","SSA_00076",2023,2175,7,2,2
"2023_2175_3","SSA_00076",2023,2175,7,2,3
"2023_1178_1","SSA_00077",2023,1178,2,1,1
"2023_1178_2","SSA_00077",2023,1178,2,1,2
"2023_1178_3","SSA_00077",2023,1178,2,1,3
"2023_2177_1","SSA_00077",2023,2177,1,2,1
"2023_2177_2","SSA_00077",2023,2177,1,2,2
"2023_2177_3","SSA_00077",2023,2177,1,2,3
"2023_1060_1","SSA_00078",2023,1060,4,1,1
"2023_1060_2","SSA_00078",2023,1060,4,1,2
"2023_1060_3","SSA_00078",2023,1060,4,1,3
"2023_2135_1","SSA_00078",2023,2135,7,2,1
"2023_2135_2","SSA_00078",2023,2135,7,2,2
"2023_2135_3","SSA_00078",2023,2135,7,2,3
"2023_1085_1","SSA_00079",2023,1085,5,1,1
"2023_1085_2","SSA_00079",2023,1085,5,1,2
"2023_1085_3","SSA_00079",2023,1085,5,1,3
"2023_2129_1","SSA_00079",2023,2129,1,2,1
"2023_2129_2","SSA_00079",2023,2129,1,2,2
"2023_2129_3","SSA_00079",2023,2129,1,2,3
"2023_1221_1","SSA_00080",2023,1221,5,1,1
"2023_1221_2","SSA_00080",2023,1221,5,1,2
"2023_1221_3","SSA_00080",2023,1221,5,1,3
"2023_2048_1","SSA_00080",2023,2048,8,2,1
"2023_2048_2","SSA_00080",2023,2048,8,2,2
"2023_2048_3","SSA_00080",2023,2048,8,2,3
"2023_1087_1","SSA_00081",2023,1087,7,1,1
"2023_1087_2","SSA_00081",2023,1087,7,1,2
"2023_1087_3","SSA_00081",2023,1087,7,1,3
"2023_2046_1","SSA_00081",2023,2046,6,2,1
"2023_2046_2","SSA_00081",2023,2046,6,2,2
"2023_2046_3","SSA_00081",2023,2046,6,2,3
"2023_1313_1","SSA_00082",2023,1313,1,1,1
"2023_1313_2","SSA_00082",2023,1313,1,1,2
"2023_1313_3","SSA_00082",2023,1313,1,1,3
"2023_2223_1","SSA_00082",2023,2223,7,2,1
"2023_2223_2","SSA_00082",2023,2223,7,2,2
"2023_2223_3","SSA_00082",2023,2223,7,2,3
"2023_1257_1","SSA_00084",2023,1257,1,1,1
"2023_1257_2","SSA_00084",2023,1257,1,1,2
"2023_1257_3","SSA_00084",2023,1257,1,1,3
"2023_2297_1","SSA_00084",2023,2297,1,2,1
"2023_2297_2","SSA_00084",2023,2297,1,2,2
"2023_2297_3","SSA_00084",2023,2297,1,2,3
"2023_1059_1","SSA_00085",2023,1059,3,1,1
"2023_1059_2","SSA_00085",2023,1059,3,1,2
"2023_1059_3","SSA_00085",2023,1059,3,1,3
"2023_2031_1","SSA_00085",2023,2031,7,2,1
"2023_2031_2","SSA_00085",2023,2031,7,2,2
"2023_2031_3","SSA_00085",2023,2031,7,2,3
"2023_1120_1","SSA_00086",2023,1120,8,1,1
"2023_1120_2","SSA_00086",2023,1120,8,1,2
"2023_1120_3","SSA_00086",2023,1120,8,1,3
"2023_2145_1","SSA_00086",2023,2145,1,2,1
"2023_2145_2","SSA_00086",2023,2145,1,2,2
"2023_2145_3","SSA_00086",2023,2145,1,2,3
"2023_1051_1","SSA_00087",2023,1051,3,1,1
"2023_1051_2","SSA_00087",2023,1051,3,1,2
"2023_1051_3","SSA_00087",2023,1051,3,1,3
"2023_2082_1","SSA_00087",2023,2082,2,2,1
"2023_2082_2","SSA_00087",2023,2082,2,2,2
"2023_2082_3","SSA_00087",2023,2082,2,2,3
"2023_1312_1","SSA_00088",2023,1312,8,1,1
"2023_1312_2","SSA_00088",2023,1312,8,1,2
"2023_1312_3","SSA_00088",2023,1312,8,1,3
"2023_2055_1","SSA_00088",2023,2055,7,2,1
"2023_2055_2","SSA_00088",2023,2055,7,2,2
"2023_2055_3","SSA_00088",2023,2055,7,2,3
"2023_1028_1","SSA_00089",2023,1028,4,1,1
"2023_1028_2","SSA_00089",2023,1028,4,1,2
"2023_1028_3","SSA_00089",2023,1028,4,1,3
"2023_2213_1","SSA_00089",2023,2213,5,2,1
"2023_2213_2","SSA_00089",2023,2213,5,2,2
"2023_2213_3","SSA_00089",2023,2213,5,2,3
"2023_1295_1","SSA_00090",2023,1295,7,1,1
"2023_1295_2","SSA_00090",2023,1295,7,1,2
"2023_1295_3","SSA_00090",2023,1295,7,1,3
"2023_2235_1","SSA_00090",2023,2235,3,2,1
"2023_2235_2","SSA_00090",2023,2235,3,2,2
"2023_2235_3","SSA_00090",2023,2235,3,2,3
"2023_1067_1","SSA_00091",2023,1067,3,1,1
"2023_1067_2","SSA_00091",2023,1067,3,1,2
"2023_1067_3","SSA_00091",2023,1067,3,1,3
"2023_2119_1","SSA_00091",2023,2119,7,2,1
"2023_2119_2","SSA_00091",2023,2119,7,2,2
"2023_2119_3","SSA_00091",2023,2119,7,2,3
"2023_1256_1","SSA_00092",2023,1256,8,1,1
"2023_1256_2","SSA_00092",2023,1256,8,1,2
"2023_1256_3","SSA_00092",2023,1256,8,1,3
"2023_2206_1","SSA_00092",2023,2206,6,2,1
"2023_2206_2","SSA_00092",2023,2206,6,2,2
"2023_2206_3","SSA_00092",2023,2206,6,2,3
"2023_1132_1","SSA_00093",2023,1132,4,1,1
"2023_1132_2","SSA_00093",2023,1132,4,1,2
"2023_1132_3","SSA_00093",2023,1132,4,1,3
"2023_2173_1","SSA_00093",2023,2173,5,2,1
"2023_2173_2","SSA_00093",2023,2173,5,2,2
"2023_2173_3","SSA_00093",2023,2173,5,2,3
"2023_1069_1","SSA_00094",2023,1069,5,1,1
"2023_1069_2","SSA_00094",2023,1069,5,1,2
"2023_1069_3","SSA_00094",2023,1069,5,1,3
"2023_2089_1","SSA_00094",2023,2089,1,2,1
"2023_2089_2","SSA_00094",2023,2089,1,2,2
"2023_2089_3","SSA_00094",2023,2089,1,2,3
"2023_1252_1","SSA_00095",2023,1252,4,1,1
"2023_1252_2","SSA_00095",2023,1252,4,1,2
"2023_1252_3","SSA_00095",2023,1252,4,1,3
"2023_2286_1","SSA_00095",2023,2286,6,2,1
"2023_2286_2","SSA_00095",2023,2286,6,2,2
"2023_2286_3","SSA_00095",2023,2286,6,2,3
"2023_1206_1","SSA_00096",2023,1206,6,1,1
"2023_1206_2","SSA_00096",2023,1206,6,1,2
"2023_1206_3","SSA_00096",2023,1206,6,1,3
"2023_2076_1","SSA_00096",2023,2076,4,2,1
"2023_2076_2","SSA_00096",2023,2076,4,2,2
"2023_2076_3","SSA_00096",2023,2076,4,2,3
"2023_1031_1","SSA_00097",2023,1031,7,1,1
"2023_1031_2","SSA_00097",2023,1031,7,1,2
"2023_1031_3","SSA_00097",2023,1031,7,1,3
"2023_2159_1","SSA_00097",2023,2159,7,2,1
"2023_2159_2","SSA_00097",2023,2159,7,2,2
"2023_2159_3","SSA_00097",2023,2159,7,2,3
"2023_1161_1","SSA_00098",2023,1161,1,1,1
"2023_1161_2","SSA_00098",2023,1161,1,1,2
"2023_1161_3","SSA_00098",2023,1161,1,1,3
"2023_2194_1","SSA_00098",2023,2194,2,2,1
"2023_2194_2","SSA_00098",2023,2194,2,2,2
"2023_2194_3","SSA_00098",2023,2194,2,2,3
"2023_1266_1","SSA_00099",2023,1266,2,1,1
"2023_1266_2","SSA_00099",2023,1266,2,1,2
"2023_1266_3","SSA_00099",2023,1266,2,1,3
"2023_2016_1","SSA_00099",2023,2016,8,2,1
"2023_2016_2","SSA_00099",2023,2016,8,2,2
"2023_2016_3","SSA_00099",2023,2016,8,2,3
"2023_1080_1","SSA_00100",2023,1080,8,1,1
"2023_1080_2","SSA_00100",2023,1080,8,1,2
"2023_1080_3","SSA_00100",2023,1080,8,1,3
"2023_2253_1","SSA_00100",2023,2253,5,2,1
"2023_2253_2","SSA_00100",2023,2253,5,2,2
"2023_2253_3","SSA_00100",2023,2253,5,2,3
"2023_1052_1","SSA_00101",2023,1052,4,1,1
"2023_1052_2","SSA_00101",2023,1052,4,1,2
"2023_1052_3","SSA_00101",2023,1052,4,1,3
"2023_2060_1","SSA_00101",2023,2060,4,2,1
"2023_2060_2","SSA_00101",2023,2060,4,2,2
"2023_2060_3","SSA_00101",2023,2060,4,2,3
"2023_1041_1","SSA_00102",2023,1041,1,1,1
"2023_1041_2","SSA_00102",2023,1041,1,1,2
"2023_1041_3","SSA_00102",2023,1041,1,1,3
"2023_2200_1","SSA_00102",2023,2200,8,2,1
"2023_2200_2","SSA_00102",2023,2200,8,2,2
"2023_2200_3","SSA_00102",2023,2200,8,2,3
"2023_1168_1","SSA_00103",2023,1168,8,1,1
"2023_1168_2","SSA_00103",2023,1168,8,1,2
"2023_1168_3","SSA_00103",2023,1168,8,1,3
"2023_2052_1","SSA_00103",2023,2052,4,2,1
"2023_2052_2","SSA_00103",2023,2052,4,2,2
"2023_2052_3","SSA_00103",2023,2052,4,2,3
"2023_1062_1","SSA_00104",2023,1062,6,1,1
"2023_1062_2","SSA_00104",2023,1062,6,1,2
"2023_1062_3","SSA_00104",2023,1062,6,1,3
"2023_2260_1","SSA_00104",2023,2260,4,2,1
"2023_2260_2","SSA_00104",2023,2260,4,2,2
"2023_2260_3","SSA_00104",2023,2260,4,2,3
"2023_1304_1","SSA_00105",2023,1304,8,1,1
"2023_1304_2","SSA_00105",2023,1304,8,1,2
"2023_1304_3","SSA_00105",2023,1304,8,1,3
"2023_2183_1","SSA_00105",2023,2183,7,2,1
"2023_2183_2","SSA_00105",2023,2183,7,2,2
"2023_2183_3","SSA_00105",2023,2183,7,2,3
"2023_1197_1","SSA_00106",2023,1197,5,1,1
"2023_1197_2","SSA_00106",2023,1197,5,1,2
"2023_1197_3","SSA_00106",2023,1197,5,1,3
"2023_2309_1","SSA_00106",2023,2309,5,2,1
"2023_2309_2","SSA_00106",2023,2309,5,2,2
"2023_2309_3","SSA_00106",2023,2309,5,2,3
"2023_1250_1","SSA_00107",2023,1250,2,1,1
"2023_1250_2","SSA_00107",2023,1250,2,1,2
"2023_1250_3","SSA_00107",2023,1250,2,1,3
"2023_2105_1","SSA_00107",2023,2105,1,2,1
"2023_2105_2","SSA_00107",2023,2105,1,2,2
"2023_2105_3","SSA_00107",2023,2105,1,2,3
"2023_1297_1","SSA_00108",2023,1297,1,1,1
"2023_1297_2","SSA_00108",2023,1297,1,1,2
"2023_1297_3","SSA_00108",2023,1297,1,1,3
"2023_2258_1","SSA_00108",2023,2258,2,2,1
"2023_2258_2","SSA_00108",2023,2258,2,2,2
"2023_2258_3","SSA_00108",2023,2258,2,2,3
"2023_1255_1","SSA_00109",2023,1255,7,1,1
"2023_1255_2","SSA_00109",2023,1255,7,1,2
"2023_1255_3","SSA_00109",2023,1255,7,1,3
"2023_2310_1","SSA_00109",2023,2310,6,2,1
"2023_2310_2","SSA_00109",2023,2310,6,2,2
"2023_2310_3","SSA_00109",2023,2310,6,2,3
"2023_1043_1","SSA_00110",2023,1043,3,1,1
"2023_1043_2","SSA_00110",2023,1043,3,1,2
"2023_1043_3","SSA_00110",2023,1043,3,1,3
"2023_2025_1","SSA_00110",2023,2025,1,2,1
"2023_2025_2","SSA_00110",2023,2025,1,2,2
"2023_2025_3","SSA_00110",2023,2025,1,2,3
"2023_1135_1","SSA_00111",2023,1135,7,1,1
"2023_1135_2","SSA_00111",2023,1135,7,1,2
"2023_1135_3","SSA_00111",2023,1135,7,1,3
"2023_2059_1","SSA_00111",2023,2059,3,2,1
"2023_2059_2","SSA_00111",2023,2059,3,2,2
"2023_2059_3","SSA_00111",2023,2059,3,2,3
"2023_1211_1","SSA_00112",2023,1211,3,1,1
"2023_1211_2","SSA_00112",2023,1211,3,1,2
"2023_1211_3","SSA_00112",2023,1211,3,1,3
"2023_2262_1","SSA_00112",2023,2262,6,2,1
"2023_2262_2","SSA_00112",2023,2262,6,2,2
"2023_2262_3","SSA_00112",2023,2262,6,2,3
"2023_1127_1","SSA_00113",2023,1127,7,1,1
"2023_1127_2","SSA_00113",2023,1127,7,1,2
"2023_1127_3","SSA_00113",2023,1127,7,1,3
"2023_2085_1","SSA_00113",2023,2085,5,2,1
"2023_2085_2","SSA_00113",2023,2085,5,2,2
"2023_2085_3","SSA_00113",2023,2085,5,2,3
"2023_1296_1","SSA_00114",2023,1296,8,1,1
"2023_1296_2","SSA_00114",2023,1296,8,1,2
"2023_1296_3","SSA_00114",2023,1296,8,1,3
"2023_2018_1","SSA_00114",2023,2018,2,2,1
"2023_2018_2","SSA_00114",2023,2018,2,2,2
"2023_2018_3","SSA_00114",2023,2018,2,2,3
"2023_1007_1","SSA_00115",2023,1007,7,1,1
"2023_1007_2","SSA_00115",2023,1007,7,1,2
"2023_1007_3","SSA_00115",2023,1007,7,1,3
"2023_2243_1","SSA_00115",2023,2243,3,2,1
"2023_2243_2","SSA_00115",2023,2243,3,2,2
"2023_2243_3","SSA_00115",2023,2243,3,2,3
"2023_1129_1","SSA_00116",2023,1129,1,1,1
"2023_1129_2","SSA_00116",2023,1129,1,1,2
"2023_1129_3","SSA_00116",2023,1129,1,1,3
"2023_2228_1","SSA_00116",2023,2228,4,2,1
"2023_2228_2","SSA_00116",2023,2228,4,2,2
"2023_2228_3","SSA_00116",2023,2228,4,2,3
"2023_1121_1","SSA_00117",2023,1121,1,1,1
"2023_1121_2","SSA_00117",2023,1121,1,1,2
"2023_1121_3","SSA_00117",2023,1121,1,1,3
"2023_2010_1","SSA_00117",2023,2010,2,2,1
"2023_2010_2","SSA_00117",2023,2010,2,2,2
"2023_2010_3","SSA_00117",2023,2010,2,2,3
"2023_1030_1","SSA_00118",2023,1030,6,1,1
"2023_1030_2","SSA_00118",2023,1030,6,1,2
"2023_1030_3","SSA_00118",2023,1030,6,1,3
"2023_2131_1","SSA_00118",2023,2131,3,2,1
"2023_2131_2","SSA_00118",2023,2131,3,2,2
"2023_2131_3","SSA_00118",2023,2131,3,2,3
"2023_1301_1","SSA_00119",2023,1301,5,1,1
"2023_1301_2","SSA_00119",2023,1301,5,1,2
"2023_1301_3","SSA_00119",2023,1301,5,1,3
"2023_2198_1","SSA_00119",2023,2198,6,2,1
"2023_2198_2","SSA_00119",2023,2198,6,2,2
"2023_2198_3","SSA_00119",2023,2198,6,2,3
"2023_1193_1","SSA_00120",2023,1193,1,1,1
"2023_1193_2","SSA_00120",2023,1193,1,1,2
"2023_1193_3","SSA_00120",2023,1193,1,1,3
"2023_2124_1","SSA_00120",2023,2124,4,2,1
"2023_2124_2","SSA_00120",2023,2124,4,2,2
"2023_2124_3","SSA_00120",2023,2124,4,2,3
"2023_1222_1","SSA_00121",2023,1222,6,1,1
"2023_1222_2","SSA_00121",2023,1222,6,1,2
"2023_1222_3","SSA_00121",2023,1222,6,1,3
"2023_2306_1","SSA_00121",2023,2306,2,2,1
"2023_2306_2","SSA_00121",2023,2306,2,2,2
"2023_2306_3","SSA_00121",2023,2306,2,2,3
"2023_1203_1","SSA_00122",2023,1203,3,1,1
"2023_1203_2","SSA_00122",2023,1203,3,1,2
"2023_1203_3","SSA_00122",2023,1203,3,1,3
"2023_2024_1","SSA_00122",2023,2024,8,2,1
"2023_2024_2","SSA_00122",2023,2024,8,2,2
"2023_2024_3","SSA_00122",2023,2024,8,2,3
"2023_1126_1","SSA_00123",2023,1126,6,1,1
"2023_1126_2","SSA_00123",2023,1126,6,1,2
"2023_1126_3","SSA_00123",2023,1126,6,1,3
"2023_2003_1","SSA_00123",2023,2003,3,2,1
"2023_2003_2","SSA_00123",2023,2003,3,2,2
"2023_2003_3","SSA_00123",2023,2003,3,2,3
"2023_1094_1","SSA_00124",2023,1094,6,1,1
"2023_1094_2","SSA_00124",2023,1094,6,1,2
"2023_1094_3","SSA_00124",2023,1094,6,1,3
"2023_2196_1","SSA_00124",2023,2196,4,2,1
"2023_2196_2","SSA_00124",2023,2196,4,2,2
"2023_2196_3","SSA_00124",2023,2196,4,2,3
"2023_1290_1","SSA_00125",2023,1290,2,1,1
"2023_1290_2","SSA_00125",2023,1290,2,1,2
"2023_1290_3","SSA_00125",2023,1290,2,1,3
"2023_2053_1","SSA_00125",2023,2053,5,2,1
"2023_2053_2","SSA_00125",2023,2053,5,2,2
"2023_2053_3","SSA_00125",2023,2053,5,2,3
"2023_1133_1","SSA_00126",2023,1133,5,1,1
"2023_1133_2","SSA_00126",2023,1133,5,1,2
"2023_1133_3","SSA_00126",2023,1133,5,1,3
"2023_2167_1","SSA_00126",2023,2167,7,2,1
"2023_2167_2","SSA_00126",2023,2167,7,2,2
"2023_2167_3","SSA_00126",2023,2167,7,2,3
"2023_1305_1","SSA_00127",2023,1305,1,1,1
"2023_1305_2","SSA_00127",2023,1305,1,1,2
"2023_1305_3","SSA_00127",2023,1305,1,1,3
"2023_2104_1","SSA_00127",2023,2104,8,2,1
"2023_2104_2","SSA_00127",2023,2104,8,2,2
"2023_2104_3","SSA_00127",2023,2104,8,2,3
"2023_1279_1","SSA_00128",2023,1279,7,1,1
"2023_1279_2","SSA_00128",2023,1279,7,1,2
"2023_1279_3","SSA_00128",2023,1279,7,1,3
"2023_2039_1","SSA_00128",2023,2039,7,2,1
"2023_2039_2","SSA_00128",2023,2039,7,2,2
"2023_2039_3","SSA_00128",2023,2039,7,2,3
"2023_1036_1","SSA_00129",2023,1036,4,1,1
"2023_1036_2","SSA_00129",2023,1036,4,1,2
"2023_1036_3","SSA_00129",2023,1036,4,1,3
"2023_2087_1","SSA_00129",2023,2087,7,2,1
"2023_2087_2","SSA_00129",2023,2087,7,2,2
"2023_2087_3","SSA_00129",2023,2087,7,2,3
"2023_1144_1","SSA_00130",2023,1144,8,1,1
"2023_1144_2","SSA_00130",2023,1144,8,1,2
"2023_1144_3","SSA_00130",2023,1144,8,1,3
"2023_2032_1","SSA_00130",2023,2032,8,2,1
"2023_2032_2","SSA_00130",2023,2032,8,2,2
"2023_2032_3","SSA_00130",2023,2032,8,2,3
"2023_1029_1","SSA_00131",2023,1029,5,1,1
"2023_1029_2","SSA_00131",2023,1029,5,1,2
"2023_1029_3","SSA_00131",2023,1029,5,1,3
"2023_2041_1","SSA_00131",2023,2041,1,2,1
"2023_2041_2","SSA_00131",2023,2041,1,2,2
"2023_2041_3","SSA_00131",2023,2041,1,2,3
"2023_1267_1","SSA_00132",2023,1267,3,1,1
"2023_1267_2","SSA_00132",2023,1267,3,1,2
"2023_1267_3","SSA_00132",2023,1267,3,1,3
"2023_2084_1","SSA_00132",2023,2084,4,2,1
"2023_2084_2","SSA_00132",2023,2084,4,2,2
"2023_2084_3","SSA_00132",2023,2084,4,2,3
"2023_1117_1","SSA_00133",2023,1117,5,1,1
"2023_1117_2","SSA_00133",2023,1117,5,1,2
"2023_1117_3","SSA_00133",2023,1117,5,1,3
"2023_2307_1","SSA_00133",2023,2307,3,2,1
"2023_2307_2","SSA_00133",2023,2307,3,2,2
"2023_2307_3","SSA_00133",2023,2307,3,2,3
"2023_1159_1","SSA_00134",2023,1159,7,1,1
"2023_1159_2","SSA_00134",2023,1159,7,1,2
"2023_1159_3","SSA_00134",2023,1159,7,1,3
"2023_2138_1","SSA_00134",2023,2138,2,2,1
"2023_2138_2","SSA_00134",2023,2138,2,2,2
"2023_2138_3","SSA_00134",2023,2138,2,2,3
"2023_1095_1","SSA_00135",2023,1095,7,1,1
"2023_1095_2","SSA_00135",2023,1095,7,1,2
"2023_1095_3","SSA_00135",2023,1095,7,1,3
"2023_2296_1","SSA_00135",2023,2296,8,2,1
"2023_2296_2","SSA_00135",2023,2296,8,2,2
"2023_2296_3","SSA_00135",2023,2296,8,2,3
"2023_1185_1","SSA_00136",2023,1185,1,1,1
"2023_1185_2","SSA_00136",2023,1185,1,1,2
"2023_1185_3","SSA_00136",2023,1185,1,1,3
"2023_2058_1","SSA_00136",2023,2058,2,2,1
"2023_2058_2","SSA_00136",2023,2058,2,2,2
"2023_2058_3","SSA_00136",2023,2058,2,2,3
"2023_1015_1","SSA_00137",2023,1015,7,1,1
"2023_1015_2","SSA_00137",2023,1015,7,1,2
"2023_1015_3","SSA_00137",2023,1015,7,1,3
"2023_2190_1","SSA_00137",2023,2190,6,2,1
"2023_2190_2","SSA_00137",2023,2190,6,2,2
"2023_2190_3","SSA_00137",2023,2190,6,2,3
"2023_1234_1","SSA_00138",2023,1234,2,1,1
"2023_1234_2","SSA_00138",2023,1234,2,1,2
"2023_1234_3","SSA_00138",2023,1234,2,1,3
"2023_2186_1","SSA_00138",2023,2186,2,2,1
"2023_2186_2","SSA_00138",2023,2186,2,2,2
"2023_2186_3","SSA_00138",2023,2186,2,2,3
"2023_1017_1","SSA_00139",2023,1017,1,1,1
"2023_1017_2","SSA_00139",2023,1017,1,1,2
"2023_1017_3","SSA_00139",2023,1017,1,1,3
"2023_2127_1","SSA_00139",2023,2127,7,2,1
"2023_2127_2","SSA_00139",2023,2127,7,2,2
"2023_2127_3","SSA_00139",2023,2127,7,2,3
"2023_1105_1","SSA_00140",2023,1105,1,1,1
"2023_1105_2","SSA_00140",2023,1105,1,1,2
"2023_1105_3","SSA_00140",2023,1105,1,1,3
"2023_2088_1","SSA_00140",2023,2088,8,2,1
"2023_2088_2","SSA_00140",2023,2088,8,2,2
"2023_2088_3","SSA_00140",2023,2088,8,2,3
"2023_1021_1","SSA_00141",2023,1021,5,1,1
"2023_1021_2","SSA_00141",2023,1021,5,1,2
"2023_1021_3","SSA_00141",2023,1021,5,1,3
"2023_2312_1","SSA_00141",2023,2312,8,2,1
"2023_2312_2","SSA_00141",2023,2312,8,2,2
"2023_2312_3","SSA_00141",2023,2312,8,2,3
"2023_1046_1","SSA_00142",2023,1046,6,1,1
"2023_1046_2","SSA_00142",2023,1046,6,1,2
"2023_1046_3","SSA_00142",2023,1046,6,1,3
"2023_2132_1","SSA_00142",2023,2132,4,2,1
"2023_2132_2","SSA_00142",2023,2132,4,2,2
"2023_2132_3","SSA_00142",2023,2132,4,2,3
"2023_1119_1","SSA_00143",2023,1119,7,1,1
"2023_1119_2","SSA_00143",2023,1119,7,1,2
"2023_1119_3","SSA_00143",2023,1119,7,1,3
"2023_2214_1","SSA_00143",2023,2214,6,2,1
"2023_2214_2","SSA_00143",2023,2214,6,2,2
"2023_2214_3","SSA_00143",2023,2214,6,2,3
"2023_1034_1","SSA_00144",2023,1034,2,1,1
"2023_1034_2","SSA_00144",2023,1034,2,1,2
"2023_1034_3","SSA_00144",2023,1034,2,1,3
"2023_2165_1","SSA_00144",2023,2165,5,2,1
"2023_2165_2","SSA_00144",2023,2165,5,2,2
"2023_2165_3","SSA_00144",2023,2165,5,2,3
"2023_1108_1","SSA_00145",2023,1108,4,1,1
"2023_1108_2","SSA_00145",2023,1108,4,1,2
"2023_1108_3","SSA_00145",2023,1108,4,1,3
"2023_2164_1","SSA_00145",2023,2164,4,2,1
"2023_2164_2","SSA_00145",2023,2164,4,2,2
"2023_2164_3","SSA_00145",2023,2164,4,2,3
"2023_1026_1","SSA_00146",2023,1026,2,1,1
"2023_1026_2","SSA_00146",2023,1026,2,1,2
"2023_1026_3","SSA_00146",2023,1026,2,1,3
"2023_2264_1","SSA_00146",2023,2264,8,2,1
"2023_2264_2","SSA_00146",2023,2264,8,2,2
"2023_2264_3","SSA_00146",2023,2264,8,2,3
"2023_1192_1","SSA_00147",2023,1192,8,1,1
"2023_1192_2","SSA_00147",2023,1192,8,1,2
"2023_1192_3","SSA_00147",2023,1192,8,1,3
"2023_2006_1","SSA_00147",2023,2006,6,2,1
"2023_2006_2","SSA_00147",2023,2006,6,2,2
"2023_2006_3","SSA_00147",2023,2006,6,2,3
"2023_1319_1","SSA_00148",2023,1319,7,1,1
"2023_1319_2","SSA_00148",2023,1319,7,1,2
"2023_1319_3","SSA_00148",2023,1319,7,1,3
"2023_2020_1","SSA_00148",2023,2020,4,2,1
"2023_2020_2","SSA_00148",2023,2020,4,2,2
"2023_2020_3","SSA_00148",2023,2020,4,2,3
"2023_1032_1","SSA_00149",2023,1032,8,1,1
"2023_1032_2","SSA_00149",2023,1032,8,1,2
"2023_1032_3","SSA_00149",2023,1032,8,1,3
"2023_2123_1","SSA_00149",2023,2123,3,2,1
"2023_2123_2","SSA_00149",2023,2123,3,2,2
"2023_2123_3","SSA_00149",2023,2123,3,2,3
"2023_1063_1","SSA_00150",2023,1063,7,1,1
"2023_1063_2","SSA_00150",2023,1063,7,1,2
"2023_1063_3","SSA_00150",2023,1063,7,1,3
"2023_2047_1","SSA_00150",2023,2047,7,2,1
"2023_2047_2","SSA_00150",2023,2047,7,2,2
"2023_2047_3","SSA_00150",2023,2047,7,2,3
"2023_1170_1","SSA_00151",2023,1170,2,1,1
"2023_1170_2","SSA_00151",2023,1170,2,1,2
"2023_1170_3","SSA_00151",2023,1170,2,1,3
"2023_2274_1","SSA_00151",2023,2274,2,2,1
"2023_2274_2","SSA_00151",2023,2274,2,2,2
"2023_2274_3","SSA_00151",2023,2274,2,2,3
"2023_1181_1","SSA_00152",2023,1181,5,1,1
"2023_1181_2","SSA_00152",2023,1181,5,1,2
"2023_1181_3","SSA_00152",2023,1181,5,1,3
"2023_2257_1","SSA_00152",2023,2257,1,2,1
"2023_2257_2","SSA_00152",2023,2257,1,2,2
"2023_2257_3","SSA_00152",2023,2257,1,2,3
"2023_1249_1","SSA_00153",2023,1249,1,1,1
"2023_1249_2","SSA_00153",2023,1249,1,1,2
"2023_1249_3","SSA_00153",2023,1249,1,1,3
"2023_2128_1","SSA_00153",2023,2128,8,2,1
"2023_2128_2","SSA_00153",2023,2128,8,2,2
"2023_2128_3","SSA_00153",2023,2128,8,2,3
"2023_1018_1","SSA_00155",2023,1018,2,1,1
"2023_1018_2","SSA_00155",2023,1018,2,1,2
"2023_1018_3","SSA_00155",2023,1018,2,1,3
"2023_2110_1","SSA_00155",2023,2110,6,2,1
"2023_2110_2","SSA_00155",2023,2110,6,2,2
"2023_2110_3","SSA_00155",2023,2110,6,2,3
"2023_1253_1","SSA_00156",2023,1253,5,1,1
"2023_1253_2","SSA_00156",2023,1253,5,1,2
"2023_1253_3","SSA_00156",2023,1253,5,1,3
"2023_2146_1","SSA_00156",2023,2146,2,2,1
"2023_2146_2","SSA_00156",2023,2146,2,2,2
"2023_2146_3","SSA_00156",2023,2146,2,2,3
"2023_1002_1","SSA_00157",2023,1002,2,1,1
"2023_1002_2","SSA_00157",2023,1002,2,1,2
"2023_1002_3","SSA_00157",2023,1002,2,1,3
"2023_2106_1","SSA_00157",2023,2106,2,2,1
"2023_2106_2","SSA_00157",2023,2106,2,2,2
"2023_2106_3","SSA_00157",2023,2106,2,2,3
"2023_1137_1","SSA_00158",2023,1137,1,1,1
"2023_1137_2","SSA_00158",2023,1137,1,1,2
"2023_1137_3","SSA_00158",2023,1137,1,1,3
"2023_2209_1","SSA_00158",2023,2209,1,2,1
"2023_2209_2","SSA_00158",2023,2209,1,2,2
"2023_2209_3","SSA_00158",2023,2209,1,2,3
"2023_1045_1","SSA_00159",2023,1045,5,1,1
"2023_1045_2","SSA_00159",2023,1045,5,1,2
"2023_1045_3","SSA_00159",2023,1045,5,1,3
"2023_2316_1","SSA_00159",2023,2316,4,2,1
"2023_2316_2","SSA_00159",2023,2316,4,2,2
"2023_2316_3","SSA_00159",2023,2316,4,2,3
"2023_1289_1","SSA_00160",2023,1289,1,1,1
"2023_1289_2","SSA_00160",2023,1289,1,1,2
"2023_1289_3","SSA_00160",2023,1289,1,1,3
"2023_2036_1","SSA_00160",2023,2036,4,2,1
"2023_2036_2","SSA_00160",2023,2036,4,2,2
"2023_2036_3","SSA_00160",2023,2036,4,2,3
"2023_1232_1","SSA_00161",2023,1232,8,1,1
"2023_1232_2","SSA_00161",2023,1232,8,1,2
"2023_1232_3","SSA_00161",2023,1232,8,1,3
"2023_2130_1","SSA_00161",2023,2130,2,2,1
"2023_2130_2","SSA_00161",2023,2130,2,2,2
"2023_2130_3","SSA_00161",2023,2130,2,2,3
"2023_1182_1","SSA_00162",2023,1182,6,1,1
"2023_1182_2","SSA_00162",2023,1182,6,1,2
"2023_1182_3","SSA_00162",2023,1182,6,1,3
"2023_2199_1","SSA_00162",2023,2199,7,2,1
"2023_2199_2","SSA_00162",2023,2199,7,2,2
"2023_2199_3","SSA_00162",2023,2199,7,2,3
"2023_1241_1","SSA_00163",2023,1241,1,1,1
"2023_1241_2","SSA_00163",2023,1241,1,1,2
"2023_1241_3","SSA_00163",2023,1241,1,1,3
"2023_2004_1","SSA_00163",2023,2004,4,2,1
"2023_2004_2","SSA_00163",2023,2004,4,2,2
"2023_2004_3","SSA_00163",2023,2004,4,2,3
"2023_1107_1","SSA_00164",2023,1107,3,1,1
"2023_1107_2","SSA_00164",2023,1107,3,1,2
"2023_1107_3","SSA_00164",2023,1107,3,1,3
"2023_2203_1","SSA_00164",2023,2203,3,2,1
"2023_2203_2","SSA_00164",2023,2203,3,2,2
"2023_2203_3","SSA_00164",2023,2203,3,2,3
"2023_1049_1","SSA_00166",2023,1049,1,1,1
"2023_1049_2","SSA_00166",2023,1049,1,1,2
"2023_1049_3","SSA_00166",2023,1049,1,1,3
"2023_2015_1","SSA_00166",2023,2015,7,2,1
"2023_2015_2","SSA_00166",2023,2015,7,2,2
"2023_2015_3","SSA_00166",2023,2015,7,2,3
"2023_1306_1","SSA_00167",2023,1306,2,1,1
"2023_1306_2","SSA_00167",2023,1306,2,1,2
"2023_1306_3","SSA_00167",2023,1306,2,1,3
"2023_2220_1","SSA_00167",2023,2220,4,2,1
"2023_2220_2","SSA_00167",2023,2220,4,2,2
"2023_2220_3","SSA_00167",2023,2220,4,2,3
"2023_1092_1","SSA_00168",2023,1092,4,1,1
"2023_1092_2","SSA_00168",2023,1092,4,1,2
"2023_1092_3","SSA_00168",2023,1092,4,1,3
"2023_2102_1","SSA_00168",2023,2102,6,2,1
"2023_2102_2","SSA_00168",2023,2102,6,2,2
"2023_2102_3","SSA_00168",2023,2102,6,2,3
"2023_1248_1","SSA_00169",2023,1248,8,1,1
"2023_1248_2","SSA_00169",2023,1248,8,1,2
"2023_1248_3","SSA_00169",2023,1248,8,1,3
"2023_2065_1","SSA_00169",2023,2065,1,2,1
"2023_2065_2","SSA_00169",2023,2065,1,2,2
"2023_2065_3","SSA_00169",2023,2065,1,2,3
"2023_1262_1","SSA_00170",2023,1262,6,1,1
"2023_1262_2","SSA_00170",2023,1262,6,1,2
"2023_1262_3","SSA_00170",2023,1262,6,1,3
"2023_2197_1","SSA_00170",2023,2197,5,2,1
"2023_2197_2","SSA_00170",2023,2197,5,2,2
"2023_2197_3","SSA_00170",2023,2197,5,2,3
"2023_1061_1","SSA_00171",2023,1061,5,1,1
"2023_1061_2","SSA_00171",2023,1061,5,1,2
"2023_1061_3","SSA_00171",2023,1061,5,1,3
"2023_2179_1","SSA_00171",2023,2179,3,2,1
"2023_2179_2","SSA_00171",2023,2179,3,2,2
"2023_2179_3","SSA_00171",2023,2179,3,2,3
"2023_1155_1","SSA_00172",2023,1155,3,1,1
"2023_1155_2","SSA_00172",2023,1155,3,1,2
"2023_1155_3","SSA_00172",2023,1155,3,1,3
"2023_2293_1","SSA_00172",2023,2293,5,2,1
"2023_2293_2","SSA_00172",2023,2293,5,2,2
"2023_2293_3","SSA_00172",2023,2293,5,2,3
"2023_1025_1","SSA_00173",2023,1025,1,1,1
"2023_1025_2","SSA_00173",2023,1025,1,1,2
"2023_1025_3","SSA_00173",2023,1025,1,1,3
"2023_2318_1","SSA_00173",2023,2318,6,2,1
"2023_2318_2","SSA_00173",2023,2318,6,2,2
"2023_2318_3","SSA_00173",2023,2318,6,2,3
"2023_1258_1","SSA_00174",2023,1258,2,1,1
"2023_1258_2","SSA_00174",2023,1258,2,1,2
"2023_1258_3","SSA_00174",2023,1258,2,1,3
"2023_2141_1","SSA_00174",2023,2141,5,2,1
"2023_2141_2","SSA_00174",2023,2141,5,2,2
"2023_2141_3","SSA_00174",2023,2141,5,2,3
"2023_1071_1","SSA_00175",2023,1071,7,1,1
"2023_1071_2","SSA_00175",2023,1071,7,1,2
"2023_1071_3","SSA_00175",2023,1071,7,1,3
"2023_2285_1","SSA_00175",2023,2285,5,2,1
"2023_2285_2","SSA_00175",2023,2285,5,2,2
"2023_2285_3","SSA_00175",2023,2285,5,2,3
"2023_1163_1","SSA_00176",2023,1163,3,1,1
"2023_1163_2","SSA_00176",2023,1163,3,1,2
"2023_1163_3","SSA_00176",2023,1163,3,1,3
"2023_2192_1","SSA_00176",2023,2192,8,2,1
"2023_2192_2","SSA_00176",2023,2192,8,2,2
"2023_2192_3","SSA_00176",2023,2192,8,2,3
"2023_1299_1","SSA_00177",2023,1299,3,1,1
"2023_1299_2","SSA_00177",2023,1299,3,1,2
"2023_1299_3","SSA_00177",2023,1299,3,1,3
"2023_2303_1","SSA_00177",2023,2303,7,2,1
"2023_2303_2","SSA_00177",2023,2303,7,2,2
"2023_2303_3","SSA_00177",2023,2303,7,2,3
"2023_1005_1","SSA_00178",2023,1005,5,1,1
"2023_1005_2","SSA_00178",2023,1005,5,1,2
"2023_1005_3","SSA_00178",2023,1005,5,1,3
"2023_2308_1","SSA_00178",2023,2308,4,2,1
"2023_2308_2","SSA_00178",2023,2308,4,2,2
"2023_2308_3","SSA_00178",2023,2308,4,2,3
"2023_1077_1","SSA_00179",2023,1077,5,1,1
"2023_1077_2","SSA_00179",2023,1077,5,1,2
"2023_1077_3","SSA_00179",2023,1077,5,1,3
"2023_2295_1","SSA_00179",2023,2295,7,2,1
"2023_2295_2","SSA_00179",2023,2295,7,2,2
"2023_2295_3","SSA_00179",2023,2295,7,2,3
"2023_1210_1","SSA_00181",2023,1210,2,1,1
"2023_1210_2","SSA_00181",2023,1210,2,1,2
"2023_1210_3","SSA_00181",2023,1210,2,1,3
"2023_2317_1","SSA_00181",2023,2317,5,2,1
"2023_2317_2","SSA_00181",2023,2317,5,2,2
"2023_2317_3","SSA_00181",2023,2317,5,2,3
"2023_1245_1","SSA_00182",2023,1245,5,1,1
"2023_1245_2","SSA_00182",2023,1245,5,1,2
"2023_1245_3","SSA_00182",2023,1245,5,1,3
"2023_2172_1","SSA_00182",2023,2172,4,2,1
"2023_2172_2","SSA_00182",2023,2172,4,2,2
"2023_2172_3","SSA_00182",2023,2172,4,2,3
"2023_1169_1","SSA_00183",2023,1169,1,1,1
"2023_1169_2","SSA_00183",2023,1169,1,1,2
"2023_1169_3","SSA_00183",2023,1169,1,1,3
"2023_2311_1","SSA_00183",2023,2311,7,2,1
"2023_2311_2","SSA_00183",2023,2311,7,2,2
"2023_2311_3","SSA_00183",2023,2311,7,2,3
"2023_1004_1","SSA_00184",2023,1004,4,1,1
"2023_1004_2","SSA_00184",2023,1004,4,1,2
"2023_1004_3","SSA_00184",2023,1004,4,1,3
"2023_2204_1","SSA_00184",2023,2204,4,2,1
"2023_2204_2","SSA_00184",2023,2204,4,2,2
"2023_2204_3","SSA_00184",2023,2204,4,2,3
"2023_1298_1","SSA_00185",2023,1298,2,1,1
"2023_1298_2","SSA_00185",2023,1298,2,1,2
"2023_1298_3","SSA_00185",2023,1298,2,1,3
"2023_2314_1","SSA_00185",2023,2314,2,2,1
"2023_2314_2","SSA_00185",2023,2314,2,2,2
"2023_2314_3","SSA_00185",2023,2314,2,2,3
"2023_1048_1","SSA_00186",2023,1048,8,1,1
"2023_1048_2","SSA_00186",2023,1048,8,1,2
"2023_1048_3","SSA_00186",2023,1048,8,1,3
"2023_2259_1","SSA_00186",2023,2259,3,2,1
"2023_2259_2","SSA_00186",2023,2259,3,2,2
"2023_2259_3","SSA_00186",2023,2259,3,2,3
"2023_1226_1","SSA_00187",2023,1226,2,1,1
"2023_1226_2","SSA_00187",2023,1226,2,1,2
"2023_1226_3","SSA_00187",2023,1226,2,1,3
"2023_2153_1","SSA_00187",2023,2153,1,2,1
"2023_2153_2","SSA_00187",2023,2153,1,2,2
"2023_2153_3","SSA_00187",2023,2153,1,2,3
"2023_1035_1","SSA_00188",2023,1035,3,1,1
"2023_1035_2","SSA_00188",2023,1035,3,1,2
"2023_1035_3","SSA_00188",2023,1035,3,1,3
"2023_2093_1","SSA_00188",2023,2093,5,2,1
"2023_2093_2","SSA_00188",2023,2093,5,2,2
"2023_2093_3","SSA_00188",2023,2093,5,2,3
"2023_1171_1","SSA_00189",2023,1171,3,1,1
"2023_1171_2","SSA_00189",2023,1171,3,1,2
"2023_1171_3","SSA_00189",2023,1171,3,1,3
"2023_2284_1","SSA_00189",2023,2284,4,2,1
"2023_2284_2","SSA_00189",2023,2284,4,2,2
"2023_2284_3","SSA_00189",2023,2284,4,2,3
"2023_1066_1","SSA_00190",2023,1066,2,1,1
"2023_1066_2","SSA_00190",2023,1066,2,1,2
"2023_1066_3","SSA_00190",2023,1066,2,1,3
"2023_2112_1","SSA_00190",2023,2112,8,2,1
"2023_2112_2","SSA_00190",2023,2112,8,2,2
"2023_2112_3","SSA_00190",2023,2112,8,2,3
"2023_1282_1","SSA_00191",2023,1282,2,1,1
"2023_1282_2","SSA_00191",2023,1282,2,1,2
"2023_1282_3","SSA_00191",2023,1282,2,1,3
"2023_2019_1","SSA_00191",2023,2019,3,2,1
"2023_2019_2","SSA_00191",2023,2019,3,2,2
"2023_2019_3","SSA_00191",2023,2019,3,2,3
"2023_1286_1","SSA_00193",2023,1286,6,1,1
"2023_1286_2","SSA_00193",2023,1286,6,1,2
"2023_1286_3","SSA_00193",2023,1286,6,1,3
"2023_2217_1","SSA_00193",2023,2217,1,2,1
"2023_2217_2","SSA_00193",2023,2217,1,2,2
"2023_2217_3","SSA_00193",2023,2217,1,2,3
"2023_1275_1","SSA_00194",2023,1275,3,1,1
"2023_1275_2","SSA_00194",2023,1275,3,1,2
"2023_1275_3","SSA_00194",2023,1275,3,1,3
"2023_2170_1","SSA_00194",2023,2170,2,2,1
"2023_2170_2","SSA_00194",2023,2170,2,2,2
"2023_2170_3","SSA_00194",2023,2170,2,2,3
"2023_1142_1","SSA_00196",2023,1142,6,1,1
"2023_1142_2","SSA_00196",2023,1142,6,1,2
"2023_1142_3","SSA_00196",2023,1142,6,1,3
"2023_2320_1","SSA_00196",2023,2320,8,2,1
"2023_2320_2","SSA_00196",2023,2320,8,2,2
"2023_2320_3","SSA_00196",2023,2320,8,2,3
"2023_1146_1","SSA_00197",2023,1146,2,1,1
"2023_1146_2","SSA_00197",2023,1146,2,1,2
"2023_1146_3","SSA_00197",2023,1146,2,1,3
"2023_2111_1","SSA_00197",2023,2111,7,2,1
"2023_2111_2","SSA_00197",2023,2111,7,2,2
"2023_2111_3","SSA_00197",2023,2111,7,2,3
"2023_1100_1","SSA_00198",2023,1100,4,1,1
"2023_1100_2","SSA_00198",2023,1100,4,1,2
"2023_1100_3","SSA_00198",2023,1100,4,1,3
"2023_2109_1","SSA_00198",2023,2109,5,2,1
"2023_2109_2","SSA_00198",2023,2109,5,2,2
"2023_2109_3","SSA_00198",2023,2109,5,2,3
"2023_1261_1","SSA_00199",2023,1261,5,1,1
"2023_1261_2","SSA_00199",2023,1261,5,1,2
"2023_1261_3","SSA_00199",2023,1261,5,1,3
"2023_2289_1","SSA_00199",2023,2289,1,2,1
"2023_2289_2","SSA_00199",2023,2289,1,2,2
"2023_2289_3","SSA_00199",2023,2289,1,2,3
"2023_1310_1","SSA_00200",2023,1310,6,1,1
"2023_1310_2","SSA_00200",2023,1310,6,1,2
"2023_1310_3","SSA_00200",2023,1310,6,1,3
"2023_2290_1","SSA_00200",2023,2290,2,2,1
"2023_2290_2","SSA_00200",2023,2290,2,2,2
"2023_2290_3","SSA_00200",2023,2290,2,2,3
"2023_1188_1","SSA_00202",2023,1188,4,1,1
"2023_1188_2","SSA_00202",2023,1188,4,1,2
"2023_1188_3","SSA_00202",2023,1188,4,1,3
"2023_2168_1","SSA_00202",2023,2168,8,2,1
"2023_2168_2","SSA_00202",2023,2168,8,2,2
"2023_2168_3","SSA_00202",2023,2168,8,2,3
"2023_1151_1","SSA_00203",2023,1151,7,1,1
"2023_1151_2","SSA_00203",2023,1151,7,1,2
"2023_1151_3","SSA_00203",2023,1151,7,1,3
"2023_2166_1","SSA_00203",2023,2166,6,2,1
"2023_2166_2","SSA_00203",2023,2166,6,2,2
"2023_2166_3","SSA_00203",2023,2166,6,2,3
"2023_1044_1","SSA_00204",2023,1044,4,1,1
"2023_1044_2","SSA_00204",2023,1044,4,1,2
"2023_1044_3","SSA_00204",2023,1044,4,1,3
"2023_2158_1","SSA_00204",2023,2158,6,2,1
"2023_2158_2","SSA_00204",2023,2158,6,2,2
"2023_2158_3","SSA_00204",2023,2158,6,2,3
"2023_1014_1","SSA_00205",2023,1014,6,1,1
"2023_1014_2","SSA_00205",2023,1014,6,1,2
"2023_1014_3","SSA_00205",2023,1014,6,1,3
"2023_2291_1","SSA_00205",2023,2291,3,2,1
"2023_2291_2","SSA_00205",2023,2291,3,2,2
"2023_2291_3","SSA_00205",2023,2291,3,2,3
"2023_1260_1","SSA_00207",2023,1260,4,1,1
"2023_1260_2","SSA_00207",2023,1260,4,1,2
"2023_1260_3","SSA_00207",2023,1260,4,1,3
"2023_2184_1","SSA_00207",2023,2184,8,2,1
"2023_2184_2","SSA_00207",2023,2184,8,2,2
"2023_2184_3","SSA_00207",2023,2184,8,2,3
"2023_1229_1","SSA_00208",2023,1229,5,1,1
"2023_1229_2","SSA_00208",2023,1229,5,1,2
"2023_1229_3","SSA_00208",2023,1229,5,1,3
"2023_2305_1","SSA_00208",2023,2305,1,2,1
"2023_2305_2","SSA_00208",2023,2305,1,2,2
"2023_2305_3","SSA_00208",2023,2305,1,2,3
"2023_1238_1","SSA_00209",2023,1238,6,1,1
"2023_1238_2","SSA_00209",2023,1238,6,1,2
"2023_1238_3","SSA_00209",2023,1238,6,1,3
"2023_2101_1","SSA_00209",2023,2101,5,2,1
"2023_2101_2","SSA_00209",2023,2101,5,2,2
"2023_2101_3","SSA_00209",2023,2101,5,2,3
"2023_1020_1","SSA_00210",2023,1020,4,1,1
"2023_1020_2","SSA_00210",2023,1020,4,1,2
"2023_1020_3","SSA_00210",2023,1020,4,1,3
"2023_2208_1","SSA_00210",2023,2208,8,2,1
"2023_2208_2","SSA_00210",2023,2208,8,2,2
"2023_2208_3","SSA_00210",2023,2208,8,2,3
"2023_1268_1","SSA_00211",2023,1268,4,1,1
"2023_1268_2","SSA_00211",2023,1268,4,1,2
"2023_1268_3","SSA_00211",2023,1268,4,1,3
"2023_2095_1","SSA_00211",2023,2095,7,2,1
"2023_2095_2","SSA_00211",2023,2095,7,2,2
"2023_2095_3","SSA_00211",2023,2095,7,2,3
"2023_1177_1","SSA_00212",2023,1177,1,1,1
"2023_1177_2","SSA_00212",2023,1177,1,1,2
"2023_1177_3","SSA_00212",2023,1177,1,1,3
"2023_2142_1","SSA_00212",2023,2142,6,2,1
"2023_2142_2","SSA_00212",2023,2142,6,2,2
"2023_2142_3","SSA_00212",2023,2142,6,2,3
"2023_1158_1","SSA_00213",2023,1158,6,1,1
"2023_1158_2","SSA_00213",2023,1158,6,1,2
"2023_1158_3","SSA_00213",2023,1158,6,1,3
"2023_2050_1","SSA_00213",2023,2050,2,2,1
"2023_2050_2","SSA_00213",2023,2050,2,2,2
"2023_2050_3","SSA_00213",2023,2050,2,2,3
"2023_1072_1","SSA_00215",2023,1072,8,1,1
"2023_1072_2","SSA_00215",2023,1072,8,1,2
"2023_1072_3","SSA_00215",2023,1072,8,1,3
"2023_2279_1","SSA_00215",2023,2279,7,2,1
"2023_2279_2","SSA_00215",2023,2279,7,2,2
"2023_2279_3","SSA_00215",2023,2279,7,2,3
"2023_1083_1","SSA_00216",2023,1083,3,1,1
"2023_1083_2","SSA_00216",2023,1083,3,1,2
"2023_1083_3","SSA_00216",2023,1083,3,1,3
"2023_2157_1","SSA_00216",2023,2157,5,2,1
"2023_2157_2","SSA_00216",2023,2157,5,2,2
"2023_2157_3","SSA_00216",2023,2157,5,2,3
"2023_1309_1","SSA_00217",2023,1309,5,1,1
"2023_1309_2","SSA_00217",2023,1309,5,1,2
"2023_1309_3","SSA_00217",2023,1309,5,1,3
"2023_2300_1","SSA_00217",2023,2300,4,2,1
"2023_2300_2","SSA_00217",2023,2300,4,2,2
"2023_2300_3","SSA_00217",2023,2300,4,2,3
"2023_1189_1","SSA_00218",2023,1189,5,1,1
"2023_1189_2","SSA_00218",2023,1189,5,1,2
"2023_1189_3","SSA_00218",2023,1189,5,1,3
"2023_2083_1","SSA_00218",2023,2083,3,2,1
"2023_2083_2","SSA_00218",2023,2083,3,2,2
"2023_2083_3","SSA_00218",2023,2083,3,2,3
"2023_1204_1","SSA_00219",2023,1204,4,1,1
"2023_1204_2","SSA_00219",2023,1204,4,1,2
"2023_1204_3","SSA_00219",2023,1204,4,1,3
"2023_2176_1","SSA_00219",2023,2176,8,2,1
"2023_2176_2","SSA_00219",2023,2176,8,2,2
"2023_2176_3","SSA_00219",2023,2176,8,2,3
"2023_1288_1","SSA_00220",2023,1288,8,1,1
"2023_1288_2","SSA_00220",2023,1288,8,1,2
"2023_1288_3","SSA_00220",2023,1288,8,1,3
"2023_2250_1","SSA_00220",2023,2250,2,2,1
"2023_2250_2","SSA_00220",2023,2250,2,2,2
"2023_2250_3","SSA_00220",2023,2250,2,2,3
"2023_1218_1","SSA_00221",2023,1218,2,1,1
"2023_1218_2","SSA_00221",2023,1218,2,1,2
"2023_1218_3","SSA_00221",2023,1218,2,1,3
"2023_2280_1","SSA_00221",2023,2280,8,2,1
"2023_2280_2","SSA_00221",2023,2280,8,2,2
"2023_2280_3","SSA_00221",2023,2280,8,2,3
"2023_1123_1","SSA_00222",2023,1123,3,1,1
"2023_1123_2","SSA_00222",2023,1123,3,1,2
"2023_1123_3","SSA_00222",2023,1123,3,1,3
"2023_2033_1","SSA_00222",2023,2033,1,2,1
"2023_2033_2","SSA_00222",2023,2033,1,2,2
"2023_2033_3","SSA_00222",2023,2033,1,2,3
"2023_1111_1","SSA_00223",2023,1111,7,1,1
"2023_1111_2","SSA_00223",2023,1111,7,1,2
"2023_1111_3","SSA_00223",2023,1111,7,1,3
"2023_2246_1","SSA_00223",2023,2246,6,2,1
"2023_2246_2","SSA_00223",2023,2246,6,2,2
"2023_2246_3","SSA_00223",2023,2246,6,2,3
"2023_1243_1","SSA_00224",2023,1243,3,1,1
"2023_1243_2","SSA_00224",2023,1243,3,1,2
"2023_1243_3","SSA_00224",2023,1243,3,1,3
"2023_2035_1","SSA_00224",2023,2035,3,2,1
"2023_2035_2","SSA_00224",2023,2035,3,2,2
"2023_2035_3","SSA_00224",2023,2035,3,2,3
"2023_1220_1","SSA_00225",2023,1220,4,1,1
"2023_1220_2","SSA_00225",2023,1220,4,1,2
"2023_1220_3","SSA_00225",2023,1220,4,1,3
"2023_2154_1","SSA_00225",2023,2154,2,2,1
"2023_2154_2","SSA_00225",2023,2154,2,2,2
"2023_2154_3","SSA_00225",2023,2154,2,2,3
"2023_1269_1","SSA_00226",2023,1269,5,1,1
"2023_1269_2","SSA_00226",2023,1269,5,1,2
"2023_1269_3","SSA_00226",2023,1269,5,1,3
"2023_2001_1","SSA_00226",2023,2001,1,2,1
"2023_2001_2","SSA_00226",2023,2001,1,2,2
"2023_2001_3","SSA_00226",2023,2001,1,2,3
"2023_1013_1","SSA_00227",2023,1013,5,1,1
"2023_1013_2","SSA_00227",2023,1013,5,1,2
"2023_1013_3","SSA_00227",2023,1013,5,1,3
"2023_2103_1","SSA_00227",2023,2103,7,2,1
"2023_2103_2","SSA_00227",2023,2103,7,2,2
"2023_2103_3","SSA_00227",2023,2103,7,2,3
"2023_1160_1","SSA_00228",2023,1160,8,1,1
"2023_1160_2","SSA_00228",2023,1160,8,1,2
"2023_1160_3","SSA_00228",2023,1160,8,1,3
"2023_2098_1","SSA_00228",2023,2098,2,2,1
"2023_2098_2","SSA_00228",2023,2098,2,2,2
"2023_2098_3","SSA_00228",2023,2098,2,2,3
"2023_1201_1","SSA_00229",2023,1201,1,1,1
"2023_1201_2","SSA_00229",2023,1201,1,1,2
"2023_1201_3","SSA_00229",2023,1201,1,1,3
"2023_2067_1","SSA_00229",2023,2067,3,2,1
"2023_2067_2","SSA_00229",2023,2067,3,2,2
"2023_2067_3","SSA_00229",2023,2067,3,2,3
"2023_1236_1","SSA_00230",2023,1236,4,1,1
"2023_1236_2","SSA_00230",2023,1236,4,1,2
"2023_1236_3","SSA_00230",2023,1236,4,1,3
"2023_2017_1","SSA_00230",2023,2017,1,2,1
"2023_2017_2","SSA_00230",2023,2017,1,2,2
"2023_2017_3","SSA_00230",2023,2017,1,2,3
"2023_1019_1","SSA_00231",2023,1019,3,1,1
"2023_1019_2","SSA_00231",2023,1019,3,1,2
"2023_1019_3","SSA_00231",2023,1019,3,1,3
"2023_2278_1","SSA_00231",2023,2278,6,2,1
"2023_2278_2","SSA_00231",2023,2278,6,2,2
"2023_2278_3","SSA_00231",2023,2278,6,2,3
"2023_1164_1","SSA_00232",2023,1164,4,1,1
"2023_1164_2","SSA_00232",2023,1164,4,1,2
"2023_1164_3","SSA_00232",2023,1164,4,1,3
"2023_2301_1","SSA_00232",2023,2301,5,2,1
"2023_2301_2","SSA_00232",2023,2301,5,2,2
"2023_2301_3","SSA_00232",2023,2301,5,2,3
"2023_1228_1","SSA_00233",2023,1228,4,1,1
"2023_1228_2","SSA_00233",2023,1228,4,1,2
"2023_1228_3","SSA_00233",2023,1228,4,1,3
"2023_2121_1","SSA_00233",2023,2121,1,2,1
"2023_2121_2","SSA_00233",2023,2121,1,2,2
"2023_2121_3","SSA_00233",2023,2121,1,2,3
"2023_1152_1","SSA_00234",2023,1152,8,1,1
"2023_1152_2","SSA_00234",2023,1152,8,1,2
"2023_1152_3","SSA_00234",2023,1152,8,1,3
"2023_2226_1","SSA_00234",2023,2226,2,2,1
"2023_2226_2","SSA_00234",2023,2226,2,2,2
"2023_2226_3","SSA_00234",2023,2226,2,2,3
"2023_1102_1","SSA_00235",2023,1102,6,1,1
"2023_1102_2","SSA_00235",2023,1102,6,1,2
"2023_1102_3","SSA_00235",2023,1102,6,1,3
"2023_2205_1","SSA_00235",2023,2205,5,2,1
"2023_2205_2","SSA_00235",2023,2205,5,2,2
"2023_2205_3","SSA_00235",2023,2205,5,2,3
"2023_1196_1","SSA_00236",2023,1196,4,1,1
"2023_1196_2","SSA_00236",2023,1196,4,1,2
"2023_1196_3","SSA_00236",2023,1196,4,1,3
"2023_2277_1","SSA_00236",2023,2277,5,2,1
"2023_2277_2","SSA_00236",2023,2277,5,2,2
"2023_2277_3","SSA_00236",2023,2277,5,2,3
"2023_1179_1","SSA_00237",2023,1179,3,1,1
"2023_1179_2","SSA_00237",2023,1179,3,1,2
"2023_1179_3","SSA_00237",2023,1179,3,1,3
"2023_2268_1","SSA_00237",2023,2268,4,2,1
"2023_2268_2","SSA_00237",2023,2268,4,2,2
"2023_2268_3","SSA_00237",2023,2268,4,2,3
"2023_1315_1","SSA_00238",2023,1315,3,1,1
"2023_1315_2","SSA_00238",2023,1315,3,1,2
"2023_1315_3","SSA_00238",2023,1315,3,1,3
"2023_2056_1","SSA_00238",2023,2056,8,2,1
"2023_2056_2","SSA_00238",2023,2056,8,2,2
"2023_2056_3","SSA_00238",2023,2056,8,2,3
"2023_1042_1","SSA_00239",2023,1042,2,1,1
"2023_1042_2","SSA_00239",2023,1042,2,1,2
"2023_1042_3","SSA_00239",2023,1042,2,1,3
"2023_2271_1","SSA_00239",2023,2271,7,2,1
"2023_2271_2","SSA_00239",2023,2271,7,2,2
"2023_2271_3","SSA_00239",2023,2271,7,2,3
"2023_1033_1","SSA_00240",2023,1033,1,1,1
"2023_1033_2","SSA_00240",2023,1033,1,1,2
"2023_1033_3","SSA_00240",2023,1033,1,1,3
"2023_2232_1","SSA_00240",2023,2232,8,2,1
"2023_2232_2","SSA_00240",2023,2232,8,2,2
"2023_2232_3","SSA_00240",2023,2232,8,2,3
"2023_1128_1","SSA_00241",2023,1128,8,1,1
"2023_1128_2","SSA_00241",2023,1128,8,1,2
"2023_1128_3","SSA_00241",2023,1128,8,1,3
"2023_2079_1","SSA_00241",2023,2079,7,2,1
"2023_2079_2","SSA_00241",2023,2079,7,2,2
"2023_2079_3","SSA_00241",2023,2079,7,2,3
"2023_1130_1","SSA_00242",2023,1130,2,1,1
"2023_1130_2","SSA_00242",2023,1130,2,1,2
"2023_1130_3","SSA_00242",2023,1130,2,1,3
"2023_2014_1","SSA_00242",2023,2014,6,2,1
"2023_2014_2","SSA_00242",2023,2014,6,2,2
"2023_2014_3","SSA_00242",2023,2014,6,2,3
"2023_1115_1","SSA_00243",2023,1115,3,1,1
"2023_1115_2","SSA_00243",2023,1115,3,1,2
"2023_1115_3","SSA_00243",2023,1115,3,1,3
"2023_2126_1","SSA_00243",2023,2126,6,2,1
"2023_2126_2","SSA_00243",2023,2126,6,2,2
"2023_2126_3","SSA_00243",2023,2126,6,2,3
"2023_1224_1","SSA_00244",2023,1224,8,1,1
"2023_1224_2","SSA_00244",2023,1224,8,1,2
"2023_1224_3","SSA_00244",2023,1224,8,1,3
"2023_2215_1","SSA_00244",2023,2215,7,2,1
"2023_2215_2","SSA_00244",2023,2215,7,2,2
"2023_2215_3","SSA_00244",2023,2215,7,2,3
"2023_1227_1","SSA_00245",2023,1227,3,1,1
"2023_1227_2","SSA_00245",2023,1227,3,1,2
"2023_1227_3","SSA_00245",2023,1227,3,1,3
"2023_2211_1","SSA_00245",2023,2211,3,2,1
"2023_2211_2","SSA_00245",2023,2211,3,2,2
"2023_2211_3","SSA_00245",2023,2211,3,2,3
"2023_1186_1","SSA_00246",2023,1186,2,1,1
"2023_1186_2","SSA_00246",2023,1186,2,1,2
"2023_1186_3","SSA_00246",2023,1186,2,1,3
"2023_2171_1","SSA_00246",2023,2171,3,2,1
"2023_2171_2","SSA_00246",2023,2171,3,2,2
"2023_2171_3","SSA_00246",2023,2171,3,2,3
"2023_1240_1","SSA_00247",2023,1240,8,1,1
"2023_1240_2","SSA_00247",2023,1240,8,1,2
"2023_1240_3","SSA_00247",2023,1240,8,1,3
"2023_2224_1","SSA_00247",2023,2224,8,2,1
"2023_2224_2","SSA_00247",2023,2224,8,2,2
"2023_2224_3","SSA_00247",2023,2224,8,2,3
"2023_1307_1","SSA_00248",2023,1307,3,1,1
"2023_1307_2","SSA_00248",2023,1307,3,1,2
"2023_1307_3","SSA_00248",2023,1307,3,1,3
"2023_2188_1","SSA_00248",2023,2188,4,2,1
"2023_2188_2","SSA_00248",2023,2188,4,2,2
"2023_2188_3","SSA_00248",2023,2188,4,2,3
"2023_1150_1","SSA_00249",2023,1150,6,1,1
"2023_1150_2","SSA_00249",2023,1150,6,1,2
"2023_1150_3","SSA_00249",2023,1150,6,1,3
"2023_2090_1","SSA_00249",2023,2090,2,2,1
"2023_2090_2","SSA_00249",2023,2090,2,2,2
"2023_2090_3","SSA_00249",2023,2090,2,2,3
"2023_1270_1","SSA_00250",2023,1270,6,1,1
"2023_1270_2","SSA_00250",2023,1270,6,1,2
"2023_1270_3","SSA_00250",2023,1270,6,1,3
"2023_2231_1","SSA_00250",2023,2231,7,2,1
"2023_2231_2","SSA_00250",2023,2231,7,2,2
"2023_2231_3","SSA_00250",2023,2231,7,2,3
"2023_1285_1","SSA_00252",2023,1285,5,1,1
"2023_1285_2","SSA_00252",2023,1285,5,1,2
"2023_1285_3","SSA_00252",2023,1285,5,1,3
"2023_2051_1","SSA_00252",2023,2051,3,2,1
"2023_2051_2","SSA_00252",2023,2051,3,2,2
"2023_2051_3","SSA_00252",2023,2051,3,2,3
"2023_1057_1","SSA_00253",2023,1057,1,1,1
"2023_1057_2","SSA_00253",2023,1057,1,1,2
"2023_1057_3","SSA_00253",2023,1057,1,1,3
"2023_2155_1","SSA_00253",2023,2155,3,2,1
"2023_2155_2","SSA_00253",2023,2155,3,2,2
"2023_2155_3","SSA_00253",2023,2155,3,2,3
"2023_1219_1","SSA_00254",2023,1219,3,1,1
"2023_1219_2","SSA_00254",2023,1219,3,1,2
"2023_1219_3","SSA_00254",2023,1219,3,1,3
"2023_2122_1","SSA_00254",2023,2122,2,2,1
"2023_2122_2","SSA_00254",2023,2122,2,2,2
"2023_2122_3","SSA_00254",2023,2122,2,2,3
"2023_1277_1","SSA_00255",2023,1277,5,1,1
"2023_1277_2","SSA_00255",2023,1277,5,1,2
"2023_1277_3","SSA_00255",2023,1277,5,1,3
"2023_2069_1","SSA_00255",2023,2069,5,2,1
"2023_2069_2","SSA_00255",2023,2069,5,2,2
"2023_2069_3","SSA_00255",2023,2069,5,2,3
"2023_1190_1","SSA_00256",2023,1190,6,1,1
"2023_1190_2","SSA_00256",2023,1190,6,1,2
"2023_1190_3","SSA_00256",2023,1190,6,1,3
"2023_2009_1","SSA_00256",2023,2009,1,2,1
"2023_2009_2","SSA_00256",2023,2009,1,2,2
"2023_2009_3","SSA_00256",2023,2009,1,2,3
"2023_1233_1","SSA_00257",2023,1233,1,1,1
"2023_1233_2","SSA_00257",2023,1233,1,1,2
"2023_1233_3","SSA_00257",2023,1233,1,1,3
"2023_2236_1","SSA_00257",2023,2236,4,2,1
"2023_2236_2","SSA_00257",2023,2236,4,2,2
"2023_2236_3","SSA_00257",2023,2236,4,2,3
"2023_1110_1","SSA_00258",2023,1110,6,1,1
"2023_1110_2","SSA_00258",2023,1110,6,1,2
"2023_1110_3","SSA_00258",2023,1110,6,1,3
"2023_2107_1","SSA_00258",2023,2107,3,2,1
"2023_2107_2","SSA_00258",2023,2107,3,2,2
"2023_2107_3","SSA_00258",2023,2107,3,2,3
"2023_1264_1","SSA_00259",2023,1264,8,1,1
"2023_1264_2","SSA_00259",2023,1264,8,1,2
"2023_1264_3","SSA_00259",2023,1264,8,1,3
"2023_2270_1","SSA_00259",2023,2270,6,2,1
"2023_2270_2","SSA_00259",2023,2270,6,2,2
"2023_2270_3","SSA_00259",2023,2270,6,2,3
"2023_1082_1","SSA_00261",2023,1082,2,1,1
"2023_1082_2","SSA_00261",2023,1082,2,1,2
"2023_1082_3","SSA_00261",2023,1082,2,1,3
"2023_2263_1","SSA_00261",2023,2263,7,2,1
"2023_2263_2","SSA_00261",2023,2263,7,2,2
"2023_2263_3","SSA_00261",2023,2263,7,2,3
"2023_1050_1","SSA_00262",2023,1050,2,1,1
"2023_1050_2","SSA_00262",2023,1050,2,1,2
"2023_1050_3","SSA_00262",2023,1050,2,1,3
"2023_2161_1","SSA_00262",2023,2161,1,2,1
"2023_2161_2","SSA_00262",2023,2161,1,2,2
"2023_2161_3","SSA_00262",2023,2161,1,2,3
"2023_1055_1","SSA_00263",2023,1055,7,1,1
"2023_1055_2","SSA_00263",2023,1055,7,1,2
"2023_1055_3","SSA_00263",2023,1055,7,1,3
"2023_2230_1","SSA_00263",2023,2230,6,2,1
"2023_2230_2","SSA_00263",2023,2230,6,2,2
"2023_2230_3","SSA_00263",2023,2230,6,2,3
"2023_1274_1","SSA_00264",2023,1274,2,1,1
"2023_1274_2","SSA_00264",2023,1274,2,1,2
"2023_1274_3","SSA_00264",2023,1274,2,1,3
"2023_2007_1","SSA_00264",2023,2007,7,2,1
"2023_2007_2","SSA_00264",2023,2007,7,2,2
"2023_2007_3","SSA_00264",2023,2007,7,2,3
"2023_1124_1","SSA_00265",2023,1124,4,1,1
"2023_1124_2","SSA_00265",2023,1124,4,1,2
"2023_1124_3","SSA_00265",2023,1124,4,1,3
"2023_2063_1","SSA_00265",2023,2063,7,2,1
"2023_2063_2","SSA_00265",2023,2063,7,2,2
"2023_2063_3","SSA_00265",2023,2063,7,2,3
"2023_1247_1","SSA_00266",2023,1247,7,1,1
"2023_1247_2","SSA_00266",2023,1247,7,1,2
"2023_1247_3","SSA_00266",2023,1247,7,1,3
"2023_2075_1","SSA_00266",2023,2075,3,2,1
"2023_2075_2","SSA_00266",2023,2075,3,2,2
"2023_2075_3","SSA_00266",2023,2075,3,2,3
"2023_1291_1","SSA_00267",2023,1291,3,1,1
"2023_1291_2","SSA_00267",2023,1291,3,1,2
"2023_1291_3","SSA_00267",2023,1291,3,1,3
"2023_2100_1","SSA_00267",2023,2100,4,2,1
"2023_2100_2","SSA_00267",2023,2100,4,2,2
"2023_2100_3","SSA_00267",2023,2100,4,2,3
"2023_1198_1","SSA_00268",2023,1198,6,1,1
"2023_1198_2","SSA_00268",2023,1198,6,1,2
"2023_1198_3","SSA_00268",2023,1198,6,1,3
"2023_2147_1","SSA_00268",2023,2147,3,2,1
"2023_2147_2","SSA_00268",2023,2147,3,2,2
"2023_2147_3","SSA_00268",2023,2147,3,2,3
"2023_1165_1","SSA_00269",2023,1165,5,1,1
"2023_1165_2","SSA_00269",2023,1165,5,1,2
"2023_1165_3","SSA_00269",2023,1165,5,1,3
"2023_2254_1","SSA_00269",2023,2254,6,2,1
"2023_2254_2","SSA_00269",2023,2254,6,2,2
"2023_2254_3","SSA_00269",2023,2254,6,2,3
"2023_1272_1","SSA_00271",2023,1272,8,1,1
"2023_1272_2","SSA_00271",2023,1272,8,1,2
"2023_1272_3","SSA_00271",2023,1272,8,1,3
"2023_2120_1","SSA_00271",2023,2120,8,2,1
"2023_2120_2","SSA_00271",2023,2120,8,2,2
"2023_2120_3","SSA_00271",2023,2120,8,2,3
"2023_1283_1","SSA_00272",2023,1283,3,1,1
"2023_1283_2","SSA_00272",2023,1283,3,1,2
"2023_1283_3","SSA_00272",2023,1283,3,1,3
"2023_2237_1","SSA_00272",2023,2237,5,2,1
"2023_2237_2","SSA_00272",2023,2237,5,2,2
"2023_2237_3","SSA_00272",2023,2237,5,2,3
"2023_1212_1","SSA_00273",2023,1212,4,1,1
"2023_1212_2","SSA_00273",2023,1212,4,1,2
"2023_1212_3","SSA_00273",2023,1212,4,1,3
"2023_2269_1","SSA_00273",2023,2269,5,2,1
"2023_2269_2","SSA_00273",2023,2269,5,2,2
"2023_2269_3","SSA_00273",2023,2269,5,2,3
"2023_1208_1","SSA_00274",2023,1208,8,1,1
"2023_1208_2","SSA_00274",2023,1208,8,1,2
"2023_1208_3","SSA_00274",2023,1208,8,1,3
"2023_2222_1","SSA_00274",2023,2222,6,2,1
"2023_2222_2","SSA_00274",2023,2222,6,2,2
"2023_2222_3","SSA_00274",2023,2222,6,2,3
"2023_1148_1","SSA_00275",2023,1148,4,1,1
"2023_1148_2","SSA_00275",2023,1148,4,1,2
"2023_1148_3","SSA_00275",2023,1148,4,1,3
"2023_2114_1","SSA_00275",2023,2114,2,2,1
"2023_2114_2","SSA_00275",2023,2114,2,2,2
"2023_2114_3","SSA_00275",2023,2114,2,2,3
"2023_1199_1","SSA_00276",2023,1199,7,1,1
"2023_1199_2","SSA_00276",2023,1199,7,1,2
"2023_1199_3","SSA_00276",2023,1199,7,1,3
"2023_2212_1","SSA_00276",2023,2212,4,2,1
"2023_2212_2","SSA_00276",2023,2212,4,2,2
"2023_2212_3","SSA_00276",2023,2212,4,2,3
"2023_1183_1","SSA_00277",2023,1183,7,1,1
"2023_1183_2","SSA_00277",2023,1183,7,1,2
"2023_1183_3","SSA_00277",2023,1183,7,1,3
"2023_2030_1","SSA_00277",2023,2030,6,2,1
"2023_2030_2","SSA_00277",2023,2030,6,2,2
"2023_2030_3","SSA_00277",2023,2030,6,2,3
"2023_1242_1","SSA_00278",2023,1242,2,1,1
"2023_1242_2","SSA_00278",2023,1242,2,1,2
"2023_1242_3","SSA_00278",2023,1242,2,1,3
"2023_2233_1","SSA_00278",2023,2233,1,2,1
"2023_2233_2","SSA_00278",2023,2233,1,2,2
"2023_2233_3","SSA_00278",2023,2233,1,2,3
"2023_1303_1","SSA_00279",2023,1303,7,1,1
"2023_1303_2","SSA_00279",2023,1303,7,1,2
"2023_1303_3","SSA_00279",2023,1303,7,1,3
"2023_2144_1","SSA_00279",2023,2144,8,2,1
"2023_2144_2","SSA_00279",2023,2144,8,2,2
"2023_2144_3","SSA_00279",2023,2144,8,2,3
"2023_1012_1","SSA_00280",2023,1012,4,1,1
"2023_1012_2","SSA_00280",2023,1012,4,1,2
"2023_1012_3","SSA_00280",2023,1012,4,1,3
"2023_2252_1","SSA_00280",2023,2252,4,2,1
"2023_2252_2","SSA_00280",2023,2252,4,2,2
"2023_2252_3","SSA_00280",2023,2252,4,2,3
"2023_1271_1","SSA_00281",2023,1271,7,1,1
"2023_1271_2","SSA_00281",2023,1271,7,1,2
"2023_1271_3","SSA_00281",2023,1271,7,1,3
"2023_2064_1","SSA_00281",2023,2064,8,2,1
"2023_2064_2","SSA_00281",2023,2064,8,2,2
"2023_2064_3","SSA_00281",2023,2064,8,2,3
"2023_1294_1","SSA_00282",2023,1294,6,1,1
"2023_1294_2","SSA_00282",2023,1294,6,1,2
"2023_1294_3","SSA_00282",2023,1294,6,1,3
"2023_2251_1","SSA_00282",2023,2251,3,2,1
"2023_2251_2","SSA_00282",2023,2251,3,2,2
"2023_2251_3","SSA_00282",2023,2251,3,2,3
"2023_1112_1","SSA_00283",2023,1112,8,1,1
"2023_1112_2","SSA_00283",2023,1112,8,1,2
"2023_1112_3","SSA_00283",2023,1112,8,1,3
"2023_2094_1","SSA_00283",2023,2094,6,2,1
"2023_2094_2","SSA_00283",2023,2094,6,2,2
"2023_2094_3","SSA_00283",2023,2094,6,2,3
"2023_1293_1","SSA_00284",2023,1293,5,1,1
"2023_1293_2","SSA_00284",2023,1293,5,1,2
"2023_1293_3","SSA_00284",2023,1293,5,1,3
"2023_2219_1","SSA_00284",2023,2219,3,2,1
"2023_2219_2","SSA_00284",2023,2219,3,2,2
"2023_2219_3","SSA_00284",2023,2219,3,2,3
"2023_1300_1","SSA_00285",2023,1300,4,1,1
"2023_1300_2","SSA_00285",2023,1300,4,1,2
"2023_1300_3","SSA_00285",2023,1300,4,1,3
"2023_2029_1","SSA_00285",2023,2029,5,2,1
"2023_2029_2","SSA_00285",2023,2029,5,2,2
"2023_2029_3","SSA_00285",2023,2029,5,2,3
"2023_1223_1","SSA_00286",2023,1223,7,1,1
"2023_1223_2","SSA_00286",2023,1223,7,1,2
"2023_1223_3","SSA_00286",2023,1223,7,1,3
"2023_2134_1","SSA_00286",2023,2134,6,2,1
"2023_2134_2","SSA_00286",2023,2134,6,2,2
"2023_2134_3","SSA_00286",2023,2134,6,2,3
"2023_1209_1","SSA_00287",2023,1209,1,1,1
"2023_1209_2","SSA_00287",2023,1209,1,1,2
"2023_1209_3","SSA_00287",2023,1209,1,1,3
"2023_2180_1","SSA_00287",2023,2180,4,2,1
"2023_2180_2","SSA_00287",2023,2180,4,2,2
"2023_2180_3","SSA_00287",2023,2180,4,2,3
"2023_1302_1","SSA_00288",2023,1302,6,1,1
"2023_1302_2","SSA_00288",2023,1302,6,1,2
"2023_1302_3","SSA_00288",2023,1302,6,1,3
"2023_2266_1","SSA_00288",2023,2266,2,2,1
"2023_2266_2","SSA_00288",2023,2266,2,2,2
"2023_2266_3","SSA_00288",2023,2266,2,2,3
"2023_1022_1","SSA_00289",2023,1022,6,1,1
"2023_1022_2","SSA_00289",2023,1022,6,1,2
"2023_1022_3","SSA_00289",2023,1022,6,1,3
"2023_2283_1","SSA_00289",2023,2283,3,2,1
"2023_2283_2","SSA_00289",2023,2283,3,2,2
"2023_2283_3","SSA_00289",2023,2283,3,2,3
"2023_1166_1","SSA_00290",2023,1166,6,1,1
"2023_1166_2","SSA_00290",2023,1166,6,1,2
"2023_1166_3","SSA_00290",2023,1166,6,1,3
"2023_2143_1","SSA_00290",2023,2143,7,2,1
"2023_2143_2","SSA_00290",2023,2143,7,2,2
"2023_2143_3","SSA_00290",2023,2143,7,2,3
"2023_1149_1","SSA_00291",2023,1149,5,1,1
"2023_1149_2","SSA_00291",2023,1149,5,1,2
"2023_1149_3","SSA_00291",2023,1149,5,1,3
"2023_2081_1","SSA_00291",2023,2081,1,2,1
"2023_2081_2","SSA_00291",2023,2081,1,2,2
"2023_2081_3","SSA_00291",2023,2081,1,2,3
"2023_1122_1","SSA_00292",2023,1122,2,1,1
"2023_1122_2","SSA_00292",2023,1122,2,1,2
"2023_1122_3","SSA_00292",2023,1122,2,1,3
"2023_2174_1","SSA_00292",2023,2174,6,2,1
"2023_2174_2","SSA_00292",2023,2174,6,2,2
"2023_2174_3","SSA_00292",2023,2174,6,2,3
"2023_1065_1","SSA_00293",2023,1065,1,1,1
"2023_1065_2","SSA_00293",2023,1065,1,1,2
"2023_1065_3","SSA_00293",2023,1065,1,1,3
"2023_2248_1","SSA_00293",2023,2248,8,2,1
"2023_2248_2","SSA_00293",2023,2248,8,2,2
"2023_2248_3","SSA_00293",2023,2248,8,2,3
"2023_1147_1","SSA_00294",2023,1147,3,1,1
"2023_1147_2","SSA_00294",2023,1147,3,1,2
"2023_1147_3","SSA_00294",2023,1147,3,1,3
"2023_2062_1","SSA_00294",2023,2062,6,2,1
"2023_2062_2","SSA_00294",2023,2062,6,2,2
"2023_2062_3","SSA_00294",2023,2062,6,2,3
"2023_1079_1","SSA_00295",2023,1079,7,1,1
"2023_1079_2","SSA_00295",2023,1079,7,1,2
"2023_1079_3","SSA_00295",2023,1079,7,1,3
"2023_2240_1","SSA_00295",2023,2240,8,2,1
"2023_2240_2","SSA_00295",2023,2240,8,2,2
"2023_2240_3","SSA_00295",2023,2240,8,2,3
"2023_1281_1","SSA_00296",2023,1281,1,1,1
"2023_1281_2","SSA_00296",2023,1281,1,1,2
"2023_1281_3","SSA_00296",2023,1281,1,1,3
"2023_2072_1","SSA_00296",2023,2072,8,2,1
"2023_2072_2","SSA_00296",2023,2072,8,2,2
"2023_2072_3","SSA_00296",2023,2072,8,2,3
"2023_1024_1","SSA_00297",2023,1024,8,1,1
"2023_1024_2","SSA_00297",2023,1024,8,1,2
"2023_1024_3","SSA_00297",2023,1024,8,1,3
"2023_2113_1","SSA_00297",2023,2113,1,2,1
"2023_2113_2","SSA_00297",2023,2113,1,2,2
"2023_2113_3","SSA_00297",2023,2113,1,2,3
"2023_1230_1","SSA_00298",2023,1230,6,1,1
"2023_1230_2","SSA_00298",2023,1230,6,1,2
"2023_1230_3","SSA_00298",2023,1230,6,1,3
"2023_2313_1","SSA_00298",2023,2313,1,2,1
"2023_2313_2","SSA_00298",2023,2313,1,2,2
"2023_2313_3","SSA_00298",2023,2313,1,2,3
"2023_1118_1","SSA_00299",2023,1118,6,1,1
"2023_1118_2","SSA_00299",2023,1118,6,1,2
"2023_1118_3","SSA_00299",2023,1118,6,1,3
"2023_2245_1","SSA_00299",2023,2245,5,2,1
"2023_2245_2","SSA_00299",2023,2245,5,2,2
"2023_2245_3","SSA_00299",2023,2245,5,2,3
"2023_1278_1","SSA_00300",2023,1278,6,1,1
"2023_1278_2","SSA_00300",2023,1278,6,1,2
"2023_1278_3","SSA_00300",2023,1278,6,1,3
"2023_2073_1","SSA_00300",2023,2073,1,2,1
"2023_2073_2","SSA_00300",2023,2073,1,2,2
"2023_2073_3","SSA_00300",2023,2073,1,2,3
"2023_1068_1","SSA_00301",2023,1068,4,1,1
"2023_1068_2","SSA_00301",2023,1068,4,1,2
"2023_1068_3","SSA_00301",2023,1068,4,1,3
"2023_2202_1","SSA_00301",2023,2202,2,2,1
"2023_2202_2","SSA_00301",2023,2202,2,2,2
"2023_2202_3","SSA_00301",2023,2202,2,2,3
"2023_1175_1","SSA_00302",2023,1175,7,1,1
"2023_1175_2","SSA_00302",2023,1175,7,1,2
"2023_1175_3","SSA_00302",2023,1175,7,1,3
"2023_2042_1","SSA_00302",2023,2042,2,2,1
"2023_2042_2","SSA_00302",2023,2042,2,2,2
"2023_2042_3","SSA_00302",2023,2042,2,2,3
"2023_1058_1","SSA_00303",2023,1058,2,1,1
"2023_1058_2","SSA_00303",2023,1058,2,1,2
"2023_1058_3","SSA_00303",2023,1058,2,1,3
"2023_2315_1","SSA_00303",2023,2315,3,2,1
"2023_2315_2","SSA_00303",2023,2315,3,2,2
"2023_2315_3","SSA_00303",2023,2315,3,2,3
"2023_1292_1","SSA_00304",2023,1292,4,1,1
"2023_1292_2","SSA_00304",2023,1292,4,1,2
"2023_1292_3","SSA_00304",2023,1292,4,1,3
"2023_2080_1","SSA_00304",2023,2080,8,2,1
"2023_2080_2","SSA_00304",2023,2080,8,2,2
"2023_2080_3","SSA_00304",2023,2080,8,2,3
"2023_1195_1","SSA_00305",2023,1195,3,1,1
"2023_1195_2","SSA_00305",2023,1195,3,1,2
"2023_1195_3","SSA_00305",2023,1195,3,1,3
"2023_2288_1","SSA_00305",2023,2288,8,2,1
"2023_2288_2","SSA_00305",2023,2288,8,2,2
"2023_2288_3","SSA_00305",2023,2288,8,2,3
"2023_1104_1","SSA_00306",2023,1104,8,1,1
"2023_1104_2","SSA_00306",2023,1104,8,1,2
"2023_1104_3","SSA_00306",2023,1104,8,1,3
"2023_2229_1","SSA_00306",2023,2229,5,2,1
"2023_2229_2","SSA_00306",2023,2229,5,2,2
"2023_2229_3","SSA_00306",2023,2229,5,2,3
"2023_1047_1","SSA_00307",2023,1047,7,1,1
"2023_1047_2","SSA_00307",2023,1047,7,1,2
"2023_1047_3","SSA_00307",2023,1047,7,1,3
"2023_2181_1","SSA_00307",2023,2181,5,2,1
"2023_2181_2","SSA_00307",2023,2181,5,2,2
"2023_2181_3","SSA_00307",2023,2181,5,2,3
"2023_1239_1","SSA_00308",2023,1239,7,1,1
"2023_1239_2","SSA_00308",2023,1239,7,1,2
"2023_1239_3","SSA_00308",2023,1239,7,1,3
"2023_2249_1","SSA_00308",2023,2249,1,2,1
"2023_2249_2","SSA_00308",2023,2249,1,2,2
"2023_2249_3","SSA_00308",2023,2249,1,2,3
"2023_1039_1","SSA_00309",2023,1039,7,1,1
"2023_1039_2","SSA_00309",2023,1039,7,1,2
"2023_1039_3","SSA_00309",2023,1039,7,1,3
"2023_2118_1","SSA_00309",2023,2118,6,2,1
"2023_2118_2","SSA_00309",2023,2118,6,2,2
"2023_2118_3","SSA_00309",2023,2118,6,2,3
"2023_1016_1","SSA_00311",2023,1016,8,1,1
"2023_1016_2","SSA_00311",2023,1016,8,1,2
"2023_1016_3","SSA_00311",2023,1016,8,1,3
"2023_2140_1","SSA_00311",2023,2140,4,2,1
"2023_2140_2","SSA_00311",2023,2140,4,2,2
"2023_2140_3","SSA_00311",2023,2140,4,2,3
"2023_1225_1","SSA_00312",2023,1225,1,1,1
"2023_1225_2","SSA_00312",2023,1225,1,1,2
"2023_1225_3","SSA_00312",2023,1225,1,1,3
"2023_2045_1","SSA_00312",2023,2045,5,2,1
"2023_2045_2","SSA_00312",2023,2045,5,2,2
"2023_2045_3","SSA_00312",2023,2045,5,2,3
"2023_1311_1","SSA_00313",2023,1311,7,1,1
"2023_1311_2","SSA_00313",2023,1311,7,1,2
"2023_1311_3","SSA_00313",2023,1311,7,1,3
"2023_2256_1","SSA_00313",2023,2256,8,2,1
"2023_2256_2","SSA_00313",2023,2256,8,2,2
"2023_2256_3","SSA_00313",2023,2256,8,2,3
"2023_1125_1","SSA_00314",2023,1125,5,1,1
"2023_1125_2","SSA_00314",2023,1125,5,1,2
"2023_1125_3","SSA_00314",2023,1125,5,1,3
"2023_2068_1","SSA_00314",2023,2068,4,2,1
"2023_2068_2","SSA_00314",2023,2068,4,2,2
"2023_2068_3","SSA_00314",2023,2068,4,2,3
"2023_1136_1","SSA_00315",2023,1136,8,1,1
"2023_1136_2","SSA_00315",2023,1136,8,1,2
"2023_1136_3","SSA_00315",2023,1136,8,1,3
"2023_2096_1","SSA_00315",2023,2096,8,2,1
"2023_2096_2","SSA_00315",2023,2096,8,2,2
"2023_2096_3","SSA_00315",2023,2096,8,2,3
"2023_1216_1","SSA_00316",2023,1216,8,1,1
"2023_1216_2","SSA_00316",2023,1216,8,1,2
"2023_1216_3","SSA_00316",2023,1216,8,1,3
"2023_2195_1","SSA_00316",2023,2195,3,2,1
"2023_2195_2","SSA_00316",2023,2195,3,2,2
"2023_2195_3","SSA_00316",2023,2195,3,2,3
"2023_1317_1","SSA_00317",2023,1317,5,1,1
"2023_1317_2","SSA_00317",2023,1317,5,1,2
"2023_1317_3","SSA_00317",2023,1317,5,1,3
"2023_2169_1","SSA_00317",2023,2169,1,2,1
"2023_2169_2","SSA_00317",2023,2169,1,2,2
"2023_2169_3","SSA_00317",2023,2169,1,2,3
"2023_1174_1","SSA_00318",2023,1174,6,1,1
"2023_1174_2","SSA_00318",2023,1174,6,1,2
"2023_1174_3","SSA_00318",2023,1174,6,1,3
"2023_2136_1","SSA_00318",2023,2136,8,2,1
"2023_2136_2","SSA_00318",2023,2136,8,2,2
"2023_2136_3","SSA_00318",2023,2136,8,2,3
"2023_1073_1","SSA_00337",2023,1073,1,1,1
"2023_1073_2","SSA_00337",2023,1073,1,1,2
"2023_1073_3","SSA_00337",2023,1073,1,1,3
"2023_2023_1","SSA_00337",2023,2023,7,2,1
"2023_2023_2","SSA_00337",2023,2023,7,2,2
"2023_2023_3","SSA_00337",2023,2023,7,2,3
"2023_1106_1","SSA_00338",2023,1106,2,1,1
"2023_1106_2","SSA_00338",2023,1106,2,1,2
"2023_1106_3","SSA_00338",2023,1106,2,1,3
"2023_2225_1","SSA_00338",2023,2225,1,2,1
"2023_2225_2","SSA_00338",2023,2225,1,2,2
"2023_2225_3","SSA_00338",2023,2225,1,2,3
"2023_1090_1","SSA_00339",2023,1090,2,1,1
"2023_1090_2","SSA_00339",2023,1090,2,1,2
"2023_1090_3","SSA_00339",2023,1090,2,1,3
"2023_2189_1","SSA_00339",2023,2189,5,2,1
"2023_2189_2","SSA_00339",2023,2189,5,2,2
"2023_2189_3","SSA_00339",2023,2189,5,2,3
"2023_1075_1","SSA_00341",2023,1075,3,1,1
"2023_1075_2","SSA_00341",2023,1075,3,1,2
"2023_1075_3","SSA_00341",2023,1075,3,1,3
"2023_2049_1","SSA_00341",2023,2049,1,2,1
"2023_2049_2","SSA_00341",2023,2049,1,2,2
"2023_2049_3","SSA_00341",2023,2049,1,2,3
"2023_1167_1","SSA_00343",2023,1167,7,1,1
"2023_1167_2","SSA_00343",2023,1167,7,1,2
"2023_1167_3","SSA_00343",2023,1167,7,1,3
"2023_2099_1","SSA_00343",2023,2099,3,2,1
"2023_2099_2","SSA_00343",2023,2099,3,2,2
"2023_2099_3","SSA_00343",2023,2099,3,2,3
"2023_1316_1","SSA_00344",2023,1316,4,1,1
"2023_1316_2","SSA_00344",2023,1316,4,1,2
"2023_1316_3","SSA_00344",2023,1316,4,1,3
"2023_2071_1","SSA_00344",2023,2071,7,2,1
"2023_2071_2","SSA_00344",2023,2071,7,2,2
"2023_2071_3","SSA_00344",2023,2071,7,2,3
"2023_1217_1","SSA_00346",2023,1217,1,1,1
"2023_1217_2","SSA_00346",2023,1217,1,1,2
"2023_1217_3","SSA_00346",2023,1217,1,1,3
"2023_2152_1","SSA_00346",2023,2152,8,2,1
"2023_2152_2","SSA_00346",2023,2152,8,2,2
"2023_2152_3","SSA_00346",2023,2152,8,2,3
"2023_1320_1","SSA_00353",2023,1320,8,1,1
"2023_1320_2","SSA_00353",2023,1320,8,1,2
"2023_1320_3","SSA_00353",2023,1320,8,1,3
"2023_2038_1","SSA_00353",2023,2038,6,2,1
"2023_2038_2","SSA_00353",2023,2038,6,2,2
"2023_2038_3","SSA_00353",2023,2038,6,2,3
"2023_1074_1","SSA_00354",2023,1074,2,1,1
"2023_1074_2","SSA_00354",2023,1074,2,1,2
"2023_1074_3","SSA_00354",2023,1074,2,1,3
"2023_2097_1","SSA_00354",2023,2097,1,2,1
"2023_2097_2","SSA_00354",2023,2097,1,2,2
"2023_2097_3","SSA_00354",2023,2097,1,2,3
"2023_1103_1","SSA_00359",2023,1103,7,1,1
"2023_1103_2","SSA_00359",2023,1103,7,1,2
"2023_1103_3","SSA_00359",2023,1103,7,1,3
"2023_2163_1","SSA_00359",2023,2163,3,2,1
"2023_2163_2","SSA_00359",2023,2163,3,2,2
"2023_2163_3","SSA_00359",2023,2163,3,2,3
"2023_1287_1","SSA_00366",2023,1287,7,1,1
"2023_1287_2","SSA_00366",2023,1287,7,1,2
"2023_1287_3","SSA_00366",2023,1287,7,1,3
"2023_2037_1","SSA_00366",2023,2037,5,2,1
"2023_2037_2","SSA_00366",2023,2037,5,2,2
"2023_2037_3","SSA_00366",2023,2037,5,2,3
"2023_1070_1","SSA_00367",2023,1070,6,1,1
"2023_1070_2","SSA_00367",2023,1070,6,1,2
"2023_1070_3","SSA_00367",2023,1070,6,1,3
"2023_2227_1","SSA_00367",2023,2227,3,2,1
"2023_2227_2","SSA_00367",2023,2227,3,2,2
"2023_2227_3","SSA_00367",2023,2227,3,2,3
"2023_1113_1","SSA_00369",2023,1113,1,1,1
"2023_1113_2","SSA_00369",2023,1113,1,1,2
"2023_1113_3","SSA_00369",2023,1113,1,1,3
"2023_2207_1","SSA_00369",2023,2207,7,2,1
"2023_2207_2","SSA_00369",2023,2207,7,2,2
"2023_2207_3","SSA_00369",2023,2207,7,2,3
"2023_1003_1","SSA_00376",2023,1003,3,1,1
"2023_1003_2","SSA_00376",2023,1003,3,1,2
"2023_1003_3","SSA_00376",2023,1003,3,1,3
"2023_2116_1","SSA_00376",2023,2116,4,2,1
"2023_2116_2","SSA_00376",2023,2116,4,2,2
"2023_2116_3","SSA_00376",2023,2116,4,2,3
"2023_1099_1","SSA_00380",2023,1099,3,1,1
"2023_1099_2","SSA_00380",2023,1099,3,1,2
"2023_1099_3","SSA_00380",2023,1099,3,1,3
"2023_2287_1","SSA_00380",2023,2287,7,2,1
"2023_2287_2","SSA_00380",2023,2287,7,2,2
"2023_2287_3","SSA_00380",2023,2287,7,2,3
"2023_1154_1","SSA_00386",2023,1154,2,1,1
"2023_1154_2","SSA_00386",2023,1154,2,1,2
"2023_1154_3","SSA_00386",2023,1154,2,1,3
"2023_2022_1","SSA_00386",2023,2022,6,2,1
"2023_2022_2","SSA_00386",2023,2022,6,2,2
"2023_2022_3","SSA_00386",2023,2022,6,2,3
"2023_1064_1","SSA_00395",2023,1064,8,1,1
"2023_1064_2","SSA_00395",2023,1064,8,1,2
"2023_1064_3","SSA_00395",2023,1064,8,1,3
"2023_2265_1","SSA_00395",2023,2265,1,2,1
"2023_2265_2","SSA_00395",2023,2265,1,2,2
"2023_2265_3","SSA_00395",2023,2265,1,2,3
"2023_1194_1","SSA_00403",2023,1194,2,1,1
"2023_1194_2","SSA_00403",2023,1194,2,1,2
"2023_1194_3","SSA_00403",2023,1194,2,1,3
"2023_2044_1","SSA_00403",2023,2044,4,2,1
"2023_2044_2","SSA_00403",2023,2044,4,2,2
"2023_2044_3","SSA_00403",2023,2044,4,2,3
