"Accession","PAR_1800","PAR_1100","PAR_500","PAR_300","PAR_150","PAR_50"
"SSA_00002",29.5119759771796,26.7968436015033,19.9133061097819,14.32080129723,6.69627275915914,0.278044701799636
"SSA_00011",25.8483745494171,23.4745795013624,17.181798765644,11.9191237227593,5.7582485874378,0.14703610496343
"SSA_00014",27.5246076117501,25.3874764244391,18.6313030237659,12.8570762276863,6.09333126798137,0.188054266288706
"SSA_00015",NA,NA,NA,NA,NA,NA
"SSA_00016",25.3739042025239,22.7434830003462,17.02693031,11.5241410850829,5.65018138997983,0.112923586779095
"SSA_00017",26.4202049960845,24.1659160600066,17.4802801021581,12.3106880129394,5.8668754028588,0.135127320777512
"SSA_00019",25.2584053146686,23.2593758824751,16.8537774424101,11.7579023842143,5.59482359082253,0.204244316778431
"SSA_00020",24.7464455564461,22.4087034434181,16.6542855016099,11.6717456752306,5.86479260507393,0.265965600195601
"SSA_00021",26.2607622129287,23.5705680504264,17.6073936984019,12.3184626982009,5.84825923874524,0.263495525504223
"SSA_00022",26.2156802523406,23.437212340104,17.4783379336365,12.0830239840132,5.91278360689139,0.217831901149093
"SSA_00023",26.7236419561309,24.0770726868796,17.7679111049799,12.0251138419989,5.64366020203113,0.0236021739996981
"SSA_00025",26.5688101066883,24.0601580101333,17.4405905401612,12.4037784901592,5.97035037156254,0.255441107739799
"SSA_00026",26.4022418075663,23.617523999353,17.8491453663844,12.4706317565843,5.78989628116547,0.101789554508287
"SSA_00027",25.6308303498239,23.5341632589018,17.5195048162419,12.3231766771603,5.76375531561838,0.131564896424259
"SSA_00028",26.9295641937913,24.3435121377878,17.698083713935,12.0258191623463,5.50960366496539,-0.0315466396055173
"SSA_00029",25.9176342062078,23.9306852996029,17.3656233335263,12.0564053952137,5.73224427291596,0.147637387729617
"SSA_00030",25.7546424216317,24.194135864446,17.560873772267,12.4634794533065,5.98552322702681,0.301416504081823
"SSA_00031",24.8487857925695,22.6706492670414,17.189973989265,11.7256201254393,5.65836383750529,0.194649501712015
"SSA_00034",26.006450161274,23.717489472781,17.7967955860122,12.236931863043,5.8397168626374,0.147847579558867
"SSA_00035",26.1911353409802,23.868899439772,17.4288832357617,11.7855796109759,5.60966230548125,0.142497862667081
"SSA_00036",25.0239701493345,22.5520911142007,16.9070641043352,11.6147906959461,5.78070725228688,0.175818871245986
"SSA_00037",28.7826105957206,26.1870689585046,19.6260373053154,13.2355358415055,6.21035323186258,0.168231859998176
"SSA_00039",27.7403850558597,24.4640465755078,18.2021595135398,12.8089702466063,6.02725795500921,0.177422607213332
"SSA_00040",26.1167503833812,23.8044553434992,17.79189537724,12.5555031502545,5.9892558525492,0.190186605315678
"SSA_00042",27.9410588254691,25.3248730689365,18.4170987358253,12.5919232147678,5.84175842000666,0.0757356331746631
"SSA_00043",26.8975341948663,24.9445230964413,18.2336584491916,12.6257758549898,5.95509902138603,0.183442038156258
"SSA_00044",25.8234792440185,23.410144295251,17.4805992509751,12.2418573824951,5.94242991519909,0.207475559683922
"SSA_00045",27.1331584210763,23.8611869887089,17.9566541987222,12.0793561340882,5.75373124480432,0.105525479398214
"SSA_00046",27.4770076384545,24.8408760799969,18.1563313338313,12.8026450181367,5.96850777665347,0.0748239570626133
"SSA_00047",26.4156146487537,24.0732178778889,17.8252740702476,12.2608034835756,5.78214785033287,0.21491931893738
"SSA_00048",26.704129075636,24.2910143023595,18.0480111311266,12.216435538403,5.81540117832199,0.175412756564638
"SSA_00049",24.1589102180557,21.6752602135627,16.6242613830903,11.6356207576772,5.59174448108286,0.175038812572932
"SSA_00051",26.9277657490236,24.1000734242752,17.5339328505243,12.2769714953584,5.75063376596438,0.133124349156331
"SSA_00052",27.0786364737371,24.3156230429002,17.879244553779,12.4177121172934,5.88793068427775,0.123269501288731
"SSA_00053",26.7054281890833,24.5919436871931,17.9112006152419,12.3513311957847,5.82909658479627,0.105963952104308
"SSA_00054",25.2452691382207,22.895037409699,17.3487868290114,12.0307883799823,5.84387233459037,0.317231855127566
"SSA_00055",25.4872683157638,22.7896534594127,16.9175141936919,11.8276489007468,5.72201419484119,0.206940680338649
"SSA_00056",26.2827412452369,24.1811286797699,17.748576037242,12.8544098919161,6.18133350091301,0.295617281392279
"SSA_00057",24.8793336272787,22.6018644841137,16.4095771512623,11.246711458271,5.33138923400417,0.0569539003704713
"SSA_00058",25.8173372034325,23.6011639749793,17.5189943186891,12.238005461732,5.97904044637665,0.377231427171101
"SSA_00059",27.211897127209,24.2136901168346,17.6095369205955,12.2069677835903,5.6191586065839,0.0920219409168578
"SSA_00060",26.9231676651288,24.5823528319554,18.0638704088386,12.5775778432964,5.92852990758773,0.334670638598629
"SSA_00061",25.3510266942055,23.1103675106623,17.6316527759247,12.0609758105451,5.83898036955689,0.303465768957769
"SSA_00063",26.5715874175017,24.3159257206941,17.9166742385117,12.346072846555,5.95231310179278,0.147588287696174
"SSA_00064",26.3530748571321,23.9284451068905,17.4574535858238,12.0509002033328,5.6914815706256,0.141694788101493
"SSA_00065",26.9768442632101,24.5421580973805,18.0335302809946,12.9979369530014,6.09893436985131,0.344193839573801
"SSA_00066",26.062693786813,24.0665054833134,17.8300272709472,12.2552868800013,5.90645584624662,0.270384571679165
"SSA_00071",26.4287000489106,24.3896495287679,18.1221761037066,12.5736416866074,5.96777658841732,0.290098816234646
"SSA_00072",26.4931961746205,24.7477781548107,18.0304903221173,12.5367426952588,5.75256845067356,0.254128279440856
"SSA_00073",25.1621858874824,22.8450526337098,16.8531976077069,11.822196564964,5.6667599886011,0.0915038590734879
"SSA_00076",28.2349924008588,26.1664256485455,18.7670200146158,12.8083740654813,5.84152781551727,0.0426683905715346
"SSA_00077",26.2344928393373,23.5358009181991,17.3752373572966,12.121043438508,5.82742141614355,0.139826519470795
"SSA_00078",24.6755405976552,22.2967924478286,16.6301572541477,11.451780869925,5.52303136142957,0.0631413657040743
"SSA_00081",28.4415503559623,25.5039139571231,18.7030701632867,12.8563579785075,5.96343127610294,0.16591736516501
"SSA_00082",28.0570155949118,25.6513839315846,18.7727884395513,13.1823330033205,6.04284016062409,0.270971575231876
"SSA_00084",26.9337276211108,24.3228176804252,17.6205206037121,12.3895908981287,5.77007323274978,0.104922359911768
"SSA_00085",27.5877772238978,24.9033309705652,18.6499021175861,12.7102555888935,6.15970750470406,0.224575104032812
"SSA_00086",24.4899888003364,23.2584560215579,17.0839590303082,12.321244296874,6.03647791234659,0.257655968439163
"SSA_00087",26.4309241495539,24.2482068189302,17.9022074653944,12.5314333730251,5.8913957565441,0.227717452144076
"SSA_00088",24.7517454076692,22.6296559150427,16.6690318656016,11.4934739001129,5.60128637421326,0.122200169994844
"SSA_00089",24.664478814747,23.2421947473253,17.1570258054682,12.054703044756,5.89956770286628,0.325620537661328
"SSA_00090",26.4894618273609,24.4581658969202,17.7212086561787,12.500010307475,5.92711717007549,0.179765762169659
"SSA_00092",24.9409031853779,23.2103184479096,17.3079053149166,12.0496415849815,5.89608076580866,0.190896358142386
"SSA_00093",24.0845137092101,22.2566296328937,16.4473568305843,11.5055396585777,5.56966180394188,0.0606511836864242
"SSA_00094",26.9424105749441,24.1454507401783,17.8188865585361,12.6348545252792,5.81054513875311,0.165808884706062
"SSA_00095",28.0608742810979,25.0144388172627,18.4653556806483,12.9800895630237,6.17949647178044,0.125972084822249
"SSA_00098",26.9046954241751,24.5592575327598,17.9772735295047,12.277393543292,5.87720389734037,0.171538630884391
"SSA_00099",24.9700306615365,22.62313913749,17.0196025568837,11.7980542660064,5.72909300185335,0.0311092937198232
"SSA_00100",26.7480058404321,24.4812566637798,18.0123315657054,12.3154252345649,5.92086882432055,0.169049660025192
"SSA_00101",25.825037106054,23.7543731603256,17.3217219300796,11.8726358749034,5.65261285671872,0.209121008104455
"SSA_00102",25.5831162272312,23.2504692829577,17.4463540480813,12.0746926520882,5.73058684756808,0.220322039398078
"SSA_00103",27.160362120739,24.3580485363793,17.9259534331604,12.4997054903675,5.80906612976794,0.0886977197932297
"SSA_00104",25.9046084321002,23.6510322232657,17.6531122612587,12.1234057630208,5.83416615086209,0.24636523211433
"SSA_00106",26.1755430392338,24.2122090978021,17.7336969843303,12.3037603316254,5.91728619647491,0.227492392383661
"SSA_00107",27.6570931157059,25.0193007664999,18.3746662371051,12.6238092340495,6.07691633203907,0.20779182884031
"SSA_00109",25.9947643922153,23.9100756374465,17.8195087839007,12.5140576417618,5.92334104778099,0.160044624971285
"SSA_00111",27.3926033442085,24.6030015969112,18.0067366631433,12.684214589462,6.13256479204208,0.28789174145595
"SSA_00112",26.5684068148833,23.5813719110913,17.4908412997239,12.1538555012661,5.82794715488251,0.100263706909279
"SSA_00114",26.078292031071,23.6884795675932,17.4564820952024,12.0318983677939,5.59157455942211,0.00679793859307973
"SSA_00115",25.6835081356776,23.1882600369838,16.9080246799677,11.7787483928965,5.74786024154914,0.12830208948962
"SSA_00116",24.9552014466794,23.2675445213185,16.7691899450697,11.604245482587,5.58347289445869,0.0391334002005926
"SSA_00118",24.4471848869392,22.6304697289758,16.809546852562,11.7213902477164,5.64346686666828,0.156302891465013
"SSA_00120",25.5339567499222,23.765111970055,17.4305350767714,12.1697780329652,5.80073556971523,0.222172783979343
"SSA_00122",27.5410552182483,24.6454550221691,18.0511972715114,12.3197803845033,5.85381673877386,0.140056338526918
"SSA_00124",23.971801636842,21.3285769236397,16.2806548061753,11.4701701030538,5.48995388573525,0.0223668821901707
"SSA_00125",23.8969122629744,21.8908415663042,16.1992470039777,11.5208930996473,5.89004912475739,0.343410380953203
"SSA_00127",25.8343381935582,23.6043359394804,17.4919889748147,12.3306164386739,5.90017733215144,0.217690872538974
"SSA_00129",24.7825761183785,22.404867778642,17.1317772416423,11.8311083987593,5.66681926500884,0.23369561503456
"SSA_00130",24.0771864077083,22.0945692067012,17.0836548270974,11.6607981233762,5.59664213946292,0.196497031542573
"SSA_00131",25.6066214243606,23.2935760106224,17.3760384882307,12.3361605523012,5.86248691129239,0.253944575280426
"SSA_00132",25.6488250783696,23.1024450331556,17.376832454144,12.0916177798897,5.80642175277354,0.241188094037736
"SSA_00133",24.7117294168048,23.816383724078,17.5396959295268,12.2428753186308,6.07628746802145,0.389699704760384
"SSA_00134",24.4357350955312,22.9165339490126,17.1192667740676,12.2418909782076,5.93340048003535,0.242268883984699
"SSA_00136",24.2138266177698,22.2161932660028,16.1331927793858,11.1714348676448,5.51399797046958,0.10015694622367
"SSA_00137",25.7266219855686,23.530747212968,17.0804646656469,11.9769719151813,5.82449929132917,0.184258922084812
"SSA_00140",26.8152571607415,23.8797157355132,18.5033951562712,12.54404542348,6.01638273030352,0.360895722323051
"SSA_00141",25.1639180616268,22.832431426458,17.286839965257,12.3537385626928,6.14926118903805,0.462630496909383
"SSA_00142",24.5757972430387,22.9688328327446,17.0730827197979,11.9339085031567,5.71832816623024,0.110332444352741
"SSA_00143",25.5987191648631,23.4624576714354,17.5520797479597,12.341967763651,5.97819271705746,0.189230990906834
"SSA_00144",25.5095413706569,23.6117295559277,16.9690995818391,11.9982265064061,5.90423172308534,0.175434537404913
"SSA_00145",26.11261644157,23.9364584804308,17.4965859474901,12.018077630534,5.70141515193659,0.154374367471829
"SSA_00146",26.1188682823806,23.4873554128515,17.1378346319329,12.1625307437598,5.77738549601169,0.143505154735636
"SSA_00147",25.2085291291338,22.6566218699033,16.9598077160885,11.5101925342815,5.59196961151797,0.00329578333100078
"SSA_00148",24.1441300348856,21.6102323458034,16.1955950551765,11.6084011896556,5.5342513922701,0.0971538465123015
"SSA_00149",24.5794501498274,22.0195105910845,16.6978413096255,11.5198529910169,5.70525845546669,0.242849199441021
"SSA_00150",23.7682745598725,22.2486571308423,16.8785275829095,11.2767434236032,5.42163882782116,0.105228411593555
"SSA_00152",27.6768631547693,24.7330329960743,18.2373123222087,12.683337609861,5.9266191058189,0.0326520177463361
"SSA_00153",25.6446157261514,22.9537741960981,17.3333304090225,12.0621973228584,5.94902620801635,0.240127735199697
"SSA_00155",27.2589943181343,24.3818702503921,18.1917129004117,12.7856781722507,6.02805276229783,0.20016917295495
"SSA_00157",26.2276855409571,23.7186845619199,18.2471981156397,12.937080596251,5.98892384275317,0.314897309333419
"SSA_00158",24.8248303809587,22.8458012811318,17.4666288383987,12.0786878000755,5.89391889003161,0.334306778908039
"SSA_00159",25.6672958244346,23.5720760206389,17.3885318926056,12.227212504511,5.83538170925433,0.0782754744105693
"SSA_00161",27.6863488570876,24.273110795531,18.2161488650019,12.3622202630433,5.94157327184332,0.221462415739223
"SSA_00162",24.1289320408378,21.8107602253368,16.4898229568389,11.282072630122,5.60883361079027,0.226908515738979
"SSA_00163",24.9267526604451,22.9195715664677,16.5774173346119,11.6896277850283,5.68928164893831,0.0451484145762229
"SSA_00164",26.0595787231976,23.7676210975526,17.2852216236338,12.0667742955187,5.84194344345742,0.105805606634898
"SSA_00166",24.1036634549628,22.5973185457087,16.6207210369553,11.2032526584236,5.59706566430734,-0.00881839330687439
"SSA_00167",25.3153188170982,23.1563104450426,17.2164791221105,12.1101983075658,5.89626380107133,0.310266569105328
"SSA_00168",26.527112184378,24.498449058964,17.9687406102782,12.4435053172773,5.7202697818876,0.108914862014692
"SSA_00169",26.9345109321833,24.3403026747358,17.3835876129629,12.6114189652904,6.05688756659697,0.243341489895113
"SSA_00170",26.8806558358909,24.0199064253705,17.6501384720984,12.0769975838568,5.6076716785222,0.0144362416952957
"SSA_00171",24.7728251854719,22.9790726959041,17.0598328296778,11.8965838457861,5.70827302009023,0.0468960158462644
"SSA_00172",25.0690170321095,22.9568853789553,17.3246564574855,12.1178814131853,5.96613790063718,0.244998624529889
"SSA_00174",27.6672065552404,25.0090022671498,18.3145528950773,12.4488941466708,5.88132751268831,0.0555709864802144
"SSA_00175",25.5503087739515,22.5734608620253,17.1565627771645,12.181358506929,5.80507048508028,0.312196025604785
"SSA_00176",25.5350177934322,23.3987636656422,17.5084747100752,11.8092751089173,5.87967459863534,0.267317550839274
"SSA_00177",25.9353948381454,23.8243150113773,17.7853382212662,12.5481931478131,6.03575216760358,0.250900997568688
"SSA_00181",25.1895915464546,23.3230835068726,17.1390989362115,12.0354253062592,5.83399978550036,0.183543987621456
"SSA_00182",25.7857315773151,23.5228005091104,17.4545389823634,12.2873164608808,5.94357940476941,0.136683152126729
"SSA_00183",25.3367184808926,22.843746408174,17.2105995145319,12.0075607846605,5.84387875214081,0.30548795222529
"SSA_00184",25.9292654763638,23.5903080787534,17.3341434723977,11.9934102743891,5.74466308130754,0.0753611907209312
"SSA_00185",24.7472462054407,23.1840211620685,16.8575054708882,11.8457578957205,5.854529528236,0.321989292509805
"SSA_00188",24.5474710514507,22.8086093731794,16.9828464879619,11.7952398281287,5.93413250729128,0.383458518329376
"SSA_00189",24.9754538459857,22.5268873102246,17.2487853788908,11.991724514759,5.72337161478158,0.254467921706611
"SSA_00190",25.5610674900771,23.5769982126706,17.5099357678893,12.2014561251853,6.12493043286188,0.435416643796582
"SSA_00191",26.7939667346712,24.0382245744005,17.4749638424677,11.7297825256167,5.51793490893209,0.119479225469592
"SSA_00193",25.5840981528606,23.6218960622333,17.3012835336346,12.1846757858442,5.64326890585268,0.208155995109828
"SSA_00194",24.042343810205,22.4596953988358,16.7481879327385,11.5222054410037,5.75749804041267,0.289389939718413
"SSA_00196",25.5259538036465,23.1002918402672,17.2381877057126,12.0400594716545,5.76318661199522,0.183479803621183
"SSA_00198",26.0851383730062,23.2643215235826,17.3999403911014,11.9777816903195,5.71314362131419,0.0509912310136117
"SSA_00199",25.1688945464506,23.2983622880047,17.538551100652,12.181304792855,5.79702349913325,0.316041493792987
"SSA_00200",27.1531357566252,24.2267129845856,18.0601919630539,12.5036556739761,5.99338949486202,0.152370288223836
"SSA_00202",NA,NA,NA,NA,NA,NA
"SSA_00203",24.4982029629525,22.8814183880209,17.1525154802952,11.9200182224923,5.68240266794406,0.0563531685438233
"SSA_00205",25.2373344999549,22.9447922275674,16.6987433609732,11.7005784401755,5.8572950990666,0.360122044751074
"SSA_00207",23.8264534402422,22.0349782680039,16.2827718512922,11.2919665964301,5.45986259326981,0.0919396301206486
"SSA_00208",NA,NA,NA,NA,NA,NA
"SSA_00210",25.1088102530434,23.6257840051811,17.269067218226,11.9418947361477,5.63254759892888,0.172541519655684
"SSA_00211",26.2683987407152,23.506477460347,17.582862376999,12.2470670280374,5.75595491471859,0.12787015574574
"SSA_00212",23.7155682157447,21.3677607348551,16.4875537162337,11.5251907224544,5.5863460445265,0.225874064353399
"SSA_00213",26.2763483264195,23.322318788919,16.8101062604426,12.0233939641099,5.67490740415963,0.0331760660787146
"SSA_00215",26.9435387469398,23.9782010554486,17.8094928060914,12.0503014044125,5.67071972755326,0.0925013068105874
"SSA_00217",24.9102583074761,22.8345238479293,17.1569170040638,11.7006864683783,5.73790982863181,0.179135291777828
"SSA_00218",25.0729777113578,22.9740317583504,16.9932545687234,11.6825530587135,5.77057688365264,0.158926496556307
"SSA_00219",27.3626525789516,24.5021545543898,17.798783897731,12.6447762628695,6.01526417942993,0.211356738607387
"SSA_00220",25.4670913953573,23.1922715962387,17.2293967294399,11.9931993110207,5.80461192868762,0.287192695828459
"SSA_00221",25.551651593969,23.4047881865389,17.3318766728984,12.1623644246575,5.8062998635548,0.212512579613741
"SSA_00223",24.6791810226374,23.0927940336425,16.9561146232347,11.9762291523054,5.81124520120887,0.137318934929871
"SSA_00224",25.2403919397266,22.9640064101719,16.557885685737,12.0982784921918,5.67987581018125,0.0439616143983058
"SSA_00226",27.8901256727456,25.8371748451841,18.8541265113397,13.1151249848533,6.11306570311634,0.154061622129737
"SSA_00228",26.764862864822,23.5211597141504,17.7672049291674,12.4192641059439,6.03695817683455,0.254293497554492
"SSA_00230",26.2514501319895,24.024404772079,17.4512599253259,12.1860287021646,5.82583048501579,0.160115124690825
"SSA_00231",25.5937352319839,22.6657589709414,17.2953970995628,12.1336061072712,5.82441235446252,0.105162162982422
"SSA_00232",25.6877248503668,22.8273401767198,17.0966994408138,11.6583903211527,5.62016761695961,0.1084751758649
"SSA_00233",26.3980267887334,24.4723110519935,17.9048050826419,12.3921652496312,5.92147195945766,0.186378015263636
"SSA_00234",26.9865127451976,24.8998145793197,18.1369364965062,12.4442161897655,5.77476333228779,0.151905872885405
"SSA_00236",25.8907059303166,23.9688008575931,17.7981391233515,12.2917257679529,6.03833811373183,0.350066277379598
"SSA_00237",26.8075671799333,23.8916488914987,17.9070761074302,12.2238473797963,5.88267504546236,0.191590307824687
"SSA_00242",26.8292003413337,23.8523493447852,17.7427973710693,12.3188473256155,5.8302746299876,0.108767188709934
"SSA_00243",24.4047114598044,22.3246770408643,16.67221102756,11.627503013383,5.51467131216703,0.0706564743607321
"SSA_00244",27.097316723477,24.3865553437108,18.0651678006668,12.440227033894,5.89012720071191,0.196633449382792
"SSA_00245",25.9649982283821,23.2988108854063,17.2014698034708,11.7817722084811,5.70614045596145,0.148634734599962
"SSA_00246",27.1181265579113,24.3208629460596,18.0575608677183,12.5364630908916,6.07950320929345,0.370755739425329
"SSA_00247",27.6529984287788,24.7255261280512,18.077422033065,12.4076545121238,6.00744349710076,0.257608693937586
"SSA_00248",25.0751282027266,23.5462936458158,17.2475600550528,12.100255753957,5.87328447603373,0.122349960627527
"SSA_00249",25.8905147292857,23.0673280660086,17.310482564555,11.9846130024522,5.89981633936197,0.323597649583932
"SSA_00250",23.5858032532779,21.4219723236997,16.427560697234,11.2929382602006,5.54586065801443,0.128141018425979
"SSA_00252",26.4685454320604,24.3940365187915,18.1367675377952,12.7111936024733,5.95437215943549,0.240855069916229
"SSA_00253",26.1585878146514,24.1008562510818,17.4255008030723,12.0852898489682,5.92276499888785,0.196911898753036
"SSA_00255",26.0732398334194,23.751912334581,17.4426191123102,12.3801023983019,5.88574511360967,0.140287427148408
"SSA_00256",25.9077229442692,22.9045631175175,17.2516092245538,12.0024612689687,5.72429181617066,0.160315278776234
"SSA_00257",26.7137582929265,24.1189766977248,17.7983549285265,12.6537365323045,5.93641295839071,0.192447110451586
"SSA_00258",28.1516194435285,25.2677592845038,18.4548806507954,12.4937932927942,5.75089199025036,0.0746626358061462
"SSA_00259",24.3250760144973,22.4428333916369,16.7658690869189,11.801100423018,5.6565996313146,0.156667272031754
"SSA_00261",28.4378097682115,25.0828597321923,18.4850068931248,13.1304878167056,6.20616016440378,0.261800071160541
"SSA_00263",26.7029218106107,24.3284557938512,17.9563495201976,12.5440395300985,6.02202410048535,0.215201237598635
"SSA_00264",25.8726015502162,23.6106882828975,17.2127909400172,11.6948590178499,5.77710779899124,0.27295101392664
"SSA_00265",25.0343923311151,22.3064623737853,16.7167620054241,11.5795623135718,5.52043823486189,0.018329720420784
"SSA_00266",28.4967422555306,25.8426928662652,18.7927669453595,12.9794858749653,6.09772659905509,0.236702210757353
"SSA_00267",26.2758344649803,23.2436790001488,17.8230697332319,12.4582414445739,5.98947115678139,0.103673797961551
"SSA_00268",24.2938723633465,22.2858589565502,16.4193467211406,11.3316757442959,5.63843653751003,0.0493021154866403
"SSA_00269",23.9904718958248,21.9242972660653,17.0780218362176,11.663323086919,5.75340484852296,0.194238871452549
"SSA_00272",25.8183210487697,23.0181822058208,17.3912585491901,11.8956791822364,5.85749476538745,0.292510340487518
"SSA_00273",24.8347475747826,23.140741611499,17.1355217019599,12.040988698124,5.8459113662121,0.124439312557046
"SSA_00274",28.7126247709996,26.073964067321,18.881257875769,12.9175393563186,5.88428245428801,0.0820264994201764
"SSA_00276",25.6561943211992,23.9739727076797,17.2924526554275,12.3465836238387,5.82327046931726,0.235191077966605
"SSA_00277",25.5048412892884,23.3527061093456,17.4073264540316,11.9420979384923,5.69539033683895,0.0687424750592415
"SSA_00278",25.0065942801126,22.3298078868416,16.7642397540421,11.4198169677942,5.45249004816498,0.0966778056512824
"SSA_00280",26.6543296577644,23.8808329405362,17.6230779672307,12.4168001001733,6.03503443669631,0.269178461111389
"SSA_00281",26.8944804290286,24.0393009329786,18.0387342009682,12.559028216452,6.05175089195862,0.229861862171974
"SSA_00282",25.064321032481,22.8740440935929,16.7955019028183,11.6794350580612,5.88359131961895,0.211927873032166
"SSA_00283",26.2639010873217,24.2973484308017,18.0123016476929,12.3522918743824,5.93280892493843,0.187685060939022
"SSA_00284",27.2199200853687,24.3141279784465,18.1373635249183,12.3275469596849,5.71471431916458,0.0345100980561936
"SSA_00285",25.526131778508,23.4045656360359,17.0737958042597,12.0579157165963,5.69570722162535,0.160102321637187
"SSA_00287",25.2158044143441,23.5147732036383,17.3747660099369,12.0025711912617,5.80718845527345,0.214015923729401
"SSA_00288",24.7563598785434,22.9436275499401,16.698189061017,11.5660090908877,5.60030908102414,0.106730267959225
"SSA_00289",24.2594057676285,21.9217255781162,17.0661594187888,11.9100491843374,5.87010644581943,0.203242411297084
"SSA_00290",23.7069789148876,21.637772390385,15.9726477008044,11.2914253628983,5.5417075783743,0.160577787720032
"SSA_00291",27.7139714997859,25.0473275993865,18.2081945928588,12.4666731511152,5.91217603269565,0.138236130271339
"SSA_00292",25.5968660725841,22.8773332087905,17.3524823562783,12.0878401338067,5.81946986718305,0.102620005649746
"SSA_00293",24.4031970992321,21.958783238188,16.633876798067,11.6860054310265,5.66494166965202,0.115608450266792
"SSA_00294",23.9864824212068,21.5987726698356,16.8130749253236,11.8357337838691,5.71789410100563,0.2925862554797
"SSA_00295",25.4641672319209,23.7486760818263,17.227984062623,11.9573179593112,5.75278443011551,0.223194887717669
"SSA_00296",25.2639709221407,22.7931247368286,16.9845734495949,11.8788936309029,5.83622875342427,0.207743365874117
"SSA_00297",28.4322352711013,25.0379202756987,18.6856819713133,13.205027370927,6.21726222380889,0.361434600501339
"SSA_00298",26.5062329167457,23.9845427863654,17.7530369017855,12.1083387213505,5.71358065806204,-0.0380829757850704
"SSA_00300",26.3376813095298,24.2032149214043,17.8604776744935,12.3572951441806,5.90596257351232,0.207783656467492
"SSA_00301",24.411020702926,22.481762760402,16.4863966647086,11.6000801101432,5.85011800130345,0.246938554620733
"SSA_00302",25.1463581859461,22.8123607936216,16.7743902529802,11.7159132535125,5.56657693289966,-0.005389101689217
"SSA_00303",26.4310507373839,24.3248256112786,17.5662482288132,12.2211730671661,5.75377490719671,0.0275973712991679
"SSA_00305",25.8734212989244,23.1500683730967,17.2337482570047,11.9972982128173,5.72764782621277,0.128585383945986
"SSA_00306",24.5786460599762,22.7966291717758,17.6446667844091,11.940426204754,5.72511984962545,0.147943693875754
"SSA_00307",24.1114531883978,22.3894046125969,16.1313163205575,11.4145870186635,5.46781180730232,0.0638372520174095
"SSA_00308",24.5013226031044,21.8504514523566,16.7439728122501,11.9149119614494,5.58410679458053,0.0612567917313661
"SSA_00309",24.2346724179193,21.8742645354164,16.2699905853403,11.3200512183927,5.78359886240356,0.238451488575421
"SSA_00311",24.1029341870988,22.2417027983955,16.3096238623808,11.6369484279496,5.7166836531489,0.10566985169147
"SSA_00313",25.444511412508,22.7734150292325,16.819234359357,11.858796719687,5.60380818448871,0.228252026425309
"SSA_00314",23.935049652087,22.9360591813349,16.5330625578254,11.3345963483376,5.67245312664805,0.243727506023086
"SSA_00316",27.1279096451782,24.164411692087,17.9938640153921,12.3974558895417,5.79394488005396,0.155569379575662
"SSA_00317",27.8974678684855,25.4404403797846,18.8360150164612,12.8234286450936,6.05669976187743,0.0731211623997239
"SSA_00318",24.4686042439462,22.1100011844382,16.1073244277013,11.305329374579,5.614670700962,0.131683625960161
"SSA_00337",25.8092466885513,23.8214602018223,17.4374618264809,12.1935537495901,6.01558789395076,0.267358004662236
"SSA_00339",26.408316607532,24.3014134519124,18.15443045452,12.9210373798875,6.05225660922498,0.253273884419611
"SSA_00341",28.0773009062877,24.9709601189377,18.5124846373147,12.9662990769116,6.16481188723957,0.120221084051582
"SSA_00343",26.0598648685157,23.6493759261033,17.726590723889,12.5000747481953,5.91563642999692,0.280159950719573
"SSA_00346",25.09807467683,23.6041173137193,17.164540600705,12.1141851776598,5.87002023674772,0.186479900804668
"SSA_00353",25.2291712276005,22.9790592987796,17.9669847198852,12.4247067598244,6.13270446601071,0.386459094855255
"SSA_00354",24.5914037221044,22.2836315596258,17.3199694177016,11.8405317252307,5.83154157059084,0.217281592533506
"SSA_00366",26.1331174342081,23.491172084314,17.6449637466069,12.1918817432912,5.81260132477544,0.167396279556554
"SSA_00369",23.7490966813967,22.0674867402126,16.0993171807503,11.681197809742,5.64517316334166,0.146963770849243
"SSA_00376",NA,NA,NA,NA,NA,NA
"SSA_00380",25.0789369270122,23.2416233158363,17.2351376747705,12.0064232749246,5.81737675933904,0.0826829460113781
"SSA_00386",27.3154480596882,24.7736735262631,18.0181643391783,12.6813895034574,5.87121042462059,0.0602550869918805
"SSA_00395",26.558564594651,24.6970733696043,18.246183645955,12.508006175402,5.94101838302845,0.145075080869155
"SSA_00403",26.9038927700161,24.3064650394304,17.7924683145887,12.2159247685696,5.88043249602005,0.114052861388239
