"Year","Accession","PAR_1800","PAR_1100","PAR_500","PAR_300","PAR_150","PAR_50"
2022,"SSA_00002",30.3640463126082,27.0252828750364,19.9509341933965,13.6710190981145,6.64598075414637,0.267075775216226
2022,"SSA_00011",26.6604445488881,24.3861722998125,17.3233323230521,12.0747839647884,5.62531428771375,-0.0122338251021271
2022,"SSA_00012",28.3981148599929,25.5216583556103,18.2522901327395,12.6987850552966,5.81133900787976,0.00719763194282186
2022,"SSA_00014",29.013582345267,26.2938457170389,19.4069305357625,13.0899373430774,6.09976612729169,0.0335194180212769
2022,"SSA_00015",NA,NA,NA,NA,NA,NA
2022,"SSA_00016",27.3723865850032,24.8239329897247,17.7610157885618,12.1982826944574,5.54392984167054,-0.100933659157674
2022,"SSA_00017",27.7144659539241,25.1889701697861,18.5620360919538,12.7477260053529,5.98040024842648,0.0910751653394108
2022,"SSA_00019",26.4341793176287,24.8749029072891,17.3817845952321,12.0330917200226,5.59227195235971,0.021383501729874
2022,"SSA_00020",26.9821135735962,24.6693339312122,18.0815414225438,12.4384574948372,5.96745360721398,0.126634401518681
2022,"SSA_00021",27.3573879332863,25.0513821191898,18.0890226485785,12.5174747632078,5.97021500179952,0.190196547830381
2022,"SSA_00022",27.5895003234447,24.6021891262424,18.1919318358267,12.4597682107979,5.86329429147181,0.109751674170179
2022,"SSA_00023",27.5899562670211,24.709635935054,18.4306335268805,12.4679486175846,5.7085396596274,0.0324703112762944
2022,"SSA_00025",28.1633026874656,25.3133070946898,18.4744515270903,12.6512570066652,5.92253882312283,0.0838756162165896
2022,"SSA_00026",27.0825387933638,24.8075403458687,18.3435287054305,12.6027566748589,5.7097093366147,-0.00288314317315808
2022,"SSA_00027",25.8587325621497,24.0089870946574,17.7171726649735,12.1661427942312,5.80788199753743,0.0567991031497451
2022,"SSA_00028",27.1687633149929,24.8317128352163,17.7989730304376,12.0856940813208,5.3442904164942,-0.123264619930026
2022,"SSA_00029",26.7742341620539,24.022197917338,17.8991514403113,12.5171648946188,5.80543393822956,-0.0279844182256257
2022,"SSA_00030",27.8069836477906,24.8610626315167,18.1790926337085,12.6743952248242,5.94110267066328,0.0719601225796798
2022,"SSA_00031",26.1206284162912,23.8962591789989,17.6716288690392,12.013657046856,5.64918937297347,0.0289237494865467
2022,"SSA_00034",27.3154981755519,25.4074754388527,18.3935236509518,12.3926850903853,5.7767305878375,0.0739947332258645
2022,"SSA_00035",28.7197789982039,25.6294583425719,18.2652253828567,12.4159657929418,5.69930813055785,0.0273453189259247
2022,"SSA_00036",27.0465905238392,24.6715426544744,17.7700893152378,12.1517404560215,5.60777333739698,-0.0944728752573607
2022,"SSA_00037",29.2802543372527,26.6803933196049,19.2166376272953,13.1640195349689,6.09703269124294,0.0941120839544714
2022,"SSA_00039",27.0999379369389,25.3787451185058,18.2369130131021,12.6680873000982,5.84476454155186,0.127527000819876
2022,"SSA_00040",27.1250840553361,24.732585904285,18.0277730388945,12.6382039086368,6.06517825903903,0.185594490528012
2022,"SSA_00042",28.5126372413334,25.9635512633791,18.9400428150995,12.673618659416,5.70501742735922,-0.163424278709974
2022,"SSA_00043",28.6362744904883,25.918980639611,18.8393336666567,12.7762573799048,5.92739075497419,0.14324081537993
2022,"SSA_00044",26.9712940096386,24.2959710934615,17.8973880154416,12.5596683445971,5.8715995207454,0.112417950263957
2022,"SSA_00045",28.1273941612214,25.5259574327306,18.295556408122,12.508488466303,5.68557246047437,-0.103009505791136
2022,"SSA_00046",27.8827516778835,25.2058843447381,18.4213094991638,12.6510013922152,5.94088532644808,-0.058093058797077
2022,"SSA_00047",27.3807728649636,24.7824412900575,18.5517616522047,12.6474334713236,5.6617488192979,0.0763961351699968
2022,"SSA_00048",28.5462632278208,25.7346119078465,18.8213065220555,12.5552554758366,5.73815775236583,-0.0480792825399377
2022,"SSA_00049",25.511671814966,23.8964990410616,17.3125886268372,12.2157593431403,5.66025820491591,0.00411974500959969
2022,"SSA_00051",28.8614928670692,26.2904790812541,18.7921848534512,12.7612603220049,5.78740445993118,-0.0976592143818147
2022,"SSA_00052",27.4979764030931,25.42333658975,18.1963083493756,12.6308672535514,5.76651631203735,0.0327149426886581
2022,"SSA_00053",27.8031252795389,25.3620365777433,18.1274924883093,12.7529744343372,5.86778972003682,0.0231525842562145
2022,"SSA_00054",26.5642660937379,24.0099940974672,18.0601767761471,12.3442309193959,5.77735834533947,-0.0242513492326136
2022,"SSA_00055",27.1205572661242,24.5089953834983,17.9550718147098,12.262866050907,5.56471067699631,-0.0592350613238344
2022,"SSA_00056",26.9047522646169,24.4082441975108,18.4605828699057,12.8663478227482,6.25553837978902,0.332420941911433
2022,"SSA_00057",26.3747105885632,24.0536290403675,17.0465692729708,11.9353834829737,5.43255548183403,-0.0900442494460393
2022,"SSA_00058",27.9338039880356,25.4134228924036,18.4805025579684,12.5182639371761,5.88293298056835,0.193423696848219
2022,"SSA_00059",27.5960132786281,25.2693693558812,17.9462196283521,12.3629634368786,5.64586242869988,-0.129317640849291
2022,"SSA_00060",28.3597574730368,25.5734797945944,18.8741138848744,12.9549044906242,5.76962013149143,-0.0838908965371346
2022,"SSA_00061",26.7208450521772,24.3267723881971,18.0537392924759,12.5347440608282,5.81083569169919,0.196967016850751
2022,"SSA_00063",27.443624082245,25.1882239604303,18.239105151344,12.7758294358742,6.07418393202618,0.200491483407705
2022,"SSA_00064",26.9968846386813,24.9894961877993,18.2719168436666,12.2970373505075,5.72773319526941,-0.047979723365142
2022,"SSA_00065",29.2495709944658,25.9878077117267,19.3924376932933,13.1532885016016,6.10696423790694,0.234796114683931
2022,"SSA_00066",26.8862620250186,24.4895532233423,18.1535505875793,12.6203096164609,5.96514972918801,0.250759796802153
2022,"SSA_00071",27.5168808562384,25.2293169167814,18.4190078408444,12.5465665173445,5.85826517467687,0.0596156044347914
2022,"SSA_00072",26.4906297802856,24.530710100047,18.4749011616941,12.2929547974388,5.71413422227349,0.0807194453911802
2022,"SSA_00073",26.3265097311868,23.749654122939,17.4439946792106,12.2462188701471,5.8866197239917,0.0819882162859608
2022,"SSA_00076",28.7559018034562,26.1102373163776,18.9183529090447,12.9997573132088,5.82400162340883,-0.00260763451006626
2022,"SSA_00077",27.9581339050729,24.9952050471275,18.5036016883681,12.7438331516105,5.8354355341483,0.0656129786237802
2022,"SSA_00078",24.712568463589,23.0678390315138,16.8583564261767,11.8479590919032,5.51460403116821,-0.0484140022621196
2022,"SSA_00081",28.2207431254888,25.9695980826475,18.5660668113295,12.6649415776964,5.91052574061182,0.130549168943041
2022,"SSA_00082",28.4005903974597,25.7674588896757,19.0298616118958,13.0094617147028,5.94982827990111,-0.0561845613655548
2022,"SSA_00083",27.2101670195621,24.8241297068751,18.143176912768,12.3190531437813,5.71326430728822,0.00907832750556392
2022,"SSA_00084",27.8740572885925,25.0449619155786,18.5262279824631,12.555710347217,5.7365983054843,0.0482968797643731
2022,"SSA_00085",29.0793149654967,25.8046355582545,19.1864073427056,12.9216610158618,6.1624044491646,0.187682281872739
2022,"SSA_00086",27.277991645704,24.698140721519,18.0292999511276,12.554746614917,6.06976173494645,0.233844373150175
2022,"SSA_00087",27.5911572336242,25.5493707752624,18.3754775177774,12.7443774580577,5.88542439611071,0.061167002799062
2022,"SSA_00088",26.235194264832,24.2200537625371,17.3361172304472,12.2020093212357,5.68479401875388,0.115644187737324
2022,"SSA_00089",26.2306997708078,23.5580672914171,17.9471187904252,12.4321190040594,6.01252024113076,0.235875525910879
2022,"SSA_00090",28.4764755543137,25.1770121536656,18.5662933623555,12.8472158781452,6.05173775074201,0.102851721800262
2022,"SSA_00092",27.8412382593812,24.9442935180661,18.4894144800666,12.4834853404368,5.94118114581642,0.194694763547034
2022,"SSA_00093",26.0501843475076,23.7999765305721,17.3777064441308,11.9817698210544,5.60288667504475,-0.0711941754218777
2022,"SSA_00094",28.0144636377816,25.8695062433928,18.5155166786066,12.6122953734847,5.74503891816306,-0.0975533206633138
2022,"SSA_00095",28.9880258053773,26.2155450332061,19.1404062640497,13.1512846150531,6.20993739818041,0.0436648132002171
2022,"SSA_00098",26.9503033558794,24.3804432725097,18.0880977796092,12.6135870396915,5.84677543411102,0.10427012664975
2022,"SSA_00099",25.9619266246306,23.9073786288863,17.5501756620417,12.3819991466821,5.93013200915483,0.219621674693195
2022,"SSA_00100",27.699417405407,25.1279480023099,18.5049057692102,12.7518322642334,5.97745318633382,0.107293096723119
2022,"SSA_00101",28.4419610345191,25.1586950225905,18.3375506463864,12.3616194762893,5.69221846295269,-0.0027185977763009
2022,"SSA_00102",26.160686895934,24.0435188155129,17.3259905097672,12.0010312414398,5.73943886712439,0.17215911333747
2022,"SSA_00103",27.3900308998348,24.693964438929,18.1095061749054,12.4914563333489,5.73111123063869,-0.00926073615731801
2022,"SSA_00104",26.7717274568134,24.2696710479572,18.0622995101603,12.4499450616448,5.77870115034295,-0.0323370743722207
2022,"SSA_00106",27.1496445767699,24.906019839936,18.5211472075914,12.7711642281088,5.97644946388995,0.123315218066583
2022,"SSA_00107",27.5611695783109,25.550468464701,19.0491761588247,12.8497218194447,5.94730255750391,0.0913642607367547
2022,"SSA_00109",27.3423946061265,24.3536023388446,18.2153352562823,12.6994714336865,5.96945214377129,0.133939141010838
2022,"SSA_00111",29.3310887969361,25.9993859826016,19.0321534293751,12.9538540107086,5.99985358008352,0.0902803181425993
2022,"SSA_00112",27.4270521496273,24.5142469724361,18.1450237489343,12.4642571544393,5.87991905794352,0.00976810468445305
2022,"SSA_00114",26.980054598564,24.3347795330567,17.9436297492583,12.3163925038312,5.52243287226012,-0.0991805523938052
2022,"SSA_00115",26.5565861550571,24.615801153197,17.6456479644113,12.2060091668275,5.69073844173825,-0.130862033341293
2022,"SSA_00116",26.7613028002987,24.4967383013819,17.4378489500942,12.1993953214362,5.67859934027719,0.0625506305090368
2022,"SSA_00118",26.8014531877288,24.3305533992893,17.5001286425073,12.1344094164553,5.73459709564646,-0.00811088810535818
2022,"SSA_00120",26.3671753701657,24.4030412847841,18.0349831532372,12.4356697669595,5.68279304519409,0.0195461714803938
2022,"SSA_00122",29.2199603454761,26.3797489402914,19.0366362421536,12.8576986896211,5.91042162846341,0.0233327848625357
2022,"SSA_00124",25.5028440205421,23.5289935675887,17.4298260374886,12.0578609975774,5.7339973540568,-0.0455200995665624
2022,"SSA_00125",25.5668274128707,23.3431121401994,17.0287650025707,12.0084553364881,5.87316630991476,0.266109730624335
2022,"SSA_00127",26.5286005678542,24.9774376254991,18.2826353683545,12.559894154325,5.87883890113067,0.0989761256633315
2022,"SSA_00129",26.2946155187387,23.9419745755946,17.7695725097906,12.3037808709112,5.82266407874319,0.0474210007326435
2022,"SSA_00130",26.2840924884805,24.3801528322883,17.530948976886,12.2420195178156,5.69257846265875,0.0594106927343029
2022,"SSA_00131",26.6708754976222,23.9491186170886,17.6142799446348,12.357066626379,5.81897511815474,0.182035033798908
2022,"SSA_00132",28.3027366479361,24.9351885450262,18.0536170214385,12.4485619704231,5.72426981083986,-0.0593471767739591
2022,"SSA_00133",26.9715565254922,23.9617879021543,18.1812335247236,12.6001575974629,5.85522741911908,0.184021359116211
2022,"SSA_00134",27.237774678405,24.625509305608,18.020836332249,12.6217878113819,6.02913836087406,0.158893629445483
2022,"SSA_00136",26.3647534308867,23.9748699547937,17.4624566109919,12.237807379949,5.82684949217978,0.0420557052542443
2022,"SSA_00137",27.4567082890851,24.664855565084,17.7249711721907,12.3631988349627,5.79894843639364,0.116986712188707
2022,"SSA_00140",28.3396560085466,25.4733249048847,19.0582434818356,12.8013953552906,5.83378637228787,0.149779344512485
2022,"SSA_00141",26.3066618202748,24.1905132024746,17.8165229901804,12.2095078370837,5.84721642313948,0.0857917485863599
2022,"SSA_00142",26.5364922578666,23.9809703619796,17.8727195134762,12.5744126411523,5.98410165666011,0.137466168643662
2022,"SSA_00143",27.0520727752012,24.7535802708126,18.2337502341609,12.7038936607887,6.10844369722157,0.206223764343028
2022,"SSA_00144",27.3579385307474,25.2984522389829,18.0120380362225,12.4046721204288,5.90421306421672,0.0880414471165979
2022,"SSA_00145",27.5576750480282,25.0748309656261,18.283400823503,12.2463421288865,5.67752003948304,-0.134524829674058
2022,"SSA_00146",27.6082835144904,24.9951177627429,18.4339167039963,12.6169704273077,5.76660491802242,0.0332813740756674
2022,"SSA_00147",27.3737923198096,25.0522424355409,18.1986547042068,12.6778087483463,5.7760716805955,-0.0790465945667359
2022,"SSA_00148",25.5433129808323,23.707095328691,17.547488720721,12.3006491242643,5.7483731328534,0.0635965426227828
2022,"SSA_00149",25.9836334696592,24.2738380349623,17.6271845653816,12.2067482418517,5.79345530763939,0.168153640456649
2022,"SSA_00150",24.9462910409482,23.1737745022538,17.3334786946042,11.8727300110673,5.51677417875083,0.0103961867299937
2022,"SSA_00152",29.5291281637305,25.9707486151304,18.770089252212,12.8652789242876,5.99332578165628,-0.0920077145370282
2022,"SSA_00153",27.1813735542043,24.3788040818763,17.9802856643897,12.4274622840113,5.82067241357892,0.102541582746057
2022,"SSA_00154",27.1611802634222,24.8562344513618,18.1183322397479,12.5153408067721,5.74872646283431,0.00344594287226091
2022,"SSA_00155",28.3454196011484,25.6316089130622,18.7511328579748,12.8403778725707,6.00135257907691,0.0799278098960071
2022,"SSA_00157",27.4939129506893,24.9802995811276,18.755524931533,12.7619207020355,6.02854228563249,0.0447265780266678
2022,"SSA_00158",27.2529829418329,24.5246266309915,18.4323471608253,12.4513013668273,5.82920335666175,0.125694664988863
2022,"SSA_00159",27.7223784459518,25.2436945868249,18.2470178875523,12.5446883701008,5.764594997077,-0.0652700330513068
2022,"SSA_00161",29.7442308068427,26.4113073128533,18.7776907919702,12.687944796972,5.93729824851778,-0.0513161165414135
2022,"SSA_00162",25.7123178842494,23.740709830657,16.6978249459665,11.9924800490906,5.5543771749498,0.0170925121418827
2022,"SSA_00163",25.5627365694269,23.3483128007369,17.2763583137545,12.0316966414552,5.59980212564559,0.0910590561403824
2022,"SSA_00164",27.8429211617175,24.8913710108109,18.0215173793613,12.6902188684859,6.02681440406991,0.0932467415673418
2022,"SSA_00166",26.3396168435498,24.0635144767989,17.5655546148129,11.9788666746516,5.54772389984,-0.0784092002163793
2022,"SSA_00167",26.4948376128003,23.4385753920277,17.6660036646181,12.1227025229808,5.8670768987221,0.188374255852505
2022,"SSA_00168",27.156864750809,24.4531518050172,18.3720568149067,12.6312216802518,5.62935392035667,-0.0634874962121655
2022,"SSA_00169",28.1135856784588,25.0604871804812,18.3889159485335,12.9562909380403,6.16131307069682,0.320586530344753
2022,"SSA_00170",27.3298427244653,24.8607562436638,18.1836154277096,12.2206402976029,5.65760882547433,0.00630759244928983
2022,"SSA_00171",27.042899800117,24.3706944674502,17.6906088601153,12.4578904502764,5.76738284232837,0.0547401936327314
2022,"SSA_00172",26.2586821936457,24.4933905955697,17.9571870324891,12.3569977996463,5.84683857219517,0.0788664278202903
2022,"SSA_00174",28.7441702031383,25.7426072686642,18.5961574212612,12.8663552121752,5.91476362348405,-0.00583884887528743
2022,"SSA_00175",27.1391751342897,24.7911733368525,18.1497402969304,12.63367487237,5.8574042587635,-0.0213465454328932
2022,"SSA_00176",28.6178802123993,26.2260767854254,18.6856338440928,12.7224676935974,5.86011449570846,-0.0282281599473815
2022,"SSA_00177",27.4709759704919,24.8013316563601,18.1728765686387,12.4337344198104,5.89902901331027,0.169373356840619
2022,"SSA_00180",27.5180383059823,25.6211036029727,18.5864518805347,12.5059481945514,5.89804231742091,0.0718487901799057
2022,"SSA_00181",26.9333125075708,24.7113203549295,17.4941413192168,12.1515842646191,5.67644267136078,0.0784427508212213
2022,"SSA_00182",27.1412871757189,25.502867066306,18.5905796165435,12.8280327864326,6.02126999100336,0.150613437523878
2022,"SSA_00183",26.9340874809122,24.2132362158892,17.8309222215602,12.4966947426772,5.795711205575,0.0699586821626991
2022,"SSA_00184",27.0185801708827,24.7565392903324,18.0566855236447,12.459682822638,5.83312584724375,0.0796551282203914
2022,"SSA_00185",26.9975304984325,24.2337462060085,17.8122156667576,12.4713611569623,5.91201930254825,0.0999784316453705
2022,"SSA_00188",27.0158594019591,24.8569960466632,17.9707150760595,12.3213405799329,5.71454174647684,0.159134969305116
2022,"SSA_00189",26.7563780131101,24.4046556607504,18.0334242255393,12.2211622229554,5.64729171261052,0.00420218138057987
2022,"SSA_00190",28.0779006148375,25.3920800256392,18.4880061119471,12.7569022386831,6.0814938646814,0.171771721718127
2022,"SSA_00191",28.1233299917902,25.5301493332357,18.3543999457211,12.3829025393724,5.62760283957216,0.152216191874895
2022,"SSA_00193",26.6200166492107,24.5153086398391,17.725373003222,12.2449500985935,5.72341522717079,-0.0433017796338549
2022,"SSA_00194",26.9497288855329,24.5551908414424,17.6738653832056,12.2716128046604,5.73328176108962,0.0671298811758987
2022,"SSA_00195",28.4613885237499,25.7002191788906,18.9588784613639,12.8759582849949,6.12694324631411,0.123730247207629
2022,"SSA_00196",26.4893177874809,24.3198743010456,17.652385327879,12.3593405938086,5.76721174445807,0.0789081112287617
2022,"SSA_00198",25.4881323780942,23.5461041838053,17.7456244613191,12.2856637098635,5.8094911124654,-0.104478730708912
2022,"SSA_00199",26.134314943847,23.7008130018403,17.3926443608677,12.0919296979039,5.53713337362979,-0.0279596754467638
2022,"SSA_00200",27.9445433602254,25.35208164115,18.5951755718502,12.8304540400761,6.01722430911612,0.0615108211697734
2022,"SSA_00201",25.8494118373787,23.7216627802921,17.4402417016673,12.1107073563878,5.56307495754371,0.0536119006906945
2022,"SSA_00202",NA,NA,NA,NA,NA,NA
2022,"SSA_00203",26.5221354146617,23.7540197906525,17.5404498972831,12.3975617850212,5.65657163780665,0.0789895672507882
2022,"SSA_00205",27.4846980290399,24.9142650009004,18.213120263699,12.3860399625542,5.69450967205944,0.0970026864588363
2022,"SSA_00207",26.7782722477802,24.5131393283784,17.5402376153921,11.9248430964972,5.52985838582499,-0.0536111379403025
2022,"SSA_00208",NA,NA,NA,NA,NA,NA
2022,"SSA_00210",26.8316601108369,24.8165187049851,17.8755586408227,12.2127164925498,5.5875143600557,-0.148270575589573
2022,"SSA_00211",27.3966703801585,24.4362440096047,17.8061121901195,12.4129128355934,5.71321999486739,0.0846932921647998
2022,"SSA_00212",25.3627106224931,23.3908659945467,17.3187032112586,12.1300942988467,5.80825380252719,0.139731735497154
2022,"SSA_00213",28.1405472175964,25.0659114944598,18.3332419126146,12.7135615928303,5.82630462622076,0.0361602148159361
2022,"SSA_00215",27.7534137565943,24.7451869389339,18.1386039652598,12.4749202833884,5.6878228427333,-0.0852615801119231
2022,"SSA_00217",27.6279121988764,25.1936831765162,18.3812680500264,12.3490935843265,5.63550363899393,-0.0902277419720459
2022,"SSA_00218",28.0011725826632,25.4588914642475,18.3836301013488,12.4041379154637,5.63883738272977,-0.0988012159444628
2022,"SSA_00219",28.6200999035804,25.2915968152524,18.7481941098502,12.9283561277031,6.11461448310003,0.217436274865635
2022,"SSA_00220",27.9848748109343,25.6588164618845,18.6842992349778,12.827632207287,6.01458866970539,0.145001525753715
2022,"SSA_00221",26.5853759512091,24.052179325239,17.6758835851189,12.3585763084704,5.681219707661,-0.143688341390403
2022,"SSA_00223",27.8700980196487,24.7260253039717,17.9549254082788,12.5540194568857,5.7505689696311,0.0898885096081558
2022,"SSA_00224",26.2948481484315,23.5544637962503,17.495099779316,12.3920827345349,5.73491647182003,0.00933751191244067
2022,"SSA_00226",28.9332317615526,26.1966729700316,18.9109996071303,13.0684398040489,5.94320500334894,-0.0460278197190955
2022,"SSA_00228",27.6043664178811,25.4021502591157,18.3806110442199,12.5916596566017,6.05908323491253,0.304070266435424
2022,"SSA_00230",27.9864779454329,25.1660167753892,18.3685703649413,12.6780181635264,5.95066554551475,0.0815569665165029
2022,"SSA_00231",26.5128136524301,24.4060480682252,17.9652560534721,12.6740005825357,6.04813648042163,0.148158944130158
2022,"SSA_00232",26.6455411561277,24.1812904326653,17.7508189309771,12.2391806536488,5.78514205273226,0.0273951696117699
2022,"SSA_00233",27.3825486999736,24.9335548868876,18.3320091143423,12.5372021870993,5.8696494723574,0.147983669925545
2022,"SSA_00234",28.8903565428082,26.1511004491165,19.0684018852347,12.9357528010308,5.92060495455798,0.0771669173769695
2022,"SSA_00236",27.4767408594175,25.723055713409,18.5632654110613,12.4756316005012,5.79743469815098,-0.0200992586363065
2022,"SSA_00237",27.3591438335294,25.0231433671726,18.2252782452937,12.6260747505941,5.922887155466,0.0411617921863476
2022,"SSA_00242",28.0068803826384,25.3266515086307,18.0971387882187,12.4841661269841,5.79903941581127,0.00945783538903097
2022,"SSA_00243",25.5565080117469,23.5471235003308,17.1906991498111,12.1103549900776,5.53789019186839,-0.0662878069582356
2022,"SSA_00244",27.7274692054437,25.222233405952,18.5062140267138,12.5738583493638,5.82349780331246,-0.0735034606411695
2022,"SSA_00245",26.3120555265328,24.37212718465,17.5367751922375,12.287396027702,5.67902450122359,0.0110478564729782
2022,"SSA_00246",28.1250261158183,25.570770857153,18.7635727214186,12.8053751659445,5.9433543217032,0.172853912569675
2022,"SSA_00247",28.4904382225386,25.4281229459409,18.6900050117513,12.7192657897611,5.89971545435978,-0.033656295005541
2022,"SSA_00248",27.8374375389453,25.201543271898,18.2303359723819,12.5859629181059,5.86373175637701,0.0311739535619693
2022,"SSA_00249",26.4767056964238,24.4022375097995,17.9300909261609,12.2680334441362,5.76072405526109,0.00908174906827014
2022,"SSA_00250",25.2933575679904,23.1854591819344,17.2667774247629,11.9877970344905,5.64578409727026,-0.0377716291389006
2022,"SSA_00252",28.9957861363729,25.9368241919994,18.6966577527502,12.9910058343231,5.91050893729841,-0.0554755659749456
2022,"SSA_00253",27.7943211221862,25.0658476732705,18.2096321259494,12.4966323800026,5.878308655661,0.0468382212247116
2022,"SSA_00255",27.6606417300335,24.5400847716195,18.518339544752,12.7251603249683,5.90655686214023,0.104699668662197
2022,"SSA_00256",27.1097027350732,24.7559601989745,17.9509198226381,12.4918159570216,5.8535190212358,0.131231216228858
2022,"SSA_00257",27.3005453273087,25.2872867005647,18.8317638235911,12.7204666436153,6.06370526003959,0.199138291026197
2022,"SSA_00258",27.7971156454059,25.7702259533916,18.7026794882243,12.746984840516,5.90827707717431,-0.0292634722753086
2022,"SSA_00259",26.4750754958318,24.0125962646848,17.9654324002025,12.5776888209973,5.82654298427734,0.194544175307165
2022,"SSA_00261",29.2385732596845,25.889107872219,19.0531770308428,13.0977873333527,6.10689792827754,0.134547433713978
2022,"SSA_00263",27.7408803882664,25.1272846012351,18.6178181643253,12.7486093944382,6.05059213267515,0.192128801389316
2022,"SSA_00264",27.6334322642499,25.4196064506562,18.2631043336792,12.3738353596286,5.56377690570626,-0.01197542414856
2022,"SSA_00265",25.5849033333604,23.7484893398674,17.1812888023385,12.0351440962086,5.61110995734402,0.0629573260020493
2022,"SSA_00266",29.0875734351822,26.2600728366756,19.039442338334,12.8916100610006,6.0708869379791,0.0848145760977545
2022,"SSA_00267",27.7825906786508,25.1541331048229,18.4688523411441,12.9089255139268,5.98066506837686,-0.00709636699869218
2022,"SSA_00268",26.8286257544551,24.3617015750333,17.6733990690672,12.3182552144087,5.60913349520381,-0.0876751775090804
2022,"SSA_00269",25.6503450334669,23.8656615979025,17.6100286841285,12.1696854424957,5.63780050700531,-0.0057641190734177
2022,"SSA_00272",25.9578236474176,24.0623019472797,17.7967346470626,12.2484140643193,5.80845473717917,0.115891783505138
2022,"SSA_00273",25.8067028397718,23.7980158694233,17.4510324464957,12.2187053652869,5.7601379308051,0.0093493218473289
2022,"SSA_00274",29.0903154974623,26.2368147190466,18.9364810361036,13.003456376156,5.83789094483315,-0.0145936262739866
2022,"SSA_00276",27.9578846580406,25.9061633844826,18.3037445246648,12.6601506919095,5.79770872649113,0.171289447393074
2022,"SSA_00277",27.5315178999344,24.5144586692401,17.9843767454241,12.2653544729565,5.67823625005188,-0.0445842943904811
2022,"SSA_00278",25.9759000611272,23.7476613345482,17.3893483353668,12.1471682410357,5.52468972342576,-0.0798166105393243
2022,"SSA_00280",28.6375508039015,26.1099722678154,18.6915340447957,12.7786906863836,6.18400295446841,0.327375430863779
2022,"SSA_00281",27.9947572634523,25.4217529479406,18.5361152847173,12.7000663577832,6.00148520106764,0.175465152846427
2022,"SSA_00282",27.6153528738766,25.0457041678008,18.3004249186164,12.4689358177677,5.88343094150752,0.11502317940447
2022,"SSA_00283",28.072581207977,25.1736791782969,18.3570394145486,12.6690491219226,5.84835435937757,-0.00388075028856705
2022,"SSA_00284",27.6495683425819,24.6264831011476,18.3127674159457,12.3714069871348,5.66608802634493,-0.0712838472044314
2022,"SSA_00285",27.4577766025214,24.8416292871355,18.0338798955474,12.4976519888406,5.85795731416742,0.0531560986849318
2022,"SSA_00287",28.3369330241155,25.8351377517546,18.583180445781,12.5618305154295,5.7779708775228,-0.0181902409243163
2022,"SSA_00288",26.927991523125,24.517847330797,17.4451569471757,12.1110438078989,5.5905934298736,0.0674088587203807
2022,"SSA_00289",26.9311165581512,24.8711479699319,17.861277835812,12.3079379600335,5.84612646966392,0.0978731396531168
2022,"SSA_00290",25.9175794367598,23.5104146677091,17.4376771395002,12.1017932335733,5.7815109010411,0.123556858004243
2022,"SSA_00291",29.1674861768891,26.0247924683039,18.849123429634,12.8837451542482,5.99955667152945,-0.018806588823144
2022,"SSA_00292",27.5845065455694,24.8378281611679,18.2684258602411,12.372633048812,5.80049546483069,-0.089839340775049
2022,"SSA_00293",25.7627047091025,23.5558420924772,17.400012810876,12.1730395730078,5.7266965460655,-0.0837943163672563
2022,"SSA_00294",24.4677704990641,22.8839911908191,17.1088596090057,12.1208416863852,5.69682062611913,0.0648890380743929
2022,"SSA_00295",27.4704746518137,24.2942202987666,18.3040101357043,12.5689411867643,5.83259471216537,0.11364818491277
2022,"SSA_00296",27.4459010789925,24.9764632287034,17.8302411045316,12.569982722952,5.77862122678671,0.0418261525725462
2022,"SSA_00297",29.1090874768567,25.8453743450478,19.2507974296895,13.2125967282671,6.14173873696391,0.0880700709023891
2022,"SSA_00298",27.407962139787,25.1571729197897,18.6373969346078,12.6488212325085,5.8838931031181,-0.0743160618637831
2022,"SSA_00300",27.3478744466549,25.0580152981323,18.7294114948605,12.6931122513285,5.93447068426324,0.187894279143707
2022,"SSA_00301",26.370401839362,24.3553067428793,17.7299712271042,12.2997136828691,5.83015291161337,0.137680337367445
2022,"SSA_00302",26.4741238163208,23.9539532157473,17.3444101367423,12.1361586975838,5.59203202501926,0.0768238725128772
2022,"SSA_00303",28.2153302528138,25.5221757436403,18.4639117954847,12.6049860296927,5.89501171973664,0.046713374968087
2022,"SSA_00305",26.8282824035459,24.4204502995468,17.7202533725016,12.2373987424843,5.64594133909581,-0.00105826250050339
2022,"SSA_00306",26.1296649599782,23.9606302255349,17.9013192467631,12.1298570725975,5.70290762399254,0.0123262605943469
2022,"SSA_00307",25.1524568015261,23.0560997827703,16.9772590798493,11.8160617062136,5.62268867503635,-0.0637352813961088
2022,"SSA_00308",25.6601828101213,24.0261950133135,17.9239694810599,12.4049307546856,5.85626895882723,-0.115660509789841
2022,"SSA_00309",25.9367254141014,23.9709232045014,17.0601513933189,12.1176201389639,5.78405317439276,-0.0261954247808648
2022,"SSA_00310",27.4465624582617,24.601424155858,18.1601405007627,12.550839308632,5.91682200530386,0.0141265942445849
2022,"SSA_00311",26.0196193738503,23.5647699445514,17.134101906796,12.2708735696037,5.78430146968864,0.0080284570970558
2022,"SSA_00313",26.6283489547401,24.7496420267292,17.8903851250501,12.2376147058266,5.56029063551516,-0.00380925879044891
2022,"SSA_00314",27.5118534987827,24.6765448063621,18.1015325221326,12.4616876321425,5.82737529254323,0.0616194647995171
2022,"SSA_00316",28.3557323159243,25.5180948625156,18.2604328357585,12.6919222203742,5.6516163358451,-0.131473397991738
2022,"SSA_00317",28.509709327782,25.8262633602853,18.9434395446989,13.112418111227,6.04672376349146,0.014710027381539
2022,"SSA_00318",26.2109241670906,23.3831389955079,17.3936807325478,12.1493807505999,5.7412287838406,-0.082853404353571
2022,"SSA_00337",28.109141240729,25.511087887773,18.3706170894656,12.648137385588,6.03320629897365,0.146861556043134
2022,"SSA_00339",27.2189853962265,24.7243894543052,18.453489212524,12.8286284387633,5.91425460699218,0.0301335293728271
2022,"SSA_00341",28.911125398099,26.3335149293711,19.1939081544259,13.1668291337344,6.19499872715471,0.0443037863990934
2022,"SSA_00343",26.8701321922763,23.9645894704765,17.6354211275686,12.3916903220532,5.83182802334303,0.0392631867105137
2022,"SSA_00346",26.2480720133451,23.9096151863557,17.6225519945877,12.3263960277131,5.74609071846671,0.122743957788347
2022,"SSA_00353",27.061354398506,24.8307598888098,18.2572284479728,12.5696060857815,6.01261297374082,0.348131690922345
2022,"SSA_00354",25.8883156872439,24.1898731943486,17.4167625298361,12.3382184178271,5.75716309330323,0.0399236145322196
2022,"SSA_00366",27.1377942848966,24.9664743471374,18.0548968651049,12.579212838838,6.01462447263349,0.223125320568863
2022,"SSA_00369",25.8661382834359,23.393176934442,17.4159228247531,12.4380356871498,5.90248461217361,0.26011053042194
2022,"SSA_00376",NA,NA,NA,NA,NA,NA
2022,"SSA_00380",27.6679834084886,25.0378222474362,18.2239230271781,12.6940892285061,5.78065195703037,0.00479524165227008
2022,"SSA_00386",29.2410987811548,25.8933747386039,19.1205472627706,13.0542659670273,6.01116357377731,-0.0424967125821916
2022,"SSA_00395",27.7419843757935,25.4005019433194,18.3727993877832,12.5399406162057,5.72669118746974,0.0272132231887922
2022,"SSA_00403",28.0741402135151,25.6326113239949,18.6370184909646,12.7257119208279,5.91550256049735,0.0874555552496621
2023,"SSA_00002",26.4565992201662,24.6792805199468,18.4932493269123,13.264289425425,6.28530247299006,0.143498904966286
2023,"SSA_00011",25.1694694155335,22.550591609296,16.9699137912228,12.1612744302411,5.92422847240632,0.382008010666259
2023,"SSA_00014",25.5151426598593,23.4224707472885,17.3027182250809,12.293110510513,6.06558692248487,0.43125773151859
2023,"SSA_00015",NA,NA,NA,NA,NA,NA
2023,"SSA_00016",23.5085408966996,21.3014243256273,16.3961935365014,11.6930567960658,5.87192666563785,0.530745958199947
2023,"SSA_00017",25.1613669103784,22.6548299615891,17.1434290016821,11.7841469806114,5.86700111069705,0.158568331023196
2023,"SSA_00019",24.8472388102649,22.0328025035315,16.5771905964955,11.8192876568499,5.84562484900546,0.396809144621344
2023,"SSA_00020",23.2727482609957,21.0798521656592,16.041555208461,11.4120567217547,5.82504167688148,0.349450899715
2023,"SSA_00021",25.5886877093,23.0182488410698,16.7853929879392,12.0273271811196,5.95269638720585,0.420746066059585
2023,"SSA_00022",24.247171855628,22.6650653135108,16.6844186427119,12.067224029723,5.85384462535648,0.318890087596636
2023,"SSA_00023",25.1882981338102,23.2354287003275,17.3142528210127,11.8782052297535,5.76183079492129,0.0811494833099084
2023,"SSA_00025",23.6816972945553,22.2301194965888,16.5093012770822,12.0878673387893,5.92772917260727,0.40460182033511
2023,"SSA_00026",25.0897218749445,22.6112464316914,17.3418805187055,12.1368523493005,5.9297090129232,0.319060023266148
2023,"SSA_00027",25.5278250715419,23.1081304680925,17.6551343621134,12.266583551403,5.90231378872153,0.365283970188911
2023,"SSA_00028",26.1290832829983,23.5035229751724,17.2007787988658,11.9738764140774,5.82011012112885,0.23838225815319
2023,"SSA_00029",25.4567831507191,23.4893067554893,17.0675338245309,11.9559665670258,5.86301596970911,0.339074299351481
2023,"SSA_00030",24.5338647356077,22.6793442761918,17.3895378412255,12.2539763487058,6.07265128347628,0.528312386684415
2023,"SSA_00031",24.4264278650877,22.1286844516905,16.8467051678023,11.7822455039826,5.88342460019322,0.366471297662086
2023,"SSA_00032",25.7757492408571,23.7362313648185,17.6495574477682,12.2984815147082,5.93566082529256,0.275300189681287
2023,"SSA_00034",24.6536603697764,22.3990162675719,16.8289611740495,12.0094601584433,5.80337833835559,0.146242500702847
2023,"SSA_00035",24.3605034678005,21.8556809689764,16.6642978507762,11.5963704379556,5.76432906708175,0.365662699991066
2023,"SSA_00036",24.3106842102361,22.2962015236146,16.6169134407574,11.6233813813908,5.85950127459202,0.493544062166583
2023,"SSA_00037",27.011537282687,24.6393632173803,18.3999727739355,12.825424994719,6.21271159352019,0.323639762370304
2023,"SSA_00039",26.5376341510735,23.7254313967303,18.093917816191,12.6358822242231,6.13367145556219,0.377003658945147
2023,"SSA_00040",25.5934843633224,23.1243572049975,17.0827117683227,12.1447392692038,5.99264700025324,0.221569423322381
2023,"SSA_00042",26.0736289382472,23.3365325073982,17.5050261518456,12.3205099116017,6.01129718589142,0.435990832648202
2023,"SSA_00043",25.2296607002373,23.3978207910276,17.5042673765557,12.3006054896073,5.98146477172323,0.289866466314602
2023,"SSA_00044",25.4376430377376,22.655912779912,17.1158993944002,12.0903533032701,5.97541780095861,0.387405689346564
2023,"SSA_00045",24.8565410223604,22.8358481727998,16.9701042088545,12.1409623354598,5.80394087382681,0.280099691955536
2023,"SSA_00046",25.6912161147056,23.5580693739507,17.6003497663589,12.3760822312979,5.97454514080944,0.259281403989382
2023,"SSA_00047",26.0184673959839,23.3815151911449,17.4553965671694,12.0460880952834,5.95769517640595,0.468670305330007
2023,"SSA_00048",25.9606815212377,23.4006297442886,17.4653157946341,11.8907529894816,5.94326087282298,0.490012362669477
2023,"SSA_00049",24.4144341346931,22.0774930274257,16.4191199158897,11.5914941017594,5.81530423141332,0.336468530394663
2023,"SSA_00051",24.6193665352038,22.0863319812334,17.2141200599812,11.927684643031,5.84862243907881,0.315028131547006
2023,"SSA_00052",25.6517132633693,23.4141495069838,17.3288943286694,12.3588843762724,5.92987100345631,0.18849970228306
2023,"SSA_00053",25.0910933188286,23.1867074214196,17.1661279494531,12.0950672383929,5.83933649377049,0.167792285995217
2023,"SSA_00054",24.6438356574596,22.1354749581875,16.9943766919185,11.8509843036905,5.93580471881401,0.580305893432471
2023,"SSA_00055",24.0007783957961,21.7689920330891,16.4186439993012,11.7045004299795,5.85191998818678,0.538016851342951
2023,"SSA_00056",25.2501237549058,23.1803451423233,17.0411349724646,12.2271496297277,5.97682373269354,0.246508382361283
2023,"SSA_00057",24.2196336715406,21.8470866938621,16.6384512233851,11.4451631068022,5.64491218806613,0.24498015850959
2023,"SSA_00058",24.5132007099704,21.9261939999481,16.5186216980477,11.7538235036566,6.02460627835506,0.537786146937052
2023,"SSA_00059",25.4213293968611,23.3822231365619,17.1988655747058,12.3804259448405,5.94070487834809,0.368797261544004
2023,"SSA_00060",24.7473357103657,22.1454642084849,16.6622310831902,11.9509542045279,6.04632343456818,0.587910292716411
2023,"SSA_00061",24.1318418353955,22.2143484664693,16.7151727687928,11.843921338769,5.90312104019804,0.415193445871804
2023,"SSA_00063",25.1241855090787,22.8403122221174,17.2877410501883,11.9836339490653,5.87734407427832,0.118231869474791
2023,"SSA_00064",24.5700956313489,22.5324301955685,16.998690958835,11.9078891437631,5.89879551858457,0.299105346252621
2023,"SSA_00065",23.8717962464785,21.867187972666,16.9562374261751,11.9177786509283,5.9918194501198,0.356253340711224
2023,"SSA_00066",26.253890842517,23.626936886662,17.3439040420457,12.0636689288139,5.80840596374054,0.235899214722676
2023,"SSA_00069",25.3770727705364,22.9392248057087,17.3567249464507,12.0663571159471,5.8611683170725,0.229450961246025
2023,"SSA_00071",25.9539608049957,23.487989428582,17.3227695747309,12.4154636958361,6.09095848607049,0.576697573523208
2023,"SSA_00072",26.59723340573,23.9379086801741,17.7801089403114,12.2316495176974,5.98483021910618,0.387290256099407
2023,"SSA_00073",24.1181534129236,22.3712462685139,16.810495954869,11.6435057436646,5.70988522720576,0.0700343101637874
2023,"SSA_00076",26.7925557420992,23.9979775732479,17.9334745741522,12.3747111074284,5.93705569272428,0.15548718784704
2023,"SSA_00077",23.9026652563599,22.0684826833316,16.7891130935024,11.6999011702747,5.80593927971479,0.315105658318061
2023,"SSA_00078",24.2933359980046,22.27443973174,16.4656276285686,11.8610124641854,5.77061011021289,0.274349179519176
2023,"SSA_00081",27.0262636799048,23.9279116243987,17.9885742168026,12.5053272790926,5.89893638858237,0.230098618476054
2023,"SSA_00082",26.24131459929,24.0184761814324,17.5952537905909,12.4457268544086,6.10428775157729,0.572917364788295
2023,"SSA_00084",26.0590132391271,22.8045812906172,16.778627837854,11.9160426003679,5.66426780361739,0.214963084518876
2023,"SSA_00085",25.6396068236259,22.945583266534,17.3287179548409,12.2332421789067,5.98904005994605,0.343796786417982
2023,"SSA_00086",24.293526470523,21.7852331336745,16.525123614819,11.9882416414941,6.00079752844942,0.334899180765488
2023,"SSA_00087",24.8843941747341,23.0641755714882,17.1711185928577,12.2184586664685,5.91781209740178,0.266726328163766
2023,"SSA_00088",24.0251328469765,21.668353110373,16.5936862393786,11.6932653548748,5.66676151551798,0.282528948419654
2023,"SSA_00089",24.9336964447615,22.2670146376353,16.747118840807,11.8462085587408,5.88505179696429,0.493654544029735
2023,"SSA_00090",25.2731084000856,23.1012316524503,17.2219098195247,12.1994467099927,5.92902216915522,0.133649045679488
2023,"SSA_00092",23.7078779441515,21.3819960268224,16.4646302560227,11.8700441425253,5.80402965346985,0.195435133027605
2023,"SSA_00093",23.6018668382098,21.5284012524471,16.5771535354435,11.6403426624811,5.75939776924516,0.35231012709594
2023,"SSA_00094",24.6516817054476,23.0844576086997,16.9163768326306,12.1266169028268,5.89710859121904,0.436485050140499
2023,"SSA_00095",26.0368628514307,22.8471507550282,17.3792302352107,12.5367564744344,6.00173300807898,0.347486145108175
2023,"SSA_00098",26.3331315275106,23.7122154539632,17.5470864299916,12.3914215059861,5.97151898016429,0.297307431280896
2023,"SSA_00099",24.492465755502,22.2750365355234,16.0332531080834,11.4683006267586,5.66740681206912,0.0633136044443409
2023,"SSA_00100",25.7251176559019,23.3358980632564,17.4167624956958,12.2989278012012,5.97555893769808,0.237968591111396
2023,"SSA_00101",24.3948061135678,21.7493997810278,16.7361348662113,11.6268805403251,5.73559549618667,0.418864593306624
2023,"SSA_00102",25.3243944860916,22.7450039989949,17.3913668069222,12.1428743695973,5.8440158009105,0.377946487856337
2023,"SSA_00103",26.4077199726307,23.2835740365457,17.2634912792749,11.9568628455665,5.8846775869207,0.274344640662135
2023,"SSA_00104",24.637076199752,22.9343308891841,17.1857207096756,12.0968879139903,6.0278319690836,0.383292885690848
2023,"SSA_00106",25.1433827886623,22.6483208384544,17.3008128432511,12.1464097181705,5.93375363123001,0.364951653175429
2023,"SSA_00107",25.6987465089396,23.2296228008642,17.6777062624865,12.3268627937636,6.05786418642116,0.394910359303936
2023,"SSA_00109",24.7323668797341,22.8626126539239,17.0529261017695,12.0612056320135,5.92644310784923,0.168814466172925
2023,"SSA_00111",24.2984418770526,22.9213633009901,17.2656609078814,12.2760657516833,6.07502361640438,0.470966149613227
2023,"SSA_00112",25.1158166718772,23.2324430624607,17.033609744546,12.1829170348602,5.92124593018763,0.319053041917915
2023,"SSA_00114",24.8574665505507,23.1813364237989,17.0967834520424,11.769508397284,5.80864448171835,0.181582918943063
2023,"SSA_00115",23.7278230967023,22.1738083595758,16.6103845526215,11.7594608110075,5.89070309423839,0.454823763648954
2023,"SSA_00116",24.993103214216,22.7792064550596,16.5941510396892,11.8201529537055,5.7305148625268,0.0863280227319294
2023,"SSA_00117",23.5799220518456,22.0372880602318,16.3013931353114,11.3037132920406,5.65894266915422,0.171517914541998
2023,"SSA_00118",23.813414896677,22.1283530680426,16.7313915490168,11.5528674150793,5.77456158186897,0.297384884010054
2023,"SSA_00120",25.3115717049228,22.8133831356457,17.2131035967233,12.1398037234009,5.93395871395194,0.291150533165611
2023,"SSA_00122",24.6771277117429,22.522957727162,17.208409942807,12.237258114612,5.93505797660514,0.370125566852809
2023,"SSA_00124",23.4947437885421,20.5801065324274,15.5960140397608,11.1595604516824,5.61415968895462,0.228098354172153
2023,"SSA_00125",23.2688273762161,20.9931707852668,16.2530128047025,11.7321118171991,5.81761075691437,0.326842692781444
2023,"SSA_00127",25.3287674274294,22.5512400694766,17.0707670731015,12.0060460711218,5.89471041190781,0.344281081936127
2023,"SSA_00129",23.6456188328659,21.818313427424,16.3325304170546,11.6863683624953,5.72352255490617,0.335093965761587
2023,"SSA_00130",24.5719473304023,22.1624859771778,16.5766668337986,11.7898955179839,5.77104960993452,0.338311898511256
2023,"SSA_00131",25.2244074639959,23.0040533419081,17.3771915168395,12.0977113175527,5.98792207916321,0.271268617398139
2023,"SSA_00132",24.3604809174894,21.7610151847728,16.7134898794065,11.9567095875399,5.88354817540584,0.446276825141703
2023,"SSA_00133",24.0422328610653,22.0863800498734,17.0602209494311,12.1929171778156,6.03120004548667,0.629236931106728
2023,"SSA_00134",23.2960937871441,21.3130627902914,16.5017440556599,11.7033013246842,5.9076699057294,0.254348876240491
2023,"SSA_00136",23.6032345987041,20.8798775379393,15.6859678333332,11.1936406991135,5.52650282539666,0.27123213562621
2023,"SSA_00137",24.8158652759116,21.6067190353335,16.5185678979011,11.8766129520847,5.84275987561308,0.330141852915902
2023,"SSA_00140",24.5824566505572,22.2284634884714,17.0484644950391,12.1441703992114,5.9936338821259,0.591544665612811
2023,"SSA_00141",25.1523807249998,22.7188643231729,17.392971615571,12.395636910739,6.23604330723673,0.759195964437762
2023,"SSA_00142",23.4730681164013,21.3683958526543,16.8202401766339,11.5166022020499,5.61729662480204,-0.00992044511912232
2023,"SSA_00143",23.9880083210237,22.4558637327363,17.0724706913471,12.1038808242353,5.88052657023972,0.180512688489978
2023,"SSA_00144",24.0532922250876,20.9124799505802,16.1512730316282,11.7540495705475,5.86795287572957,0.463375285097463
2023,"SSA_00145",24.36090587321,22.5087681704331,16.7643205765088,11.9344236097827,5.83903736691991,0.336930919636447
2023,"SSA_00146",24.2362604053576,22.3962244413098,16.9215899534679,11.741213314784,5.86034239367864,0.323402841455344
2023,"SSA_00147",23.1804410729266,20.8576651833912,15.8089268221676,11.0899655851283,5.59885244810888,0.244633381075276
2023,"SSA_00148",23.4348463200186,21.6038792470013,16.1086859772362,11.6942165841026,5.7146357189218,0.250267287356506
2023,"SSA_00149",24.1955307676092,21.5612258721946,16.5493509578283,11.6931244687357,5.72240869273817,0.349535371219587
2023,"SSA_00150",24.3158364143103,22.237558806456,16.5014436951094,11.5577828841807,5.72036112348552,0.316185029516398
2023,"SSA_00152",24.8105781447039,22.8085022415168,17.1758884073779,12.0312283662955,5.86870433785297,0.187232658203179
2023,"SSA_00153",24.7875807665502,21.9946685329281,16.6589617072983,12.0708395893768,5.91301186798378,0.439192384408373
2023,"SSA_00155",24.9468844044973,22.7242330784969,16.9817345705594,12.2476564931407,5.94228571200598,0.355228510115636
2023,"SSA_00157",24.9939005669502,23.0345774141488,17.2308996600634,12.2944128908598,6.05092618156105,0.594511615445502
2023,"SSA_00158",23.7907263468726,21.2933730092498,16.6393751012678,11.8999279552578,5.9370080472373,0.510927287893072
2023,"SSA_00159",23.540421132428,21.9239131393064,16.9004102888985,11.8204761858328,5.82301288108732,0.37039057674024
2023,"SSA_00161",24.9565813150161,22.9156898668431,17.2925576095886,12.2219534883022,6.06414448289919,0.569930321503702
2023,"SSA_00162",24.1697162802733,21.9719958263832,16.3155211223503,11.733790780471,5.95991572454892,0.488671718313424
2023,"SSA_00163",24.4074751083504,22.1750625435871,16.4541037113857,11.7244375309295,5.83922341119839,0.185993392226419
2023,"SSA_00164",24.7250832459414,21.624471078265,16.6232093554854,11.731376832913,5.74473914396591,0.166078326020636
2023,"SSA_00166",23.2891520508746,21.5863793834799,16.4632795040352,11.5689857594504,5.7780732808204,0.267899988670948
2023,"SSA_00167",24.5754621667208,22.5129313735047,17.1502197539771,12.0861454283509,5.93214524235711,0.310962507592267
2023,"SSA_00168",25.8796266330226,24.1503294910675,17.7865769602517,12.2014258227313,5.85035867193683,0.269536594952636
2023,"SSA_00169",24.775994393561,22.5682993784627,17.0628778465288,12.2325486636991,5.89409980590186,0.210012872915461
2023,"SSA_00170",25.4829616299283,23.2231824593017,16.8992440271356,11.8774639685155,5.72975181137961,0.137805836133503
2023,"SSA_00171",24.0882546171984,22.3159439904363,16.6356959790941,11.6158793802997,5.81034823470882,0.104578017499018
2023,"SSA_00172",24.3995764458661,21.8502911136262,16.5886597977816,11.9835016614458,5.87572618549774,0.438650046637221
2023,"SSA_00174",25.8889644972223,23.5204127528961,17.2885666312813,12.1788045738452,5.86432430390451,0.252796215333825
2023,"SSA_00175",24.0300897125397,21.8149911844634,16.4474304113658,11.8388808456376,5.8685342501876,0.490297425232835
2023,"SSA_00176",23.474589423891,21.342381514934,16.3507728413769,11.5645187630413,5.81305267062829,0.54835879676181
2023,"SSA_00177",25.6752895937551,22.7299533621275,17.2791233793876,12.4356070812201,6.06221952958494,0.276473725061413
2023,"SSA_00181",24.1656165673332,22.0791413014455,16.5302846527225,11.8007949848997,5.83281260233105,0.322464947573377
2023,"SSA_00182",24.3374017235655,22.0219569987175,16.7298799196042,11.6117226621353,5.76925327632693,0.176381567454366
2023,"SSA_00183",24.1658164701013,22.310532121525,16.6128807954339,11.7074839059895,5.90770550756615,0.487644499888612
2023,"SSA_00184",24.5754355018358,22.6386864958779,16.8007771113843,11.855973599444,5.74928387652274,0.134902161935755
2023,"SSA_00185",23.9375158377785,22.0366030012788,16.707288023922,11.6987977451717,5.86781915226319,0.542743510386451
2023,"SSA_00188",23.2006369925966,21.1284979806756,16.4127158839596,11.7547275750552,5.84686346829416,0.455186856963496
2023,"SSA_00189",24.5834018193919,22.205374400524,16.4014308690983,11.8618383036476,5.86046249662964,0.364573211782707
2023,"SSA_00190",24.0403173134769,22.01633049986,16.6611765787601,11.8295437016534,6.06084998734067,0.560006587646602
2023,"SSA_00191",24.8150439425204,22.3797828538453,16.8151993183383,11.6201804185479,5.57720725845041,0.194391171741695
2023,"SSA_00193",25.7518085111105,22.8830376710481,17.1784195107669,12.167318389253,5.94376992461924,0.34726109687817
2023,"SSA_00194",23.3396700373785,21.5797063476052,16.2786875712261,11.6881513563716,5.96764717721503,0.592072028201422
2023,"SSA_00196",24.8862471158101,22.9517307189654,17.2400236447966,12.0601126384283,5.9225456262701,0.275119300173398
2023,"SSA_00198",25.9274392912253,23.540020284091,17.067739084725,11.8671260016629,5.77692442390115,0.320596981418538
2023,"SSA_00199",25.5021710513594,22.9801226686887,17.4411892684997,12.3741669751068,6.09244416019403,0.58699011797372
2023,"SSA_00200",25.7621127260215,22.9316156306706,17.1417545025353,12.1530652375645,5.86471261302535,0.31754530918824
2023,"SSA_00202",NA,NA,NA,NA,NA,NA
2023,"SSA_00203",24.0782103393651,22.2771595665347,16.9989739132688,11.8747427759088,5.78498766515798,0.227659315820745
2023,"SSA_00205",22.9159097991872,21.1198589966367,16.0398451367825,11.8137492626384,6.05811054790069,0.716617520261751
2023,"SSA_00207",22.9556034558935,21.4322320346092,16.0011901748542,11.748612167993,5.64505174095222,0.402943669107002
2023,"SSA_00208",NA,NA,NA,NA,NA,NA
2023,"SSA_00210",24.545062451707,22.1634682008329,16.67013258346,11.9266904263124,5.89491727448371,0.320606019960913
2023,"SSA_00211",24.7870452313454,22.6051741888003,16.9047759517526,11.9811085171814,5.87284252971868,0.291391679657844
2023,"SSA_00212",22.9891010692208,20.6623158537778,15.9080257776331,11.5411728884342,5.65608551610265,0.364670268500936
2023,"SSA_00213",23.7077177241832,20.8518511723027,16.2951735796981,11.4459617170185,5.66593344787006,0.212454683959138
2023,"SSA_00215",25.8335051283681,22.7781959538776,16.8011677373332,12.0702442557073,5.9496667736778,0.319585061295102
2023,"SSA_00217",24.0664028077955,21.6884756565581,16.2989763945654,11.6560791583652,5.8542295637021,0.432687650322168
2023,"SSA_00218",23.8268583653292,21.666233735347,16.3612438515986,11.6613092704691,5.90561998928985,0.435223929865477
2023,"SSA_00219",25.6095178422278,23.0817812445394,17.1348508896169,12.0786548227527,6.00402977223691,0.283648796647621
2023,"SSA_00220",23.5424738565178,21.5491806940737,16.3351328469113,11.5918436255331,5.73260921507543,0.297830899391181
2023,"SSA_00221",25.2476547132799,22.8584781088631,17.1567558500727,12.2407149585644,6.020250082357,0.509606586145943
2023,"SSA_00223",23.3723213586675,21.5987604907818,16.7412281160659,11.9361663117539,5.87681570854279,0.217922770275786
2023,"SSA_00224",24.0430513193825,22.0626761100857,16.5438842586374,11.7679804600257,5.79738667041128,0.281198742657384
2023,"SSA_00225",24.7341427505382,22.1493839559972,17.0477596312757,11.7041502333658,5.85993769716058,0.412470303091953
2023,"SSA_00226",25.8842277308278,24.0371254388174,17.6008046343866,12.5962016498437,6.08422277037443,0.209817938904379
2023,"SSA_00228",24.2006660524582,22.3702598576555,17.1260620775566,12.2185874354818,5.98607268427295,0.352787473369378
2023,"SSA_00230",24.4521337746511,22.9288223594628,16.8558016276307,11.9464562189262,5.8643560994047,0.260941191751886
2023,"SSA_00231",24.569006573687,22.3771538538458,16.5229798060259,11.8010870308102,5.7766057564444,0.0850921346899679
2023,"SSA_00232",23.7477136530324,22.1554863052658,16.3900551460024,11.6118067983959,5.71431615837393,0.201100601008411
2023,"SSA_00233",25.2726057345879,23.3957296236795,17.3742090351271,12.3777180287292,6.046584545953,0.213964404361749
2023,"SSA_00234",24.9677528601459,23.0343081259309,17.217954020875,11.9918911543102,5.83603185154806,0.285333853654623
2023,"SSA_00236",24.4598498665573,22.6205732447737,16.9502050586516,12.1159112229257,6.10508804650615,0.624036207456808
2023,"SSA_00237",25.1284012633769,22.5858917491124,17.0399804180076,11.9799029474794,5.82457041439944,0.305746184001008
2023,"SSA_00242",24.5936054221602,22.3959277057775,17.0281366493209,12.14592827372,5.79256558172483,0.241442714025798
2023,"SSA_00243",23.6546075111432,22.1413914996461,16.3672242587972,11.7542718731992,5.74929567461633,0.267761291868027
2023,"SSA_00244",25.44674420996,22.9186098189278,17.2374001957759,11.981258445643,6.11367503268284,0.434978173238086
2023,"SSA_00245",25.2694578274703,22.5799523095052,16.7204847781992,11.6712819137571,5.79136848114356,0.284060683766356
2023,"SSA_00246",24.9649288163844,22.8415273210927,17.513855586914,12.2409006878419,5.9762736282333,0.456356329121444
2023,"SSA_00247",25.7108935325417,23.2193213333058,17.289534868912,12.1721396746237,6.08796080340348,0.518123580183708
2023,"SSA_00248",24.1998898159262,22.5199588702855,16.9587407952294,11.9653592443511,5.83732658614637,0.252384624922329
2023,"SSA_00249",24.5415002901389,22.0287734981559,16.7709582402308,11.7864331328076,6.04332482397725,0.62945093716884
2023,"SSA_00250",23.8394708178147,21.5679167461725,16.3018753599804,11.6012875211049,5.72287095773734,0.240617477971403
2023,"SSA_00252",24.8443165414297,22.5454616708201,16.9647109366746,12.1527030282123,6.06622018530123,0.501881203326967
2023,"SSA_00253",24.8347920145691,22.7505500829559,17.2405284189235,11.9753849295546,5.87619746798988,0.265395024427082
2023,"SSA_00255",25.3757043328663,22.6686122807882,16.8853403550228,11.8295833827167,5.91975945344054,0.18469706208054
2023,"SSA_00256",24.4994011772408,21.9360216605027,16.4765135724042,11.7368699247048,5.75720023217014,0.203715859242197
2023,"SSA_00257",25.0641027538649,23.0644775217043,16.9208341018194,12.0388860080943,5.86152387708344,0.138948733489996
2023,"SSA_00258",26.0028993107357,23.4591387174049,17.4616629409724,11.8600656654864,5.6772972359815,0.0681960832381879
2023,"SSA_00259",23.6739623294491,21.4626651850577,16.2775477785275,11.4845647647905,5.73165410142551,0.167077203565289
2023,"SSA_00261",25.4017456731635,23.2157059360842,17.2069058495065,12.3847979948399,6.11056254397469,0.443118695252971
2023,"SSA_00263",25.0958318039406,22.7335051943522,17.1712340171497,12.1524805032471,5.91497984961969,0.256525026226931
2023,"SSA_00264",23.8931508321703,21.7078504679731,16.2030010356002,11.6396992627,6.02768988552338,0.699528953976769
2023,"SSA_00265",25.2597858976802,22.3150684966813,16.3189079447594,11.6586904153583,5.62773367768588,0.0289786387595069
2023,"SSA_00266",26.4564203760897,23.7740417635751,17.5455942654876,12.4495197619913,6.03808646703523,0.262019693262599
2023,"SSA_00267",24.1301732482862,22.0113037783353,16.5990375830949,12.0107869210809,5.85492936029906,0.240873762650639
2023,"SSA_00268",23.292150439728,21.3886041273021,16.6442064083631,11.5563700358345,5.84198796018748,0.286324406600869
2023,"SSA_00269",23.913132407,21.7422394224217,16.3261936441259,11.6567735569718,5.93604946955083,0.375649385314679
2023,"SSA_00272",24.6672696656424,22.9129620844827,16.9739473871306,12.0024797837705,5.98746873912807,0.495719001635234
2023,"SSA_00273",25.3462208907501,22.8259790852915,16.9019285415596,12.2036756890122,5.93159612626455,0.312883907938248
2023,"SSA_00274",26.8964527047719,24.3344005568323,18.1121086388966,12.3983554687014,5.93781015224605,0.212000748402862
2023,"SSA_00276",23.8853924866638,21.6696872557051,16.8469086188222,11.7152778146289,5.95798218276767,0.294783408020857
2023,"SSA_00277",24.918157023403,22.5392129441498,16.8711889284041,11.838806588421,5.81043882495113,0.266563185840093
2023,"SSA_00278",24.3476645388429,22.34141878241,16.5019552585997,11.5641314887297,5.74585678237741,0.241093641182227
2023,"SSA_00280",24.266804653085,22.3318445532289,16.8352753076025,11.9712231622175,5.81657494800546,0.358763132577231
2023,"SSA_00281",25.5915922876624,23.2473160915948,17.3665097361418,12.2730084388117,6.01288884163634,0.287985248186126
2023,"SSA_00282",23.1983761795688,21.4834386449557,16.6807631731874,11.5996740308252,5.79688589896766,0.306131635939551
2023,"SSA_00283",25.3221426715799,23.3861710236713,17.2971748018638,12.1611617608648,6.00745435543607,0.327779888346774
2023,"SSA_00284",26.1904776154284,23.2922820328152,17.633906731903,12.2666158331999,5.86652966341151,0.266128624493194
2023,"SSA_00285",23.9561848522165,22.218794395844,16.6086609516015,11.814273550466,5.84418807299715,0.237716388524517
2023,"SSA_00287",23.3691027678388,21.7179139898937,16.2864651977982,11.6960385379459,5.92268766535144,0.415378071459408
2023,"SSA_00288",24.382224407033,21.7835070906389,16.3777704691159,11.6122865458507,5.74579344178522,0.144722918589734
2023,"SSA_00289",23.2534589149566,20.7943619739507,16.336546881099,11.5857684994254,5.93096107320705,0.385472168164589
2023,"SSA_00290",23.5558163967174,20.8379968522669,15.9230296441879,11.2451546453488,5.64618827468285,0.190440363449861
2023,"SSA_00291",25.477247380747,22.9249223948006,17.3562764005908,11.983069847199,5.86162413723559,0.331540067138505
2023,"SSA_00292",24.4474771578458,22.4818358041298,16.818773374443,11.7358195426728,5.9223377336534,0.185827837005239
2023,"SSA_00293",23.9681380031235,21.5755961738902,16.5689114927282,11.5410439940721,5.67974895002602,0.249492389671309
2023,"SSA_00294",24.2036868952626,22.0563625905969,16.5234577594813,12.115664804435,5.88794217924391,0.462350874685992
2023,"SSA_00295",24.0954569326445,22.2929635029962,16.6795508950275,11.7890671494969,5.78987425671796,0.294043084698758
2023,"SSA_00296",24.0176393070765,21.8961133707885,16.5098672089059,11.7640818396325,5.95525748977052,0.417136660828853
2023,"SSA_00297",25.5273685723841,23.7254048636419,17.0481002470663,12.4490386894145,5.99438805678083,0.549732025996151
2023,"SSA_00298",24.8479548140038,22.3193307895699,16.6800305398184,11.7757618183752,5.59436765233483,0.105013979159199
2023,"SSA_00300",25.5814325090208,23.1187866422661,17.0890357309982,12.0874633345148,5.89554472428044,0.295115195125828
2023,"SSA_00301",23.6980753886705,21.4114409073552,16.4822894680725,11.8070487039433,5.77437057013828,0.40254810586496
2023,"SSA_00302",25.0641133085933,22.6816040830058,16.3569816531662,11.7593125733912,5.60785637700139,0.0611714370632708
2023,"SSA_00303",24.7252758695702,22.8427560018398,16.963700195091,11.9340106192908,5.76989449224801,0.250801281674666
2023,"SSA_00305",25.1108760908731,22.6853994303593,17.1729663512756,12.0803595554818,5.88330179539769,0.292673124777658
2023,"SSA_00306",25.097591726749,22.7905737005462,17.3151457735143,11.9447453288983,5.86554002207857,0.405849977888353
2023,"SSA_00307",24.3726582130616,21.9948322428338,16.5676609013208,11.4104748998209,5.6306741125708,0.229115292117794
2023,"SSA_00308",23.2581502962141,21.1082271528184,15.7796517446578,11.3212423719947,5.61159485163911,0.407467698691255
2023,"SSA_00309",23.8562118833291,21.1084078233492,16.1709520962247,11.4239819070869,5.93153009032369,0.412451824669379
2023,"SSA_00311",24.0943516661988,21.673817154608,16.618525795967,11.6456967185897,5.72939541114853,0.212197454894923
2023,"SSA_00313",24.5013019437573,21.7222778279567,16.8427724852896,11.8603057964651,5.89450490148455,0.46877528762068
2023,"SSA_00314",22.4452365953978,20.4457118353225,15.8869394914544,11.3303811246729,5.68555606176638,0.466283443508159
2023,"SSA_00315",24.1444577694961,22.504607580466,16.887658422109,11.9278404983674,5.88103122671557,0.289676114399092
2023,"SSA_00316",24.9615446021847,22.7110128617708,17.2248623062748,12.1060583466615,6.00239957861498,0.454424397535208
2023,"SSA_00317",26.5767372584668,24.1204518029404,17.6419238015816,12.4094432961547,6.02948168857187,0.126433661121906
2023,"SSA_00318",23.3782990165009,21.0208353055103,16.0470500766718,11.4398437663766,5.71366499110412,0.357928255968355
2023,"SSA_00337",24.622271588853,22.1733170402816,16.6684054094586,11.9674881835702,5.98831722040181,0.378720788356099
2023,"SSA_00338",25.6216374976008,23.2427685251304,17.6416325661175,12.1589739546934,5.92026889730899,0.153031788805591
2023,"SSA_00339",25.7890768889142,23.4233783179455,17.44917721342,12.3646908923319,6.09049303270857,0.468235767430077
2023,"SSA_00341",26.0554676726081,22.752711162669,17.3347718444091,12.5281034706339,5.98998457475577,0.341567535597922
2023,"SSA_00343",25.5189585565283,23.402259347533,17.4896818781341,12.3457781173945,6.00575348867306,0.413823359302604
2023,"SSA_00344",25.2864298615229,22.6392351899895,16.9330157295767,11.9875244936994,5.91063046282352,0.450566170827448
2023,"SSA_00346",25.0661832043186,22.8717992240341,16.9608579780844,12.1267075783575,5.96770599531748,0.270811014632176
2023,"SSA_00353",24.6083848185009,22.3924674295216,17.2838676762221,12.1670936559804,6.0480235723666,0.387732069548186
2023,"SSA_00354",23.8569216006574,21.9865577271669,16.7326568506167,11.7817586748067,5.91165451512578,0.288412015252949
2023,"SSA_00366",24.8309696319938,22.5872516776205,16.998410230938,12.0100614029717,5.81093976585148,0.289866105412841
2023,"SSA_00369",23.4308175956765,21.839955471119,16.3076065475938,11.4059218357234,5.58533511384976,0.00708533726243477
2023,"SSA_00376",NA,NA,NA,NA,NA,NA
2023,"SSA_00380",23.3069317476092,21.7924285513942,16.7905317653208,11.8378041046748,5.89803981850227,0.236921904813185
2023,"SSA_00386",25.0306500991065,23.0320196543276,17.0148671783961,12.0479455843394,5.8608348851878,0.182363280021075
2023,"SSA_00395",26.2149196687934,23.7899502323993,17.5199439826622,12.3638266595713,5.98096551509045,0.322070333012998
2023,"SSA_00403",25.1391564238036,22.6365828908882,17.3558402019303,11.9723358572313,5.92363526166522,0.316497714447781
